name,type
10%、20%、30%脂肪乳注射液,西药
18种氨基酸注射液,西药
23—价肺炎球菌多糖疫苗,西药
23价肺炎球菌多糖疫苗注射液,西药
64排螺旋CT检查,诊疗技术及设备（治疗）
654—2,西药
707,中成药
999,西药
A—V综合征,疾病
A组链球菌感染,疾病
BP素,西药
b型流感嗜血杆菌结合疫苗,西药
B型流感嗜血杆菌结合菌苗注射液,西药
B族链球菌感染,疾病
B链球菌群感染,疾病
CT平扫,诊疗技术及设备（治疗）
CT血管成像,诊疗技术及设备（治疗）
ETINOLINE爱纳灵,西药
goodpasture综合征,疾病
Goodpasture综合征,疾病
HCO3—重吸收试验,诊疗技术及设备（治疗）
HIV相关呼吸道感染,疾病
HUGHES—STOVIN综合征,疾病
Inj.FDP,西药
I型超敏反应性疾病,疾病
Kartagener综合征,疾病
L—门冬氨酸氨氯地平片,西药
Marie—Bamberger综合征,疾病
Nezelof综合征,疾病
Optochin敏感试验,诊疗技术及设备（治疗）
Pancoast综合征,疾病
poems综合征,疾病
Q热,疾病
Q热肺炎,疾病
S20140002,西药
Tab.SMZco,西药
T淋巴细胞亚群检查,诊疗技术及设备（治疗）
Wegner肉芽肿伴发的葡萄膜炎,疾病
X—连锁无丙种球蛋白血症,疾病
X线碘油造影,诊疗技术及设备（治疗）
α—1抗胰蛋白酶缺乏症,疾病
α硫辛酸注射液,西药
ω3鱼油脂肪乳注射液,西药
ω—3鱼油中/长链脂肪乳注射液,西药
一君,西药
一品,西药
一孚晴,西药
一平苏,西药
一捻金胶囊,中成药
一氧化碳中毒,疾病
一清软胶囊,中成药
一点红,中草药
一点血,中草药
一秒用力呼气量,诊疗技术及设备（治疗）
一般摄片检查,诊疗技术及设备（治疗）
丁丙诺啡透皮贴剂,西药
丁二酸洛沙平胶囊,西药
丁悦,西药
丁林美,西药
丁溴东莨菪碱注射液,西药
丁溴东莨菪碱胶囊,西药
丁立安,西药
丁舒,西药
丁苯酞氯化钠注射液,西药
丁茄,中草药
丁贺,西药
丁那,西药
丁香蓼,中草药
七价肺炎球菌结合疫苗,西药
七叶苷水解试验,诊疗技术及设备（治疗）
七味沙参汤散,中成药
七氟烷,西药
万他维,西药
万仪,西药
万佶,西药
万信,西药
万可松,西药
万复洛,西药
万夫洛,西药
万悦,西药
万托林,西药
万敏新,西药
万普定,西药
万汶,西药
万祥,西药
万祺,西药
万络,西药
万联福宁,西药
万艾可,西药
万苏平,西药
万赛维,西药
万辅,西药
万迅,西药
万适宁,西药
万通,中成药
三七,中草药
三七粉,中成药
三七血伤宁胶囊,中成药
三九君必沙,西药
三代显,西药
三倍可利,西药
三协唯,西药
三号蛇胆川贝片,中成药
三味止咳片,中成药
三子养亲汤,中成药
三子止咳膏,中成药
三子止咳胶囊,西药
三尖杉,中草药
三尖杉酯碱注射液,西药
三拗片,中成药
三清胶囊,中成药
三磷酸胞苷二钠注射液,西药
三磷酸腺苷二钠—氯化镁注射液,西药
三磷酸腺苷二钠注射液,西药
三精,西药
三维康,西药
三蛇胆川贝糖浆,西药
三蛇胆川贝膏,中成药
上呼吸道感染,疾病
上气道梗阻,疾病
上清胶囊,中成药
上生,西药
上皮样囊肿,疾病
上皮样血管内皮细胞瘤,疾病
上腔静脉受压综合征,疾病
上腔静脉综合征,疾病
不动杆菌感染,疾病
不动杆菌肺炎,疾病
世保扶,西药
世扶尼,西药
世普欢,西药
世福素,西药
丘疹坏死性结核疹,疾病
丙戊酸钠口服溶液,西药
丙戊酸钠缓释片,西药
丙氨酰—谷氨酰胺注射液,西药
丙泊酚中/长链脂肪乳注射液,西药
丙泊酚注射液,西药
丙硫异烟胺片,西药
丙硫异烟胺肠溶片,西药
丙硫氧嘧啶片,西药
丙硫氧嘧啶肠溶片,西药
丙硫氧嘧啶肠溶胶囊,西药
丙酸交沙霉素干糖浆,西药
丙酸交沙霉素颗粒,西药
丙酸倍氯米松气雾剂,西药
丙酸倍氯米松粉雾剂,西药
丙酸氟替卡松吸入气雾剂,西药
丙酸氟替卡松鼻喷雾剂,西药
业立宁,西药
东山感冒片,中成药
东日,西药
东易,西药
东梅止咳颗粒,中成药
东港天乐,西药
东药,西药
东莨菪碱贴片,西药
东菱美松,西药
东菱迪芙,西药
东风橘,中草药
丝瓜子,中草药
严克仙,西药
严力达,西药
严宁,西药
严新,西药
严迪,西药
中/长链脂肪乳注射液,西药
中/长链脂肪乳注射液（C6—24）,西药
中/长链脂肪乳注射液（C8—24）,西药
中/长链脂肪乳注射液（C8～24）,西药
中东呼吸综合征,疾病
中佳太,西药
中叶综合征,疾病
中宝伊格,西药
中宝叶宁,西药
中宝奇力,西药
中宝洛泰,西药
中宝索迪,西药
中性粒细胞减少性发热,疾病
中毒,疾病
中畅,西药
中诺克奇,西药
中诺克林,西药
中诺克迪,西药
中诺奇奥,西药
中长链脂肪乳注射液（C6～24）,西药
丰海能,西药
丰迪,西药
丹参注射液,中成药
丹参滴注液,中成药
丹参酮IIA磺酸钠注射液,西药
丹奥,西药
丹梦,西药
丹沅,西药
丹溪玉屏风颗粒,中成药
丹皮酚磺酸钠注射液,西药
丹红注射液,西药
丹芎通脉颗粒,中成药
丹葶肺心颗粒,中成药
丹蒌片,中成药
丹薇,西药
丹香冠心注射液,中成药
丹黄祛瘀胶囊,中成药
为力苏,西药
主—肺动脉隔缺损,疾病
丽奥佳,西药
丽扶欣,西药
丽珠刻乐,西药
丽珠因得福,西药
丽珠奇乐,西药
丽珠感乐,西药
丽珠星,西药
丽珠维三联,西药
丽申宝,西药
丽科乐,西药
丽科伟,西药
丽科吉,西药
丽科明,西药
丽科杰,西药
丽科欣,西药
丽科清,西药
丽芝,西药
丽诺生,西药
乃平,西药
乃迪,西药
久保克,西药
久悦,西药
久诺,西药
久邦,西药
久金,中成药
之乐,西药
乌体林斯,西药
乌头碱类中毒,疾病
乌拉地尔氯化钠注射液,西药
乌拉地尔注射液,西药
乌拉地尔缓释胶囊,西药
乌拉地尔葡萄糖注射液,西药
乌梅,中草药
乐亢,西药
乐健素,西药
乐佰欣,西药
乐元,西药
乐克沙,西药
乐净,西药
乐凡命,西药
乐加,西药
乐友,西药
乐唯,西药
乐喜清,西药
乐孚亭,西药
乐宝得,西药
乐尔泰,西药
乐度,西药
乐息平,西药
乐朗,西药
乐来,西药
乐松,西药
乐沙定,西药
乐派,西药
乐灵,西药
乐甲,西药
乐疾宁,西药
乐知苹,西药
乐维静,西药
乐美奇,西药
乐舒凡,西药
乐芬,西药
乐芮,西药
乐菲,西药
乐贝新,西药
乙水杨胺片,西药
乙磺酸尼达尼布软胶囊,西药
乙胺利福异烟片,西药
乙胺吡嗪利福异烟片（II）,西药
乙酰半胱氨酸泡腾片,西药
乙酰半胱氨酸注射液,西药
乙酰半胱氨酸片,西药
乙酰半胱氨酸胶囊,西药
乙酰半胱氨酸颗粒,西药
乙酰吉他霉素含片,西药
乙酰吉他霉素片,西药
乙酰吉他霉素胶囊,西药
乙酰吉他霉素颗粒,西药
乙酰水杨酸孕烯诺龙片,西药
乙酰螺旋霉素片,西药
乙酰螺旋霉素胶囊,西药
乙酰麦迪霉素干混悬剂,西药
九仙散,中成药
九味双解口服液,中成药
九维片,西药
九龙解毒胶囊,中成药
乳头状腺瘤,疾病
乳汁吸入性肺炎,疾病
乳痨,疾病
乳糖酸克拉霉素胶囊,西药
乳糖酸阿奇霉素注射液,西药
乳糜胸,疾病
乳酸加替沙星氯化钠注射液,西药
乳酸司帕沙星片,西药
乳酸左氧氟沙星分散片,西药
乳酸左氧氟沙星氯化钠注射液,西药
乳酸左氧氟沙星注射液,西药
乳酸左氧氟沙星片,西药
乳酸左氧氟沙星胶囊,西药
乳酸左氧氟沙星葡萄糖注射液,西药
乳酸性酸中毒,疾病
乳酸氟罗沙星片,西药
乳酸环丙沙星氯化钠注射液,西药
乳酸环丙沙星注射液,西药
乳酸米力农注射液,西药
乳酸钠林格注射液,西药
乳酸钠注射液,西药
了哥王根,中草药
了哥王片,中成药
了哥王胶囊,中成药
争欣,西药
二乙酰氨乙酸乙二胺氯化钠注射液,西药
二乙酰氨乙酸乙二胺注射液,西药
二十五味肺病丸,中成药
二十五味肺病胶囊,中成药
二巯丙磺钠注射液,西药
二母宁嗽口服液,中成药
二母宁嗽片,中成药
二母宁嗽颗粒,中成药
二母清肺丸,中成药
二氧化氮中毒,疾病
二氧化硫中毒,疾病
二氧化碳中毒,疾病
二氧化碳总量（TCO2）检查,诊疗技术及设备（治疗）
二氮嗪注射液,西药
二甲双胍马来酸罗格列酮片,西药
二甲苯磺酸拉帕替尼片,西药
二盐酸奎宁注射液,西药
二硫化碳中毒,疾病
二羟丙茶碱氯化钠注射液,西药
二羟丙茶碱注射液,西药
二羟丙茶碱片,西药
二羟丙茶碱葡萄糖注射液,西药
二陈丸,中成药
二陈汤,中成药
云南白药,西药
云南白药胶囊,西药
云南红药胶囊,中成药
云草舒肺口服液,西药
五倍子,中草药
五加芪菊颗粒,中成药
五味子颗粒,中成药
五味沙棘散,中成药
五味沙棘颗粒,西药
五指毛桃,中草药
五氯酚钠中毒,疾病
五淋丸,中成药
五粒回春丸,中成药
亚健康人群体检,诊疗技术及设备（治疗）
亚力希,西药
亚叶酸钙氯化钠注射液,西药
亚叶酸钙注射液,西药
亚叶酸钙片,西药
亚复欣,西药
亚宁定,西药
亚宝力可,西药
亚宝力舒,西药
亚宝欣,西药
亚思达,西药
亚斯克平,西药
亚泰康派,中成药
亚泰康达先,西药
亚洁,西药
亚甲蓝注射液,西药
亚硝酸盐中毒,疾病
亚硝酸钠注射液,西药
亚莫利,西药
亚邦强生,西药
亚邦恒贝,西药
亚邦爱普森,西药
交沙霉素片,西药
交沙霉素胶囊,西药
交沙霉素颗粒,西药
亦欧青,西药
亦清,西药
产后喘促,疾病
亨杰,西药
京制咳嗽痰喘丸,中成药
京坦松,西药
京康,西药
京必舒新,西药
京瑞,西药
京瑞克,西药
京瑞凌,西药
京瑞星,西药
京瑞林,西药
京瑞欣,西药
京都念慈菴蜜炼川贝枇杷膏,中成药
亮博,西药
亮菌甲素注射液,西药
亮跃,西药
人中白,中草药
人参保肺丸,中成药
人参补气胶囊,中成药
人工牛黄甲硝唑胶囊,西药
人感染禽流感,疾病
人类免疫缺陷病毒[HIV]病,疾病
人胎盘脂多糖注射液,西药
人血白蛋白,西药
人血白蛋白注射液,西药
亿代,西药
亿恒,西药
亿汶,西药
亿活,西药
亿菲,西药
亿迈林,西药
仁康,西药
仁怡,西药
仁悦,西药
仁欣,西药
仁舒,西药
仁苏,西药
今又生,西药
今多新,西药
今辰,西药
今达,西药
介宁,西药
他克欣,西药
他克莫司注射液,西药
他克莫司胶囊,西药
他克莫司软膏,西药
他唑仙,西药
他巴唑,西药
他格适,西药
仙力素,西药
仙必他,西药
仙特明,西药
仙蟾片,中成药
仙鹤草,中草药
仙鹿口服液,中成药
仟德,西药
代宁,西药
代斯,西药
代特,西药
代芳,西药
代谢性酸中毒,疾病
仲维,西药
任捷Xyntha,西药
伉尔纾宁,西药
伊利欣,西药
伊康宁,西药
伊捷卡,西药
伊曲康唑分散片,西药
伊曲康唑口服液,西药
伊曲康唑注射液,西药
伊曲康唑胶囊,西药
伊曲康唑颗粒,西药
伊泰青,西药
伊班膦酸注射液,西药
伊班膦酸钠注射液,西药
伊瑞,西药
伊瑞可,西药
伊维菌素片,西药
伊维菌素胶囊,西药
伊缓,西药
伊美雅,西药
伊芬,西药
伊诺欣,西药
伊诺舒,西药
伊贝母,中草药
伊达力,西药
伊迈格,西药
伏乐新,西药
伏立康唑分散片,西药
伏立康唑片,西药
伏立康唑胶囊,西药
伏立特,西药
伏络清,西药
休克型肺炎,疾病
众生丸,中成药
众生片,中成药
众生胶囊,中成药
众益美松,西药
优一欣,西药
优乐新,西药
优伦,西药
优克,西药
优克欣,西药
优利福,西药
优博23,西药
优宁,西药
优尼,西药
优布丁,西药
优帝尔,西药
优得克,西药
优思灵,西药
优普同,西药
优普林,西药
优普罗康,西药
优朋,西药
优泌乐,西药
优泌乐25,西药
优泌乐50,西药
优泌林,西药
优泌林·Hjnxtlin*R,西药
优泽,西药
优立新,西药
优诺,西药
优诺安,西药
优诺平,西药
优赛明,西药
会厌囊肿,疾病
会厌炎,疾病
伟乐司,西药
伟特,西药
伤风停片,中成药
伤风停胶囊,中成药
伤风感冒冲剂,中成药
伤风感冒颗粒,中成药
伤风止咳糖浆,西药
伪麻滴剂（婴幼儿用）,西药
伯克纳,西药
伯基,西药
伯尔定,西药
伯舒,西药
伲利安,西药
伽玛,西药
低分子右旋糖苷,西药
低分子右旋糖酐氨基酸注射液,西药
低分子量肝素钠注射液,西药
低氧血症,疾病
低温症,疾病
佐乐辛,西药
佐凯,西药
佐朋,西药
佐派欣,西药
体位检查,诊疗技术及设备（治疗）
佛迪,西药
佩乐能,西药
佩尔,西药
佰仁,中成药
佰美诺,西药
佰达图,西药
佳丹,西药
佳乐同康,西药
佳乐同欣,西药
佳乐同泰,西药
佳伊可,西药
佳优,西药
佳倍敏,西药
佳利克,西药
佳名,西药
佳和洛,西药
佳尔纳,西药
佳息患,西药
佳择,西药
佳林豪,西药
佳洛坦,西药
佳维乐/GALVUS,西药
佳美,西药
佳苏仑,西药
佳菲,西药
佳蓉片,中成药
佳迪,西药
使尔通,西药
依他停,西药
依他尼酸片,西药
依伦定,西药
依伴侬,西药
依信,西药
依倍,西药
依克沙,西药
依利康,西药
依可力,西药
依叶,西药
依尔松,西药
依思汀,西药
依托咪酯注射液,西药
依托咪酯脂肪乳注射液,西药
依托度酸片,西药
依托度酸缓释片,西药
依托度酸胶囊,西药
依托泊苷注射液,西药
依托泊苷胶囊,西药
依托泊苷软胶囊,西药
依托红霉素混悬液,西药
依托红霉素片,西药
依托红霉素胶囊,西药
依托红霉素颗粒,西药
依托考昔片,西药
依折麦布片,西药
依折麦布辛伐他汀片,西药
依星,西药
依普定,西药
依曲韦林片,西药
依木兰,西药
依林,西药
依特,西药
依琼,西药
依维莫司片,西药
依能森,西药
依芬,西药
依苏,西药
依西美坦片,西药
依西美坦胶囊,西药
依诺沙星注射液,西药
依诺沙星片,西药
依诺沙星胶囊,西药
依诺肝素钠注射液,西药
依诺达,西药
依达拉奉注射液,西药
依那普利氢氯噻嗪分散片,西药
依那普利氢氯噻嗪片,西药
依降钙素注射液,西药
依静,西药
侧柏叶,中草药
俊宁,西药
保妥适,西药
保安万灵丹（丸）,中成药
保施泰,西药
保法止,西药
保童化痰丸,中成药
保英,西药
保辛素,西药
保达新,西药
信依生,西药
信利妥,西药
信力威,西药
信卫安,西药
信希汀,西药
信必可都保,西药
信普瑞,西药
信流丁,西药
信立欣,西药
信谊,西药
信达康,西药
信邦,西药
修正,中成药
修美乐,西药
倍乐信,西药
倍他乐克,西药
倍他米松乳膏,西药
倍他米松片,西药
倍他米松磷酸钠注射液,西药
倍利,西药
倍博特,西药
倍司特克,西药
倍尔来福,西药
倍平,西药
倍恩,西药
倍林达,西药
倍沙,西药
倍泰龙,西药
倍珞,西药
倍美力,西药
倍能,西药
倍舒林,西药
倍芬,西药
倍诺喜,西药
倍赛他,西药
倍迪宁,西药
倍通,西药
倍顺,西药
倒罐子根,中草药
假单胞菌感染,疾病
假性麦格综合征,疾病
健儿糖浆,中成药
健天能,西药
健奇,西药
健尼哌,西药
健择,西药
健方能,西药
健澳,西药
健白,西药
健肺丸,中成药
健肾益肺颗粒,中成药
健脾润肺丸,中成药
傲地,西药
傲坦,西药
傲宁,西药
傲承,西药
傲群,西药
儿咳糖浆,中成药
儿感清口服液,西药
儿童X—连锁高IgM血症,疾病
儿童先天性肺动脉瓣狭窄,疾病
儿童军团病肾病,疾病
儿童咳液,西药
儿童咳颗粒,中成药
儿童回春颗粒,中成药
儿童急性喉炎,疾病
儿童支气管镜检查,诊疗技术及设备（治疗）
儿童普通变异型免疫缺陷,疾病
儿童期哮喘,疾病
儿童清肺口服液,中成药
儿童睡眠障碍,疾病
儿童肺出血—肾炎综合征,疾病
儿童肺功能检查,诊疗技术及设备（治疗）
儿童获得性免疫缺陷综合征,疾病
儿童韦格纳肉芽肿病,疾病
儿茶,中草药
元欣,西药
元治,西药
元齐,西药
充血性心力衰竭,疾病
先伍,西药
先力腾,西药
先可诺,西药
先天性动静脉瘘,疾病
先天性后鼻孔闭锁,疾病
先天性喉喘鸣,疾病
先天性喉裂,疾病
先天性喉蹼,疾病
先天性喉闭锁,疾病
先天性囊状腺样畸形,疾病
先天性声带发育不良,疾病
先天性声门下狭窄,疾病
先天性小喉,疾病
先天性气管发育异常,疾病
先天性气管食管瘘,疾病
先天性环状束带,疾病
先天性肺不发育或发育不全,疾病
先天性肺动静脉瘘,疾病
先天性肺囊肿,疾病
先天性胸腹裂孔疝,疾病
先天性膈疝,疾病
先天性鼻咽部狭窄及闭锁,疾病
先定,西药
先强严灵,西药
先泰,西药
先派,西药
先清,西药
先福吡兰,西药
先锋美他醇,西药
先锋霉素IV号,西药
先锋霉素VI号,西药
先锋霉素V号,西药
光线性弹力纤维病,疾病
克严力,西药
克之胶囊,西药
克倍宁,西药
克力芝,西药
克咳片,中成药
克咳胶囊,中成药
克唑替尼胶囊,西药
克因达,西药
克尼邦,西药
克度,西药
克廷肤,西药
克必信,西药
克念菌素片,西药
克感利咽口服液,中成药
克感利咽颗粒,西药
克感来宁,西药
克拉仙,西药
克拉屈滨注射液,西药
克拉霉素分散片,西药
克拉霉素干混悬剂,西药
克拉霉素片,西药
克拉霉素缓释片,西药
克拉霉素缓释胶囊,西药
克拉霉素胶囊,西药
克拉霉素颗粒剂,西药
克拉霉索分散片,西药
克易停,中成药
克林澳,西药
克林诺,西药
克林霉素甲硝唑搽剂,西药
克林霉素磷酸酯栓,西药
克林霉素磷酸酯氯化钠注射液,西药
克林霉素磷酸酯注射液,西药
克林霉素磷酸酯溶液,西药
克林霉素磷酸酯片,西药
克林霉素磷酸酯葡萄糖注射液,西药
克沙,西药
克洛己新干混悬剂,西药
克癀胶囊,中成药
克艾斯,西药
克赛,西药
克雷白杆菌属感染,疾病
免疫学检测,诊疗技术及设备（治疗）
免疫病理检查,诊疗技术及设备（治疗）
免疫缺陷性肺炎,疾病
免疫缺陷者肺炎,疾病
免疫缺陷病,疾病
兔热病,疾病
兔耳子草,中草药
兔耳草,中草药
兔耳风,中草药
全可利,西药
全持安,西药
全氟丙烷人血白蛋白微球注射液,西药
全泽复,西药
八味香苏散,中成药
八奇,西药
八宝丹胶囊,中成药
八宝药墨,中成药
八物麦门冬饮,中成药
八风防风散,中成药
六合氨基酸注射液,西药
六味丁香片,中成药
六甲蜜胺片,西药
六甲蜜胺肠溶片,西药
六甲蜜胺胶囊,西药
兰悉多,西药
兰沙,西药
兰索拉唑口崩片,西药
兰索拉唑肠溶胶囊,西药
兰美抒,西药
兰花咳宁片,中成药
兰苏,西药
兰菌净,西药
兰迪,西药
兰释,西药
关平,西药
关康,西药
兴华,西药
兴易比可,西药
兴源,西药
其仙,西药
典必殊,西药
典比乐,西药
典沙,西药
典泰,西药
典舒,西药
典迈伦,西药
养正消积胶囊,中成药
养肺丸,中成药
养血生发胶囊,西药
养阴清肺口服液,中成药
养阴清肺汤,中成药
养阴清肺颗粒,中成药
内二显,西药
内伤咳嗽,疾病
内德滋,西药
内翻性乳头状瘤,疾病
内舒拿,西药
再克,西药
再奇,西药
再宁平,西药
再握,西药
再普乐,西药
再林,西药
军团病,疾病
军团菌病,疾病
军团菌肺炎,疾病
农民肺,疾病
农药中毒,疾病
冠心宁注射液,西药
冠状病毒感染,疾病
冬凌草糖浆,西药
冬白梅片,中成药
冬菀止咳颗粒,中成药
冬葵叶,中草药
冬里麻,中草药
冰七片,中成药
冰克,西药
冷凝集试验检查,诊疗技术及设备（治疗）
冻干抗眼镜蛇毒血清,西药
冻干重组人脑利钠肽,西药
凉燥,疾病
减味小儿化痰散,中成药
凝血时间检查,诊疗技术及设备（治疗）
凝血酶时间检查,诊疗技术及设备（治疗）
凡乐,西药
凡尔灵VAXIGRIP,西药
凡林,西药
凡诺,西药
凯伦,西药
凯兰欣,西药
凯力康,西药
凯力达,西药
凯可之,西药
凯同,西药
凯塞欣,西药
凯复定,西药
凯妮汀,西药
凯宁,西药
凯宝川苎,西药
凯帝欣,西药
凯彤,西药
凯德林,西药
凯斯,西药
凯时,西药
凯服新,西药
凯泽,西药
凯洛欣,西药
凯特力,西药
凯特瑞,西药
凯甫菲,西药
凯福隆,西药
凯纷,西药
凯络,西药
凯美纳,西药
凯莱止,西药
凯莱立克,西药
凯莱通,西药
凯西莱,西药
凯速特,西药
凯那,西药
凯韦可,西药
出血性疾病,疾病
出血性败血症性巴斯德菌感染,疾病
出血热,疾病
切乐平,西药
切诺,西药
刚果红试验,诊疗技术及设备（治疗）
创伤性气管及主支气管损伤,疾病
创伤性气胸,疾病
创伤性窒息,疾病
创伤性膈疝,疾病
创伤性血胸,疾病
创伤窒息综合征,疾病
创成,西药
创贝,西药
初发性或维持性睡眠障碍［失眠症］,疾病
利之舒,西药
利伐沙班片,西药
利佳,西药
利倍思,西药
利其丁针,西药
利分能,西药
利力奇,西药
利力宁,西药
利力欣,西药
利可思,西药
利君,西药
利君沙,西药
利喜定,西药
利培酮口服液,西药
利培酮片,西药
利复星,西药
利多卡因气雾剂,西药
利多卡因氯己定气雾剂,西药
利多布比卡因注射液,西药
利奈唑胺注射液,西药
利奈唑胺片,西药
利奈唑胺葡萄糖注射液,西药
利妥昔单抗注射液,西药
利孚利,西药
利岁,西药
利巴韦林分散片,西药
利巴韦林口服溶液,西药
利巴韦林含片,西药
利巴韦林喷剂,西药
利巴韦林喷雾剂,西药
利巴韦林气雾剂,西药
利巴韦林氯化钠注射液,西药
利巴韦林泡腾颗粒,西药
利巴韦林注射液,西药
利巴韦林滴鼻液,西药
利巴韦林片,西药
利巴韦林胶囊,西药
利巴韦林葡萄糖注射液,西药
利巴韦林颗粒,西药
利必通,西药
利必非,西药
利托那韦口服溶液,西药
利拉鲁肽注射液,西药
利普欣,西药
利格列汀片,西药
利欧,西药
利比,西药
利洛兰,西药
利百素,西药
利福喷丁胶囊,中成药
利福定胶囊,中成药
利福布汀胶囊,西药
利福平异烟肼胶囊,中成药
利福平注射液,西药
利福平滴眼液,西药
利福平片,中成药
利福平胶丸,西药
利福平胶囊,中成药
利福平胶囊（II）,西药
利福昔明软胶囊,中成药
利福霉素钠氯化钠注射液,西药
利福霉素钠注射液,西药
利美达松,西药
利肺片,中成药
利肺胶囊,中成药
利舍平,西药
利舒卡,西药
利舒安,西药
利舒康胶囊,中成药
利血宝,西药
利血平注射液,西药
利血平片,中成药
利达新,西药
利迈先,西药
利迈欣,西药
利通,西药
别嘌醇片,西药
制金柑丸,中成药
刺五加注射液,西药
刻定,西药
前列地尔注射液,西药
前胡,中草药
剑叶耳草,中草药
剑麻,中草药
剖胸术,诊疗技术及设备（治疗）
副流感病毒感染,疾病
副球孢子菌病,疾病
力保肪宁,西药
力克舒,西药
力勉,西药
力可多,西药
力坦,西药
力基,西药
力备,西药
力复君安,西药
力多泰,西药
力如太,西药
力尔凡,西药
力平之,西药
力弗,西药
力弘,西药
力扑素,西药
力托,西药
力扬,西药
力文,西药
力斯得,西药
力普康,西药
力月西,西药
力欣奇,西药
力比泰,西药
力派,西药
力清之,西药
力百汀,西药
力禾,西药
力美松,西药
力能,西药
力芬,西药
力蒙欣,西药
力补金秋胶囊,中成药
力言卓,西药
力贝尔,西药
力贻苹,西药
力邦英特,西药
功亮,西药
加乐显,西药
加减葳蕤汤,中成药
加力宁,西药
加博,西药
加味感冒丸,中成药
加味银翘片,中成药
加巴喷丁胶囊,中成药
加拉碘铵注射液,西药
加斯清,西药
加易尼,西药
加替沙星分散片,西药
加替沙星氯化钠注射液,西药
加替沙星注射液,西药
加替沙星片,西药
加替沙星胶囊,西药
加替沙星葡萄糖注射液,西药
加立信,西药
加罗宁,西药
加葵龙,西药
加诺,西药
动脉听诊,诊疗技术及设备（治疗）
动脉血氧分压（PaO2）,诊疗技术及设备（治疗）
动静脉瘘定位试验,诊疗技术及设备（治疗）
劲克,西药
劳拉西泮片,西药
劳麦纳,西药
勃名,西药
勒马回片,中成药
勤克沃,西药
勤可息,西药
包虫病补体结合试验,诊疗技术及设备（治疗）
化气兰,中草药
化痰平喘片,中成药
化痰消咳片,中成药
化痰片,西药
化脓性肉芽肿,疾病
化脓性链球菌咽炎,疾病
北京万生,西药
北豆根胶囊,中成药
匹多莫德分散片,西药
匹多莫德口服液,西药
匹多莫德口服溶液,西药
匹多莫德散,西药
匹多莫德片,西药
匹多莫德胶囊,西药
匹多莫德颗粒剂,西药
匹律,西药
匹金,西药
区明,西药
医源性气管及主支气管损伤,疾病
医用氧,西药
医院内感染,疾病
十五味龙胆花九,中成药
十味止咳片,中成药
十味溪黄草颗粒,西药
十味玉泉胶囊,中成药
十味蒂达胶囊,中成药
十味龙胆花胶囊,中成药
十味龙胆花颗粒,中成药
十四味羚牛角丸,中成药
十灰散,中成药
千里光片,中成药
千金止咳丸,中成药
升达,西药
半夏止咳糖浆,中成药
半夏糖浆,西药
半夏露糖浆,中成药
半夏露颗粒,中成药
华乐沙,西药
华仁诺同,西药
华仙美,西药
华克,西药
华克平,西药
华可必,西药
华安信,西药
华山参,中草药
华法林钠片,西药
华源锋,西药
华素,西药
华舒,西药
华芬,西药
华蟾素注射液,西药
华裕,西药
华适,西药
华阳再欣,西药
协诺信,西药
卓乐定,西药
卓力,西药
卓利菲尔,西药
卓坦,西药
卓夫,西药
卓宁,西药
卓悦,西药
卓莱,西药
卓青,西药
单侧肺气肿,疾病
单克,西药
单硝酸异山梨酯氯化钠注射液,西药
单纯性肺嗜酸粒细胞浸润症,疾病
单纯疱疹病毒肺炎,疾病
单肾草,中草药
南元,西药
南五味子,中草药
南沙参,中草药
博乐,西药
博仕多清,西药
博乐欣,西药
博利康尼,西药
博占同,西药
博可保,西药
博士多为,西药
博士多他,西药
博宁,西药
博尔泰力,西药
博帅,西药
博德,西药
博德桑特,西药
博思清,西药
博恩诺康,西药
博抗,西药
博拿,西药
博施立适,西药
博来宁,西药
博欣舒,西药
博璞青,西药
博维赫,西药
博美欣,西药
博能,西药
博苏,西药
博莱优福定,西药
博路定,西药
博那痛,西药
博静,西药
卜可,西药
卡介菌多糖核酸注射液,西药
卡介菌纯蛋白衍生物,西药
卡介菌纯蛋白衍生物（BCG—PPD）,西药
卡他莫拉菌感染,疾病
卡全,西药
卡前列素氨丁三醇注射液,西药
卡力,西药
卡培他滨片,西药
卡太卡,西药
卡安泰,西药
卡尔仑,西药
卡左双多巴控释片,西药
卡巴克洛注射液,西药
卡巴克洛片,西药
卡巴匹林钙散,西药
卡巴匹林钙颗粒,中成药
卡巴匹林镁散,西药
卡巴胆碱注射液,西药
卡托普利注射液,西药
卡托普利片,西药
卡文,西药
卡斯迈欣,西药
卡林优,西药
卡氏肺囊虫病,疾病
卡比马唑片,西药
卡波西肉瘤,疾病
卡瑞斯,西药
卡碧士,西药
卡维地洛片,西药
卡维地洛胶囊,西药
卡舒宁,西药
卡舒泰,西药
卡莫氟片,西药
卡西蒙,西药
卡贝缩宫素注射液,西药
卡路,西药
卡迈,西药
卡铂注射液,西药
卡马西平片,西药
卡马西平胶囊,西药
卡麦,西药
卢必安,西药
卢美根,西药
卫伊兴,西药
卫可欣,西药
卫氏并殖吸虫病,疾病
卫希安,西药
卫萌,西药
卫迪,西药
卵磷脂络合碘片,西药
厄多司坦分散片,西药
厄多司坦片,西药
厄多司坦胶囊,西药
厄贝沙坦分散片,西药
厄贝沙坦氢氯噻嗪分散片,西药
厄贝沙坦氢氯噻嗪片,西药
厄贝沙坦氢氯噻嗪胶囊,西药
厄贝沙坦片,西药
厄贝沙坦胶囊,西药
历设得,西药
压氏达,西药
厌氧菌感染,疾病
厌氧菌的分离与鉴定,诊疗技术及设备（治疗）
厌氧菌肺炎,疾病
原位鳞状细胞癌,疾病
厚皮性骨膜病,疾病
原发性支气管肺癌,疾病
原发性气管肿瘤,疾病
原发性渗出性淋巴瘤,疾病
原发性纵隔感染,疾病
原发性纵隔肿瘤及囊肿,疾病
原发性肺动脉高压,疾病
原发肿瘤,疾病
去乙酰毛花苷注射液,西药
去感热口服液,西药
去感热注射液,中成药
去敏泰,西药
去氢胆酸片,西药
去炎松尿素,西药
去甲斑蝥酸钠氯化钠注射液,西药
去甲斑蝥酸钠注射液,西药
参一胶囊,中成药
参丹散结胶囊,中成药
参松养心胶囊,中成药
参红祛瘀散结胶囊,中成药
参维灵片,西药
参芪扶正注射液,西药
参芪膏,中成药
参芪花粉片,中成药
参苏丸,中成药
参苏宣肺丸,中成药
参苏片,中成药
参苏胶囊,中成药
参苏颗粒,中成药
参苏饮,中成药
参苓白术胶囊,中成药
参茸固本还少丸,中成药
参莲胶囊,中成药
参蛤平喘胶囊,中成药
参蛤胶囊,中成药
参蟾消解胶囊,中成药
参贝北瓜膏,中成药
参贝北瓜颗粒,中成药
参贝咳喘丸,中成药
参贝止咳颗粒,中成药
参附注射液,中成药
参鹿健肺胶囊,中成药
参麦地黄丸,中成药
参麦注射液,中成药
参麦颗粒,中成药
又欣,西药
及舒,西药
双丹颗粒,中成药
双佶,西药
双倡,西药
双克,西药
双分伪麻胶囊,西药
双分支阻滞,疾病
双北,西药
双嘧达莫分散片,西药
双嘧达莫片,西药
双山颗粒,中成药
双川,西药
双成博维,西药
双扑伪麻分散片,西药
双扑伪麻片,西药
双扑伪麻颗粒,西药
双朗,西药
双氯芬酸二乙胺乳胶剂,西药
双氯芬酸二乙胺乳膏,西药
双氯芬酸钠乳膏,西药
双氯芬酸钠凝胶,西药
双氯芬酸钠双释放肠溶胶囊,西药
双氯芬酸钠气雾剂,西药
双氯芬酸钠盐酸利多卡因注射液,西药
双氯芬酸钠缓释片,西药
双氯芬酸钠缓释片（IV）,西药
双氯芬酸钠缓释片（I）,西药
双氯芬酸钠缓释胶囊,西药
双氯芬酸钠贴片,西药
双氯芬酸钾分散片,西药
双氯芬酸钾片,西药
双氯芬酸钾胶囊,西药
双水杨酯片,西药
双清合剂,中成药
双益,西药
双益健,西药
双红灵,西药
双羟萘酸噻嘧啶片,西药
双羟萘酸噻嘧啶颗粒,西药
双解胶囊,中成药
双辛鼻窦炎颗粒,中成药
双金连合剂,中成药
双香豆乙酯片,西药
双香豆素片,西药
双黄平喘颗粒,中成药
双黄连栓,中成药
双黄连注射液,西药
双黄连滴注液,西药
双黄连粉针剂,西药
反流性咽喉炎,疾病
发热性中性粒细胞减少,疾病
发绀—杵状指—肝病综合征,疾病
变形杆菌肺炎,疾病
口泰,西药
古悦,西药
古拉定,西药
古愈,西药
古欣太,西药
古黄注射液,西药
可丽安,西药
可乐宁,西药
可乐尔,西药
可乐必妥,西药
可伊,西药
可利新,西药
可利迈仙,西药
可力,西药
可同,西药
可坦,西药
可塞风,西药
可多华,西药
可奥斯,西药
可威,西药
可安,西药
可定,西药
可尔生,西药
可尼,西药
可尼尤,西药
可弗,西药
可待因桔梗片,中成药
可必特,西药
可怡,西药
可拉明,西药
可拉明中毒,疾病
可朋,西药
可欣林,西药
可泰舒,西药
可润,西药
可畅,西药
可由,西药
可益能,西药
可福乐,西药
可立停,西药
可立平,西药
可立清,西药
可维加,西药
可美林,西药
可耐,西药
可苹,西药
可莉俞,西药
可谱妥,西药
可谱诺,西药
可达灵片,中成药
可达龙,西药
可迪,西药
可非,西药
史君轻,西药
史比欣,西药
史达平,西药
右旋布洛芬口服混悬液,西药
右旋布洛芬片,西药
右旋糖酐20氯化钠注射液,西药
右旋糖酐20葡萄糖注射液,西药
右旋糖酐40氯化钠注射液,西药
右旋糖酐40葡萄糖注射液,西药
右旋糖酐70氯化钠注射液,西药
右旋糖酐70葡萄糖注射液,西药
右旋糖酐铁注射液,西药
右美沙芬愈创甘油醚糖浆,西药
右美沙芬缓释混悬液,西药
司乐平,西药
司他夫定胶囊,西药
司佩定,西药
司力泰,西药
司可林,西药
司奇乐,西药
司巴乐,西药
司帕沙星分散片,西药
司帕沙星片,西药
司帕沙星胶囊,西药
司帕沙星颗粒,西药
司悦,西药
司氟沙星片,西药
司百得,西药
司里蒙,西药
合心爽,西药
合成鱼腥草素片,西药
合舒,西药
合贝爽,西药
吉他霉素片,西药
吉佰芙,西药
吉加,西药
吉尼乐尔,西药
吉巨芬,西药
吉欧停,西药
吉派林,西药
吉浩,西药
吉特林综合征,疾病
吉粒芬,西药
吉舒,西药
吉诺通,西药
吉赛欣,西药
吉速星,西药
吉非替尼片,西药
同博,中成药
同奥,西药
同林,西药
同欣,西药
同舒,西药
同芬,西药
同达瑞,西药
名正,西药
吗啡阿托品注射液,西药
吗多明气雾剂,西药
吗多明片,西药
吗替麦考酚酯分散片,西药
吗替麦考酚酯片,西药
吗替麦考酚酯胶囊,西药
君为,西药
君佳,西药
君克多,西药
君宁,西药
君尓清,西药
君必青,西药
君欣,西药
君洁,西药
君然,西药
君特,西药
君迪,西药
吞咽困难,疾病
吞噬功能缺陷病,疾病
吠础⒕氲「小⒙槟靖械取对本品有休克既往史者。对本品或对头孢类抗生素有过敏既往史者。,西药
吡哌酸滴丸,西药
吡哌酸片,西药
吡哌酸胶囊,西药
吡嗪酰胺片,西药
吡喹酮片,西药
吡嗪酰胺胶囊,西药
吡嘧司特钾片,西药
吡罗昔康注射液,西药
吡罗昔康片,西药
吡非尼酮胶囊,西药
吩噻嗪类抗精神病药物中毒,疾病
含化上清片,中成药
启维,西药
吲哚美辛口服混悬液,西药
吲哚美辛栓,西药
吲哚美辛沙丁胺醇栓,西药
吲哚美辛片,西药
吲哚美辛缓释片,西药
吲哚美辛缓释胶囊,西药
吲哚美辛肠溶片,西药
吲哚美辛胶囊,西药
吸入性肺炎,疾病
吸入用七氟烷,西药
吸入用丙酸倍氯米松混悬液,西药
吸入用乙酰半胱氨酸溶液,西药
吸入用伊洛前列素溶液,西药
吸入用复方异丙托溴铵溶液,西药
吸入用布地奈德混悬液,西药
吸入用异丙托溴铵溶液,西药
吸入用硫酸沙丁胺醇溶液,西药
吸入用色甘酸钠胶囊,西药
吸烟中毒症,疾病
吸虫病,疾病
呋喃唑酮片,西药
呋喃妥因片,西药
呋喃妥因肠溶片,西药
呋喃妥因肠溶胶囊,西药
呋塞米注射液,西药
呋塞米片,西药
呛奶,疾病
周围型肺癌,疾病
周围血白细胞计数及分类检验,诊疗技术及设备（治疗）
呱西替柳干混悬剂,西药
呱西替柳胶囊,西药
呵儿贝,西药
呼吸动度检查,诊疗技术及设备（治疗）
呼吸性碱中毒,疾病
呼吸性细支气管炎伴间质性肺病,疾病
呼吸性酸中毒,疾病
呼吸肌疲劳症,疾病
呼吸衰竭,疾病
呼吸运动检查,诊疗技术及设备（治疗）
呼吸道合胞病毒抗体检查,诊疗技术及设备（治疗）
呼吸道异物,疾病
呼吸道白喉,疾病
呼吸道粘液—纤毛清除功能测定,诊疗技术及设备（治疗）
呼气流速,诊疗技术及设备（治疗）
和乐生,西药
和信,西药
和太,西药
和欣,西药
和爽,西药
和美新,西药
咖啡因与氨茶碱中毒,疾病
咖酚伪麻片,西药
咪唑斯汀缓释片,西药
咪唑立宾片,西药
咪达唑仑注射液,西药
咯血,疾病
咳克平胶囊,中成药
咳哌宁,西药
咳喘丸,中成药
咳喘停膏,中成药
咳喘宁口服液,西药
咳喘宁片,中成药
咳喘宁胶囊,中成药
咳喘宁颗粒,中成药
咳喘清片,中成药
咳喘片,西药
咳喘膏,中成药
咳喘舒片,中成药
咳喘顺丸,中成药
咳嗽性哮喘,疾病
咳嗽晕厥综合征,疾病
咳嗽糖浆,中成药
咳宁胶囊,中成药
咳宁颗粒,中成药
咳平胶囊,中成药
咳康含片,中成药
咳必清,西药
咳欣康片,中成药
咳清胶囊,中成药
咳灵胶囊,中成药
咳特灵片,西药
咳特灵胶嚢,西药
咳特灵颗粒,西药
咳立停糖浆,中成药
咳舒糖浆,西药
咳血方,中成药
咳速停糖浆,中成药
咳速停胶囊,中成药
咳露口服液,中成药
咽后脓肿,疾病
咽喉异物,疾病
咽喉痛,疾病
咽喉部外伤,疾病
咽喉部烧伤及化学伤,疾病
咽囊炎,疾病
咽炎,疾病
咽炎清片,中成药
咽炎片,中成药
咽炎胶囊,中成药
咽白喉,疾病
咽舒胶囊,中成药
咽部异感症,疾病
咽部及颈部食管闭合性损伤,疾病
咽部异物,疾病
咽部机械性创伤,疾病
咽部灼伤,疾病
咽部硬结病,疾病
咽部结核,疾病
品川,西药
哈乐特,西药
哈力多,西药
哈森为舒,西药
哈药,西药
哈蟆油,中草药
哈西奈德涂膜剂,西药
哈西奈德溶液,西药
哌瑞林,西药
哮喘,疾病
哮喘丸,中成药
哮喘宁颗粒,中成药
哮喘性肺嗜酸粒细胞浸润症,疾病
哮喘持续状态,疾病
哮喘片,中成药
哮喘胶囊,中成药
哲朋,西药
唐信,西药
唐必呋,西药
唐落,西药
唐都,西药
唑来膦酸注射液,西药
唛金沥,西药
唯他停,西药
唯卡,西药
唯地息,西药
唯达宁,西药
善唯达,西药
善得定针,西药
善思达,西药
善普兰,西药
善清,西药
善芬,西药
喉上神经损伤,疾病
喉康散,中成药
喉息肉,疾病
喉恶性肿瘤,疾病
喉气囊肿,疾病
喉气管瘢痕性狭窄,疾病
喉气管食管裂,疾病
喉炎,疾病
喉炎丸,中成药
喉烧伤,疾病
喉疾灵片,中成药
喉疾灵胶囊,中成药
喉症丸,中成药
喉痛灵片,中成药
喉痛灵颗粒,中成药
喉痹,疾病
喉癌,疾病
喉舒口含片,中成药
喉舒宁片,中成药
喉部创伤,疾病
喉部钝挫伤,疾病
喉阻塞,疾病
喘可治注射液,中成药
喘咳宁片,中成药
喘嗽宁片,中成药
喘嗽宁胶囊,中成药
喘定,西药
喘康速,西药
喘息定,西药
喘息样支气管炎,疾病
喘泰颗粒,中成药
喘立清,西药
喘络通胶囊,中成药
喘舒片,中成药
喜保福宁,西药
喜复至,西药
喜思诺,西药
喜普妙,西药
喜来通,西药
喜格迈,西药
喜滴克,西药
喜炎平注射液,中成药
喜福来,西药
喷他佐辛注射液,西药
喷托维林氯化铵片,西药
喷托维林氯化铵糖浆,西药
喹泰,西药
嗜酸性粒细胞增多—肌痛综合征,疾病
嗜酸性粒细胞增生性淋巴肉芽肿,疾病
嗜酸性粒细胞数,诊疗技术及设备（治疗）
嗜麦芽黄单胞菌肺炎,疾病
嘉倍康,西药
嘉立博,西药
噻吗灵,西药
噻托溴铵吸入粉雾剂,西药
噻托溴铵喷雾剂,西药
噻托溴铵粉吸入剂,西药
噻苯唑片,西药
囊性纤维化,西药
囊状淋巴管瘤,疾病
囊腺癌,疾病
四季感冒片,中成药
四季感冒胶囊,中成药
四季抗病毒合剂,中成药
四季抗病毒胶囊,中成药
四季青,中草药
四环素片,西药
回春散,中成药
因力达,西药
因培康,西药
因必欣,西药
因特芬,西药
因福舒,西药
固尔苏,西药
固本丸,中成药
固本咳喘片,中成药
固本咳喘胶囊,中成药
固本止咳膏,中成药
固泰宁,西药
固邦,西药
土燕窝,中草药
土细辛,中草药
土远志,中草药
土霉素片,西药
土霉素胶囊,西药
圣和凯宁,西药
圣敏,西药
圣林,西药
圣畅,西药
圣迪锋,西药
地佐辛注射液,西药
地力昕,西药
地喹氯铵含片,西药
地喹氯铵短杆菌素含片,西药
地塞米松棕榈酸酯注射液,西药
地塞米松片,中成药
地塞米松磷酸钠注射液,西药
地塞米松钠注射液,西药
地奈德洗剂,西药
地星,中草药
地柏枝,中草药
地榆升白片,中成药
地氟烷,西药
地氟烷溶液,西药
地氯雷他定片,西药
地氯雷他定糖浆,西药
地白草,中草药
地红霉素肠溶片,西药
地红霉素肠溶胶囊,西药
地蚕,中草药
地衣芽孢杆菌活菌胶囊,西药
地锦草,中草药
地霉菌病,疾病
地龙注射液,西药
坎地沙坦西酯片,西药
坎地沙坦酯分散片,西药
坎地沙坦酯片,西药
坎地沙坦酯胶囊,西药
坡参,中草药
坤宁,西药
坦刻,西药
坦刻抒,西药
坦啶,西药
坦通,西药
坦静,西药
垂体后叶注射液,西药
埃利雅,西药
埃必维,西药
埃索美拉唑肠溶胶囊,西药
埃索美拉唑镁肠溶片,西药
埃美丁,西药
域大,西药
培哚普利吲达帕胺片,西药
培哚普利片,西药
培宁,西药
培磊能,西药
培达,西药
基多托,西药
堪萨斯分枝杆菌感染,疾病
塞曲司特片,西药
塞曲司特颗粒,西药
塞来昔布胶囊,西药
塞欧斯,西药
士怡,西药
士瑞克,西药
声带小结,疾病
声门上型喉癌,疾病
声阻抗检查,诊疗技术及设备（治疗）
壹丽安,西药
壹枚泰,西药
复丁安,西药
复仙安,西药
复代文,西药
复发性多软骨炎,疾病
复可托,西药
复合型酸碱失衡,疾病
复安欣,西药
复方一枝黄花喷雾剂,中成药
复方丹参颗粒,中成药
复方乙酰水杨酸片,西药
复方乙酰水杨酸片（复方阿司匹林片）,西药
复方乳酸钠山梨醇注射液,西药
复方乳酸钠葡萄糖注射液,西药
复方二氧丙嗪茶碱片,西药
复方伪麻黄碱口服溶液,西药
复方倍他米松注射液,西药
复方公英片,中成药
复方公英胶囊,中成药
复方利多卡因乳膏,西药
复方北豆根氨酚那敏片,西药
复方半夏片,西药
复方单硝酸异山梨酯缓释片,西药
复方卡托普利注射液,西药
复方卡托普利片,西药
复方卡托普利缓释片,西药
复方双花口服液,中成药
复方双花片,中成药
复方双花糖浆,中成药
复方可待因口服溶液,西药
复方右旋糖酐40注射液,西药
复方吉祥草含片,西药
复方命14S注射液,西药
复方咳喘胶囊,西药
复方四季青片,西药
复方地龙胶囊,中成药
复方多粘菌素B软膏,西药
复方大青叶合剂,中成药
复方天仙胶囊,中成药
复方头孢克洛干混悬剂,西药
复方头孢克洛片,西药
复方头孢克洛胶囊,西药
复方妥英麻黄茶碱片,西药
复方岩白菜素片,西药
复方岩连片,中成药
复方川贝止咳糖浆,中成药
复方川贝精片,西药
复方川贝精胶囊,中成药
复方巴旦仁颗粒,西药
复方布洛芬片,西药
复方平贝口服液,中成药
复方庆大霉素膜,西药
复方异丙托溴铵气雾剂,西药
复方愈创木酚磺酸钾口服溶液,西药
复方愈酚喷托那敏糖浆,西药
复方感冒灵片,中成药
复方感冒灵胶囊,中成药
复方感冒灵颗粒,西药
复方感冒胶囊,中成药
复方斑蝥胶囊,西药
复方普萘洛尔咖啡因片,西药
复方曲尼司特胶囊,西药
复方木芙蓉涂鼻膏,西药
复方木麻黄片,西药
复方杏香兔耳风胶囊,中成药
复方杜鹃片,西药
复方枇杷叶膏,西药
复方枇杷喷托维林颗粒,西药
复方枇杷止咳颗粒,西药
复方枇杷氯化铵口服溶液,西药
复方枸橼酸阿尔维林软胶囊,西药
复方柳安咖注射液,西药
复方桑菊感冒片,西药
复方桑菊感冒胶囊,中成药
复方桑菊感冒颗粒,中成药
复方桔梗枇杷糖浆,西药
复方桔梗止咳片,西药
复方桔梗氯化铵口服溶液,西药
复方桔梗远志麻黄碱片（II）,西药
复方桔梗远志麻黄碱片（I）,中成药
复方桔梗麻黄碱糖浆,西药
复方桔梗麻黄碱糖浆（II）,中成药
复方梨膏,西药
复方毛冬青氯贝酸铝片,中成药
复方气管炎片,中成药
复方气管炎胶囊,西药
复方氟尿嘧啶乳,西药
复方氟尿嘧啶口服溶液,西药
复方氟尿嘧啶注射液,西药
复方氢溴酸右美沙芬胶囊,西药
复方氨基酸注射液,西药
复方氨基酸注射液（14AA）,西药
复方氨基酸注射液（17AA—I）,西药
复方氨基酸注射液（17AA）,西药
复方氨基酸注射液（17AA－H）,西药
复方氨基酸注射液（18AA—N）,西药
复方氨基酸注射液（18AA—VII）,西药
复方氨基酸注射液（18AA—V）,西药
复方氨基酸注射液（18AA）,西药
复方氨基酸注射液（18—B）,西药
复方氨基酸注射液（6AA）,西药
复方氨敏狗仔花片,中成药
复方氨敏虎杖胶囊,西药
复方氨林巴比妥注射液,西药
复方氨肽素片,西药
复方氨苯蝶啶胶囊,西药
复方氨茶碱暴马子胶囊,西药
复方氨酚愈敏口服溶液,西药
复方氨酚溴敏胶囊,西药
复方氨酚烷胺片,西药
复方氨酚烷胺胶囊,西药
复方氨酚烷胺颗粒,西药
复方氨酚甲麻口服液,西药
复方氨酚穿心莲片,西药
复方氨酚美沙糖浆,西药
复方氨酚苯海拉明片,西药
复方氨酚那敏颗粒,西药
复方氮基酸注射液（18AA）,西药
复方氯丙那林溴己新片,西药
复方氯丙那林溴己新胶囊,西药
复方氯丙那林鱼腥草素钠片,西药
复方氯化钠注射液,西药
复方氯化钾泡腾片,西药
复方氯喘胶囊,西药
复方氯己定地塞米松膜,西药
复方沙芬那敏糖浆,西药
复方溴丙胺太林片,西药
复方满山白颗粒,西药
复方满山红糖浆,中成药
复方满山红胶囊,中成药
复方灭活白葡萄球菌片,西药
复方牛黄消炎灵胶囊,中成药
复方牛黄消炎胶囊,中成药
复方环磷酰胺片,西药
复方瓜子金颗粒,西药
复方甘氨酸茶碱钠片,西药
复方甘氨酸茶碱钠胶囊,中成药
复方甘草口服溶液,西药
复方甘草合剂,西药
复方甘草浙贝氯化铵片,中成药
复方甘草含片,西药
复方甘草片,西药
复方甘草酸单铵S氯化钠注射液,西药
复方甘草酸单铵S注射液,西药
复方甘草酸单铵注射液,西药
复方甘草酸苷注射液,西药
复方甘草酸铵注射液,西药
复方甘草麻黄碱片,西药
复方甲氧那明胶囊,西药
复方甲麻口服溶液,西药
复方电解质葡萄糖MG3注射液,西药
复方电解质葡萄糖R2A注射液,西药
复方电解质葡萄糖注射液—M3A,西药
复方电解质葡萄糖注射液—M3B,西药
复方电解质葡萄糖注射液—R4A,西药
复方百部止咳糖浆,中成药
复方百部止咳颗粒,中成药
复方盐酸伪麻黄碱缓释胶囊,西药
复方盐酸利多卡因注射液,西药
复方盐酸阿替卡因注射液,西药
复方盐酸阿米洛利片,西药
复方矮地茶片,西药
复方石韦片,中成药
复方石韦胶囊,西药
复方石韦颗粒,西药
复方硫酸沙丁胺醇气雾剂,西药
复方硫酸软骨素片,西药
复方磷酸可待因口服溶液,西药
复方磷酸可待因溶液,西药
复方磷酸可待因溶液（II）,西药
复方磷酸可待因片,西药
复方磷酸可待因糖浆,西药
复方磺胺嘧啶片,西药
复方磺胺嘧啶锌涂膜,西药
复方磺胺甲恶唑分散片,西药
复方磺胺甲恶唑注射液,西药
复方磺胺甲恶唑片,西药
复方磺胺甲恶唑片（厦门星鲨）,西药
复方磺胺甲恶唑胶囊,西药
复方磺胺甲恶唑颗粒,西药
复方福尔可定口服溶液,西药
复方福尔可定糖浆,西药
复方紫龙片,西药
复方罗汉果含片,西药
复方罗汉果止咳颗粒,中成药
复方罗汉果清肺颗粒,西药
复方羟丙茶碱去氯羟嗪胶囊,西药
复方聚乙二醇电解质散,西药
复方胆氨片,西药
复方胆通胶囊,西药
复方芩兰口服液,中成药
复方苦参注射液,西药
复方苯海拉明片,西药
复方茶碱片,西药
复方茶碱甲麻黄碱片,西药
复方茶碱麻黄碱片,西药
复方草玉梅含片,西药
复方蒂达胶囊,西药
复方蒲公英注射液,西药
复方蒲芩片,中成药
复方蒲芩胶囊,中成药
复方虎杖氨敏片,西药
复方蛇胆川贝散,中成药
复方蛤青注射液,西药
复方蛤青胶囊,中成药
复方贝母散,西药
复方贝母氯化铵片,西药
复方贝母片,中成药
复方酚咖伪麻胶囊,西药
复方醋酸曲安奈德溶液,西药
复方醋酸地塞米松凝胶,西药
复方醋酸钠注射液,西药
复方野马追糖浆,中成药
复方野马追颗粒,西药
复方银杏叶提取物胶囊,西药
复方银翘氨敏胶囊,西药
复方锌布颗粒剂,西药
复方阿司匹林双层片,西药
复方阿司匹林片,西药
复方阿米三嗪片,西药
复方青果颗粒,中成药
复方马其通胶囊,中成药
复方高山红景天口服液,西药
复方鱼腥草,西药
复方鱼腥草合剂,中成药
复方鱼腥草滴丸,西药
复方鱼腥草片,西药
复方鱼腥草糖浆,中成药
复方鱼腥草软胶囊,中成药
复方鱼腥草颗粒,中成药
复方鲜竹沥液,西药
复方麝香注射液,西药
复方黄芩片,西药
复欣,西药
复泰奥,西药
复洛,西药
复美新,西药
复能,西药
复达欣,西药
外伤性乳糜胸,疾病
外感风寒颗粒,中成药
外用止咳散,中成药
多吉美,西药
多头苦荬,中草药
多它灵,西药
多导睡眠图检查,诊疗技术及设备（治疗）
多帕菲,西药
多抗,西药
多抗甲素,西药
多替拉韦钠片,西药
多烯酸乙酯胶丸,西药
多瑞吉,西药
多穗石柯,中草药
多穗石柯叶,中草药
多米特定,西药
多索茶碱口服液,西药
多索茶碱口服溶液,西药
多索茶碱氯化钠注射液,西药
多索茶碱注射液,西药
多索茶碱片,西药
多索茶碱胶囊,西药
多索茶碱葡萄糖注射液,西药
多索茶碱颗粒,西药
多肌炎和皮肌炎,疾病
多脉管炎合并肉芽肿,疾病
多花筋骨草,中草药
多西他赛注射液,西药
多达一,西药
多迪,西药
多龙,西药
夜间哮喘,疾病
大乌金草,中草药
大九股牛,中草药
大卫颗粒,中成药
大叶南苏,中草药
大叶性肺炎,疾病
大叶树萝卜,中草药
大叶白花灯笼,中草药
大叶紫珠,中草药
大叶紫苏,中草药
大咯血,疾病
大德,西药
大扶康,西药
大树甘草,中草药
大株红景天胶囊,中成药
大毛桐子根,中草药
大流行流感病毒灭活疫苗,西药
大狼把草,中草药
大肠埃希杆菌肺炎,疾病
大肺筋草,中草药
大花石上莲,中草药
大蒜油软胶囊,中成药
大贝辛,西药
大量羊水吸入,疾病
大飞扬草,中草药
大黑头草,中草药
天一止咳糖浆,中成药
天册,西药
天冬,中草药
天南星,中草药
天参胶囊,中成药
天君迪,西药
天安欣,西药
天康,西药
天恩福,西药
天方力泰,西药
天方罗欣,西药
天施康,西药
天易,西药
天普洛安,西药
天晴依泰,西药
天晴复欣,西药
天晴宁,西药
天晴日安,西药
天晴甘平,西药
天智颗粒,中成药
天根,西药
天泉乐欣,西药
天泉康欣,西药
天泉泰宁,西药
天泉维康,西药
天甲元,西药
天甲美,西药
天立威,西药
天统,西药
天花粉,中草药
天诚惜尔,西药
天诚诺尔,西药
天赞,西药
天门冬氨酸洛美沙星葡萄糖注射液,西药
天黄猴枣散,中成药
太儿欣,西药
太和妙灵丸,中成药
太子参,中草药
太宁,西药
头孢丙烯分散片,西药
头孢丙烯咀嚼片,西药
头孢丙烯干混悬剂,西药
头孢丙烯片,西药
头孢丙烯胶囊,西药
头孢丙烯颗粒,西药
头孢克洛分散片,西药
头孢克洛咀嚼片,西药
头孢克洛干混悬剂,西药
头孢克洛泡腾片,西药
头孢克洛片,西药
头孢克洛缓释片,西药
头孢克洛缓释片（II）,西药
头孢克洛缓释胶囊,西药
头孢克洛胶囊,西药
头孢克洛颗粒,西药
头孢克罗泡腾片,西药
头孢克肟分散片,西药
头孢克肟咀嚼片,西药
头孢克肟干混悬剂,西药
头孢克肟片,西药
头孢克肟胶囊,西药
头孢克肟颗粒,西药
头孢呋辛酯分散片,西药
头孢呋辛酯干混悬剂,西药
头孢呋辛酯片,西药
头孢呋辛酯胶囊,西药
头孢呋辛酯颗粒,西药
头孢地尼分散片,西药
头孢地尼片,西药
头孢地尼胶囊,西药
头孢地尼颗粒,西药
头孢妥仑匹酯片,西药
头孢布烯胶囊,西药
头孢拉定分散片,西药
头孢拉定干混悬剂,西药
头孢拉定片,西药
头孢拉定胶囊,西药
头孢拉定颗粒,西药
头孢氨苄干混悬剂,西药
头孢氨苄片,西药
头孢氨苄甲氧苄啶片,西药
头孢氨苄甲氧苄啶胶囊,西药
头孢氨苄甲氧苄啶颗粒,西药
头孢氨苄缓释片,西药
头孢氨苄缓释胶囊,西药
头孢氨苄胶囊,西药
头孢氨苄颗粒,西药
头孢沙定胶囊,西药
头孢泊肟酯分散片,西药
头孢泊肟酯干混悬剂,西药
头孢泊肟酯片,西药
头孢泊肟酯胶囊,西药
头孢特仑新戊酯片,西药
头孢羟氨苄分散片,西药
头孢羟氨苄咀嚼片,西药
头孢羟氨苄片,西药
头孢羟氨苄甲氧苄啶胶囊,西药
头孢羟氨苄胶囊,西药
头孢羟氨苄颗粒,西药
夸赛纳森林病,疾病
奇仆,西药
奇力威林,西药
奇力青,西药
奇弗美,西药
奇曼丁,西药
奇泰,西药
奇洛先,西药
奇洛克,西药
奇莫欣,西药
奇迈特,西药
奇迪,西药
奇铭,西药
奈康,西药
奈西雅,西药
奈迪亚,西药
奈邦,西药
奈韦拉平片,西药
奎泰,西药
奕丰,西药
奕宁,西药
奥一心,西药
奥万源,西药
奥丽先,西药
奥乐欣,西药
奥亭,西药
奥佳,西药
奥先,西药
奥先达,西药
奥克特珐玛,西药
奥利司他胶囊,西药
奥利澳,西药
奥力宝,西药
奥力捷,西药
奥加西,西药
奥卜克,西药
奥卫特,西药
奥名润,西药
奥复星,西药
奥妥,西药
奥尔芬,西药
奥尔菲,西药
奥平,西药
奥广先,西药
奥广素,西药
奥得清,西药
奥德宁,西药
奥必欣,西药
奥思平,西药
奥扎格雷钠氯化钠注射液,西药
奥扎格雷钠注射液,西药
奥扎格雷钠葡萄糖注射液,西药
奥施康定,西药
奥格林,西药
奥格门汀,西药
奥沙利铂注射液,西药
奥沙利铂甘露醇注射液,西药
奥派,西药
奥深,西药
奥瑞星,西药
奥瑞达,西药
奥硝唑氯化钠注射液,西药
奥硝唑注射液,西药
奥硝唑片,西药
奥硝唑胶囊,西药
奥硝唑葡萄糖注射液,西药
奥立奥,西药
奥立妥,西药
奥立宁,西药
奥立泰,西药
奥素,西药
奥络,西药
奥维先,西药
奥维加,西药
奥维美,西药
奥罗那,西药
奥美拉唑肠溶片,西药
奥美拉唑肠溶胶囊,西药
奥美拉唑镁肠溶片,西药
奥美星,西药
奥美沙坦酯片,西药
奥美真,西药
奥芬溴铵注射液,西药
奥芬溴铵片,西药
奥西彤,西药
奥诺红,西药
奥贝利,西药
奥贝安可,西药
奥赛金,西药
奥达,西药
奥迪扶康,西药
奥铂,西药
奥青（Tridewel）,西药
好医生,西药
好得快,西药
好酷娃,中成药
如意定喘丸,中成药
如意定喘片,中成药
妊娠合并哮喘,疾病
妊娠合并肺栓塞,疾病
妊娠合并肺炎,疾病
妊娠合并肺结核,疾病
妊娠期哮喘,疾病
妥塞敏,西药
妥尔,西药
妥必来,西药
妥抒,西药
妥星,西药
妥洛特罗贴剂,西药
姜胆咳喘片,中成药
威乐星,西药
威保啶,西药
威克,西药
威凡,西药
威利仙,西药
威利宁,西药
威可达,西药
威太,西药
威奇达,西药
威安,西药
威尔曼,西药
威廉征,诊疗技术及设备（治疗）
威狄敏,西药
威视派克,西药
威赛因,西药
威赛欣,西药
威迪乐,西药
威锐,西药
娇莎,西药
婴儿保肺宁,中成药
婴儿纤维错构瘤,疾病
婴儿闷热综合症,疾病
婴儿鼻塞,疾病
婴幼儿呼吸检查,诊疗技术及设备（治疗）
子喑,疾病
子嗽,疾病
子满,疾病
孚来和,西药
孚来迪,西药
孚洛克,西药
孚琪,西药
孚答静,西药
孚诺,西药
孚贝,西药
孚麦欣,西药
孟得新,西药
孟鲁司特钠咀嚼片,西药
孟鲁司特钠片,西药
孟鲁司特钠颗粒,西药
孢子丝菌凝集试验,诊疗技术及设备（治疗）
孢子丝菌病,疾病
季节性鼻炎,疾病
孤立性肺结节,疾病
宁嗽丸,中成药
宁嗽露,西药
宁嗽露（糖浆剂）,中成药
宁好,西药
宁得朗,西药
宁沙,西药
宁立平,西药
宁红欣,西药
宁芬,西药
宁通,西药
宇立森,西药
安世通,西药
安乃近注射液,西药
安乃近片,西药
安乐士,西药
安乙惜美,西药
安今益,西药
安仕德,西药
安体舒,西药
安体舒通,西药
安信,西药
安儿宁颗粒,中成药
安内真,西药
安列克,西药
安利亚,西药
安利博,西药
安博维,西药
安博诺,西药
安卜,西药
安可妥,西药
安可来,西药
安可欣,西药
安可清,西药
安吉利,西药
安嗽化痰丸,中成药
安嗽片,中成药
安嗽糖浆,西药
安在时,西药
安塞他美,西药
安塞定,西药
安塞隆,西药
安士力,西药
安士杰,西药
安多可,西药
安奇,西药
安宝,西药
安射力,西药
安尔克注射液,西药
安尔宝,西药
安尔来福,西药
安尔眠胶囊,中成药
安度芬,西药
安康信,西药
安康欣胶囊,中成药
安律凡,西药
安必仙,西药
安拿芬尼,西药
安挺,西药
安斯平,西药
安斯菲,西药
安普洛,西药
安普索,西药
安普莱士,西药
安曲希,西药
安束喜,西药
安来,西药
安果,西药
安柯瑞,西药
安步乐克（ANPLAG）,西药
安泛正,西药
安泰达,西药
安洁莎,西药
安浮特克,西药
安灭菌,西药
安瑞克,西药
安瑞宁,西药
安痛定,西药
安福定,西药
安福隆,西药
安禾,西药
安立亭（立迈亭）,西药
安立泽,西药
安立生坦片,中成药
安立西,西药
安米诺,西药
安素泰,西药
安素美,西药
安络血,西药
安维汀,西药
安美欣,西药
安脱达,西药
安谱克,西药
安谱诺欣,西药
安贝特,西药
安赛玛,西药
安达芬,西药
安迪欣,西药
安迪泰,西药
安通,西药
安通克,西药
安道生,西药
安隆,西药
完全性肺静脉异位回流,疾病
宏强,西药
定仕宁,西药
定喘止嗽丸,中成药
定喘汤,中成药
定喘膏,中成药
定经草,中草药
宜仁,西药
宜利治,西药
宜合瑞,西药
宜含清,西药
宜妥利Etomidate—Lipuro,中成药
宜梧叶,中草药
宝丽亚,西药
宝咳宁颗粒,中成药
宝益苏,西药
实尔新,西药
宣肺止嗽合剂,中成药
家庭氧疗,疾病
容大,西药
宽胸气雾剂,西药
宾奇,西药
寄生虫感染免疫检测,诊疗技术及设备（治疗）
寄生虫检查的定量透明法,诊疗技术及设备（治疗）
寄生虫检查的浓聚法,诊疗技术及设备（治疗）
寄生虫检查的直接涂片法,诊疗技术及设备（治疗）
密都,西药
密都（密都锭）,西药
富伊松,西药
富利他之,西药
富尔欣,西药
富米汀,西药
富络克,西药
富诗坦,西药
富露施,西药
富马酸替诺福韦二吡呋酯片,西药
富马酸比索洛尔片,西药
富马酸比索洛尔胶囊,西药
富马酸氯马斯汀口服溶液,西药
富马酸氯马斯汀干混悬剂,西药
富马酸氯马斯汀片,西药
富马酸氯马斯汀胶囊,西药
富马酸福莫特罗片,西药
富马酸酮替芬分散片,西药
富马酸酮替芬滴鼻液,西药
富马酸酮替芬片,西药
富马酸酮替芬胶囊,西药
富马酸酮替芬鼻吸入气雾剂,西药
富马酸酮替芬鼻喷雾剂,西药
富马酸酮替芬鼻腔喷雾剂,西药
富马酸阿奇霉素胶囊,西药
寒冷凝集试验,诊疗技术及设备（治疗）
寒喘祖帕颗粒,中成药
寒莓,中草药
对乙酰氨基酚片,西药
对氨基水杨酸异烟肼片,西药
对氨基水杨酸钠片,西药
对氨基水杨酸钠肠溶片,西药
射干,中草药
射干利咽口服液,中成药
将止,西药
小二仙草,中草药
小儿一氧化碳中毒,疾病
小儿严重急性呼吸综合征,疾病
小儿人类疱疹病毒,疾病
小儿低心排出量综合征,疾病
小儿先天性膈疝,疾病
小儿内脏幼虫移行症,疾病
小儿军团病肾病,疾病
小儿军团菌病,疾病
小儿利斯特菌病,疾病
小儿副流感病毒肺炎,疾病
小儿化痰止咳颗粒,中成药
小儿单侧肺异常透亮综合征,疾病
小儿原发型肺结核,疾病
小儿原发性纤毛运动障碍,疾病
小儿双扑片,西药
小儿双清颗粒,中成药
小儿双磺甲氧苄啶颗粒,西药
小儿发热,疾病
小儿变应性亚败血症,疾病
小儿变应性鼻炎,疾病
小儿可泰尔,西药
小儿呼吸道合胞病毒肺炎,疾病
小儿咳喘灵口服液,西药
小儿咳喘灵泡腾片,中成药
小儿咳喘灵泡腾颗粒,中成药
小儿咳喘灵颗粒,中成药
小儿咳嗽,疾病
小儿咳瑞灵口服液,西药
小儿嗜血流感杆菌肺炎,疾病
小儿囊性纤维性变,疾病
小儿埃可及柯萨奇病毒感染,疾病
小儿埃莱尔—当洛综合征,疾病
小儿复方氨酚烷胺颗粒,西药
小儿复方盐酸妥洛特罗片,西药
小儿复方磺胺二甲嘧啶散,西药
小儿复方磺胺嘧啶颗粒,西药
小儿复方磺胺甲恶唑片,西药
小儿复方磺胺甲恶唑颗粒,西药
小儿多器官功能障碍综合征,疾病
小儿完全性肺静脉异位连接,疾病
小儿宝泰康颗粒,中成药
小儿宣肺止咳颗粒,中成药
小儿室间隔完整型肺动脉闭锁,疾病
小儿巨细胞病毒肺炎,疾病
小儿布洛芬栓,西药
小儿帕套综合征,疾病
小儿心搏呼吸骤停与心肺复苏术,诊疗技术及设备（治疗）
小儿急性呼吸衰竭,疾病
小儿急性喉、气管、支气管炎,疾病
小儿急性喉炎,疾病
小儿急性支气管炎,疾病
小儿急性粟粒型肺结核,疾病
小儿感冒,疾病
小儿感冒宁糖浆,西药
小儿感冒宁颗粒,西药
小儿感冒舒颗粒,中成药
小儿感冒退热糖浆,西药
小儿慢性支气管炎,疾病
小儿慢性肺炎,疾病
小儿慢性肉芽肿病,疾病
小儿慢性良性中性粒细胞减少症,疾病
小儿手—心畸形综合征,疾病
小儿播散性脂肪肉芽肿综合征,疾病
小儿支原体肺炎,疾病
小儿支气管哮喘,疾病
小儿支气管异物,疾病
小儿支气管肺炎,疾病
小儿普通易变型免疫缺陷,疾病
小儿李斯特菌病,疾病
小儿枸磺新啶片,西药
小儿柴芩清解颗粒,中成药
小儿柴桂退热颗粒,中成药
小儿止咳糖浆,西药
小儿止嗽金丹（散）,中成药
小儿毛细支气管炎,疾病
小儿气管支气管异物,疾病
小儿气胸,疾病
小儿氨咖黄敏颗粒,西药
小儿氨酚伪麻分散片,西药
小儿氨酚匹林咖啡因片,西药
小儿氨酚匹林片,西药
小儿氨酚烷胺颗粒,西药
小儿氨酚那敏片,西药
小儿氨酚黄那敏片,西药
小儿氨酚黄那敏颗粒,西药
小儿水杨酸盐类中毒,疾病
小儿治哮灵片,中成药
小儿流感病毒肺炎,疾病
小儿流行性喘憋性肺炎,疾病
小儿消咳片,中成药
小儿消积止咳口服液,西药
小儿淋巴细胞间质性肺炎,疾病
小儿淸热止咳口服液,西药
小儿清咽颗粒,中成药
小儿清感灵片,中成药
小儿清热利肺口服液,中成药
小儿清热化痰栓,中成药
小儿清热宁颗粒,中成药
小儿清热宁颗粒（果味型）,中成药
小儿清热宣肺贴膏,中成药
小儿清热止咳丸,中成药
小儿清热止咳合剂,中成药
小儿清热止咳服液,中成药
小儿清热止咳颗粒,中成药
小儿清肺化痰口服液,西药
小儿清肺化痰咀嚼片,中成药
小儿清肺化痰泡腾片,中成药
小儿清肺化痰颗粒,西药
小儿清肺止咳片,西药
小儿清肺颗粒,中成药
小儿清解颗粒,中成药
小儿热咳口服液,中成药
小儿热带嗜酸性粒细胞增多症,疾病
小儿热速清颗粒,中成药
小儿片吸虫病,疾病
小儿牛黄清肺散,中成药
小儿牛黄清肺片,中成药
小儿特发性肺含铁血黄素沉着症,疾病
小儿特发性肺纤维化,疾病
小儿特发性间质性肺炎,疾病
小儿珍贝散,中成药
小儿电解质补给注射液,西药
小儿病毒相关噬血细胞综合征,疾病
小儿白贝止咳糖浆,中成药
小儿百效片,中成药
小儿盐酸异丙嗪片,西药
小儿真菌性肺炎,疾病
小儿硫酸庆大霉素颗粒,西药
小儿纵隔压迫综合征,疾病
小儿纵隔囊肿及肿瘤,疾病
小儿结核性心包炎,疾病
小儿结核性胸膜炎,疾病
小儿结核病,疾病
小儿羚羊散,中成药
小儿肥胖通气不良综合征,疾病
小儿肺出血—肾炎综合征,疾病
小儿肺动脉高压,疾病
小儿肺咳颗粒,中成药
小儿肺栓塞,疾病
小儿肺水肿,疾病
小儿肺泡性蛋白沉积症,疾病
小儿肺炎,疾病
小儿肺炎支原体肺炎,疾病
小儿肺热咳喘口服液,西药
小儿肺热咳喘颗粒,中成药
小儿肺热平胶囊,中成药
小儿肺热清颗粒,中成药
小儿肺脓肿,疾病
小儿肺隔离症,疾病
小儿葫芦散,中成药
小儿蛔虫病,疾病
小儿衣原体肺炎,疾病
小儿解感片,中成药
小儿解感颗粒,中成药
小儿解表颗粒,中成药
小儿豉翘清热颗粒,中成药
小儿过敏性鼻炎,疾病
小儿过敏症,疾病
小儿选择性免疫球蛋白A缺乏症,疾病
小儿选择性免疫球蛋白G亚类缺陷病,疾病
小儿速效感冒片,西药
小儿郎格罕细胞性组织细胞增生症,疾病
小儿部分性肺静脉异位连接,疾病
小儿酚氨咖敏颗粒,西药
小儿金丹片,中成药
小儿金黄色葡萄球菌肺炎,疾病
小儿阻塞性睡眠呼吸暂停,疾病
小儿非内脂性网状内皮增殖综合征,疾病
小儿风热清口服液,中成药
小儿食物变态反应,疾病
小儿高IgE综合征,疾病
小儿高黏稠综合征,疾病
小儿麻甘颗粒,中成药
小地松,中草药
小布石,中成药
小果排草,中草药
小气道功能检查,诊疗技术及设备（治疗）
小牛脾提取物注射液,西药
小牛血去蛋白提取物注射液,西药
小白,西药
小眉,西药
小米草,中草药
小红参,中草药
小细胞肺癌,疾病
小肺筋草,中草药
小苏打,西药
小蕨萁,中草药
小螺菌感染,疾病
小金牛草,中草药
小陷胸汤,中成药
小青龙汤,中成药
小青龙胶囊,西药
小青龙颗粒,西药
小黑药,中草药
尔可芬,西药
尔可适,西药
尘肺,疾病
尘螨过敏性哮喘,疾病
尚尔宁,西药
尚杰/Xeljanz,西药
尤佳,西药
尤卓尔,西药
尤尼丁,西药
尤尼克,西药
尤尼清,西药
尤尼芬,西药
尤尼迪,西药
尤文,西药
尤林加,西药
尤米乐,西药
尤脱欣,西药
尤舒,西药
尤金,西药
尤靖安,西药
尼为孚,西药
尼力,西药
尼古丁透皮贴剂,西药
尼可刹米注射液,西药
尼可林,西药
尼基,西药
尼尔,西药
尼松,西药
尼柯康,西药
尼欣那,西药
尼泰欣,西药
尼洛替尼,西药
尼洛替尼胶囊,西药
尼派,西药
尼索地平缓释片,西药
尼索地平缓释胶囊,西药
尼膜同,西药
尼舒,西药
尼莫地平注射液,西药
尼莫地平片,西药
尼莫地平胶囊,西药
尿嘧啶替加氟片,西药
尿嘧啶替加氟胶囊,西药
尿毒症肺炎,疾病
尿铍检查,诊疗技术及设备（治疗）
局部麻醉药中毒,疾病
屈螺酮炔雌醇片（II）,西药
屋尘螨变应原制剂,西药
屏息试验,诊疗技术及设备（治疗）
屏风生脉胶囊,中成药
山乐汀,西药
山梗菜碱,西药
山梨醇注射液,西药
山江,西药
山海螺,中草药
山清,西药
山香圆颗粒,中成药
岗梅,中草药
岩列舒,西药
岩果止咳液,中成药
岩沙,西药
岩迪,西药
峨参,中草药
峨眉观音座莲,中草药
川威,西药
川射干,中草药
川贝半夏液,中成药
川贝散,中成药
川贝末胶囊,中成药
川贝枇杷糖浆,西药
川贝枇杷胶囊,西药
川贝枇杷露,中成药
川贝枇杷颗粒,中成药
川贝梨糖浆,中成药
川贝止咳糖浆,中成药
川贝止咳露,西药
川贝母,中草药
川贝清肺糖浆,西药
川贝罗汉止咳颗粒,中成药
川贝雪梨糖浆,中成药
川贝雪梨膏,中成药
左克,西药
左卡尼汀注射液,西药
左心衰,疾病
左氧氟沙星氯化钠注射液,西药
左氧氟沙星注射液,西药
左氧氟沙星片,西药
左洛复,西药
左羟丙哌嗪分散片,西药
左羟丙哌嗪口服溶液,西药
左羟丙哌嗪含片,西药
左羟丙哌嗪片,西药
左羟丙哌嗪胶囊,西药
左羟丙哌嗪颗粒,西药
巧特欣,西药
巨和粒,西药
巨噬细胞或白细胞移动抑制试验（MMIT）,诊疗技术及设备（治疗）
巨泰,西药
巨细胞病毒性肺炎,疾病
巨细胞病毒感染症,疾病
巯嘌呤片,西药
己烯雌酚注射液,西药
己酮可可碱氯化钠注射液,西药
己酮可可碱注射液,西药
己酮可可碱肠溶片,西药
己酮可可碱葡萄糖注射液,西药
巴掌草,中草药
巴斯德菌肺炎,疾病
巴曲酶注射液,西药
巴替,西药
巴柳氮钠片,西药
巴柳氮钠颗粒,西药
巴欣,西药
巴氯芬片,西药
巴沙,西药
巴洛沙星片,西药
巴洛沙星胶囊,西药
巴米尔,西药
巴美洛,西药
布地奈德吸入粉雾剂,西药
布地奈德气雾剂,西药
布地奈德福莫特罗粉吸入剂,西药
布地奈德粉吸入剂,西药
布地奈德鼻喷雾剂,西药
布氏菌肺炎,疾病
布洛伪麻分散片,西药
布洛伪麻干混悬剂,西药
布洛伪麻片,西药
布洛伪麻缓释片,西药
布洛伪麻胶囊,西药
布洛伪麻颗粒,西药
布洛芬乳膏,西药
布洛芬分散片,西药
布洛芬口腔崩解片,西药
布洛芬干混悬剂,西药
布洛芬泡腾片,西药
布洛芬混悬液,西药
布洛芬混悬滴剂,西药
布洛芬片,西药
布洛芬糖浆,西药
布洛芬缓释片,西药
布洛芬缓释胶囊,西药
布洛芬胶囊,西药
布洛芬软胶囊,西药
布洛芬颗粒,西药
布瑞亭,西药
布瑞平,西药
布累迪宁,西药
布美他尼注射液,西药
布美他尼片,西药
帅先,西药
帅威,西药
帅孚,西药
希乐森,西药
希刻劳,西药
希存,西药
希弗全,西药
希福尼,西药
希罗达,西药
希能,西药
希舒美,西药
希诺,西药
希路信,西药
帕可,西药
帕司烟肼片,西药
帕特拉,西药
帕米膦酸二钠注射液,西药
帕米膦酸二钠葡萄糖注射液,西药
帕迪星,西药
帝益洛,西药
帮备,西药
常年性鼻炎,疾病
常罗宁,西药
常通舒颗粒,中成药
干元丸,中成药
干彼美,西药
平克亚欣,西药
平喘抗炎胶囊,中成药
平喘益气颗粒,中成药
平坦,西药
平欣,西药
平纳糖膏,中成药
平能,西药
平衡液,西药
平贝母,中草药
平贝胶囊,中成药
平阳星,西药
广东升麻,中草药
广东紫珠,中草药
广易沙,西药
广维,西药
庆兴,西药
庆大霉素普鲁卡因维B12颗粒,西药
庆大霉素普鲁卡因胶囊,西药
庆大霉素甲氧苄啶注射液,西药
庆大霉素碳酸铋胶囊,西药
度和,西药
康丽能,西药
康乃克,西药
康乐鼻炎片,中成药
康利诺,西药
康力啶,西药
康力元,西药
康力星,西药
康力欣胶囊,中成药
康司艾,西药
康哌,西药
康士得,西药
康婷,西药
康媛颗粒,中成药
康宁克通—A,西药
康宝得维,西药
康尔贝宁,西药
康尼,西药
康得力,西药
康忻,西药
康恩贝,西药
康斯平,西药
康斯澳,西药
康时,中成药
康明,西药
康普利,西药
康普莱,西药
康楚,西药
康欣胶囊,中成药
康然,中成药
康纳乐,西药
康舒宁,西药
康艾注射液,西药
康莱尔,西药
康莱特注射液,西药
康莱特软胶囊,中成药
康裕登通,西药
康迈欣,西药
康迪欣,西药
康锐,西药
延丹胶囊,中成药
延尔,西药
延比尔,西药
延知,西药
延迪诺,西药
延龄长春胶囊,中成药
开克,西药
开刻立,西药
开博通,西药
开喉剑喷雾剂,中成药
开喉剑喷雾剂（儿童型）,中成药
开富林,西药
开富特,西药
开希莱,西药
开放性气胸,疾病
开普拓,西药
开林,西药
开浦兰,西药
开瑞坦,西药
开迈,西药
开顺,西药
异丁司特缓释胶囊,西药
异丁基哌嗪力复霉素胶囊,西药
异丙托溴铵气雾剂,西药
异乐定,西药
异戊巴比妥片,西药
异株百里香,中草药
异氟烷液,西药
异烟肼氯化钠注射液,西药
异烟肼注射液,西药
异烟肼片,中成药
异物肉芽肿,疾病
异福片,中成药
异福胶囊,西药
异福酰胺片,西药
异福酰胺胶囊,西药
异维A酸软胶囊,西药
异舒吉,西药
弓形体抗体测定,诊疗技术及设备（治疗）
弓形体筛选,诊疗技术及设备（治疗）
弗威,西药
弗赛得,西药
弗郎西丝菌肺炎,疾病
弘旭光,西药
弘旭明,西药
张力性气胸,疾病
弥凝,西药
弥可保,西药
弥漫性实质性肺疾病,疾病
弥漫性恶性胸膜间皮瘤,疾病
弥漫性胸膜间皮瘤,疾病
强乐苏,西药
强克,西药
强力优,西药
强力枇杷胶囊,中成药
强力枇杷露,西药
强力枇杷露（无糖型）,西药
强力枇杷露（炼蜜）,中成药
强力枇杷颗粒,中成药
强力止咳宁胶囊,西药
强力蜂乳浆胶丸,中成药
强力阿莫仙,西药
强力霉素,西药
彤舒通,西药
彤贝得,西药
彼优素,西药
彼妥,西药
彼得异常,疾病
彼来信,西药
彼欣,西药
彼洛彤,西药
彼诺,西药
彼赛宁,西药
彼迪清,西药
彼迪甘,西药
彼迪通,西药
征之,西药
律克,西药
律欣,西药
得力尔欣,西药
得宝松,西药
得富卡,西药
得尔夫星,西药
得必泰,西药
得斯芬,西药
得来恩,西药
得普利麻,西药
得生胶囊,中成药
得畅,西药
得舒特,西药
得菲尔,西药
微卡,西药
御感宁,西药
德可思,西药
德孚伶,西药
德宝星,西药
德宝生,西药
德宝益,西药
德瑞克,西药
德纳,西药
德维,西药
德路生,西药
心力衰竭,疾病
心咳,疾病
心得安,西药
心慌气短,疾病
心源性哮喘,疾病
心痛定,西药
心肌梗塞,疾病
心脏骤停与心肺脑复苏,诊疗技术及设备（治疗）
心血管MRI检查,诊疗技术及设备（治疗）
心血管造影检查,诊疗技术及设备（治疗）
心音图检查,诊疗技术及设备（治疗）
必与,西药
必亚欣,西药
必亮,西药
必停,西药
必兰（碧兰麻）,西药
必利那,西药
必可酮,西药
必嗽平,西药
必坦,西药
必存,西药
必洛斯,西药
必理通,西药
必畅,西药
必纳维,西药
必致,中成药
必达疏,西药
忆林,西药
忆辛,西药
志力,西药
快五优,西药
快力,西药
快如妥,西药
快迪,西药
念珠菌病,疾病
思为普,西药
思凯通,西药
思则凯,西药
思力华,西药
思复胜,西药
思孚欣,西药
思泽,西药
思然,西药
思特珑,西药
思真,西药
思而赞,西药
思诺思,西药
思贝格,西药
怡万之,西药
怡乐欣,西药
怡川,西药
怡平青,西药
怡度,西药
怡方,西药
怡瑞,西药
怡神保,西药
怡维康,西药
怡那林,西药
急性ST段抬高型心肌梗塞,疾病
急性上呼吸道感染,疾病
急性会厌炎,疾病
急性侵袭型肺曲霉病,疾病
急性光气中毒,疾病
急性呼吸窘迫综合征,疾病
急性咽喉炎,疾病
急性喉炎,疾病
急性失血所致贫血,疾病
急性左心功能衰竭,疾病
急性心力衰竭,疾病
急性心功能不全,疾病
急性支气管炎,疾病
急性有机磷农药中毒,疾病
急性气管支气管炎,疾病
急性硫化氢中毒,疾病
急性纵隔炎,疾病
急性细支气管炎,疾病
急性肺源性心脏病,疾病
急性肺脓肿,疾病
急性间质性肺炎,疾病
急性非ST段抬高型心肌梗死,疾病
急性高原病,疾病
急支糖浆,西药
急支颗粒,中成药
恒丹,西药
恒健,中成药
恒制咳喘胶囊,中成药
恒奥,西药
恒孚,西药
恒宜,西药
恒康正清,西药
恒德,西药
恒扬,西药
恒捷,西药
恒洛,西药
恒智,西药
恒特,西药
恒至,西药
恒苏,西药
恒迈,西药
恒运,西药
恒迪克,西药
恒雪素,西药
恩久平,西药
恩再适,西药
恩利,西药
恩复德,西药
恩威/力克舒,西药
恩尔欣,西药
恩度,西药
恩普洛,西药
恩曲利替片,西药
恩氟烷,西药
恩理思,西药
恩瑞特,西药
恩甘定,西药
恩诺平,西药
恬倩,西药
恬尔心,西药
息亭舒,西药
息喘丸,中成药
息宁,西药
息斯敏,西药
息柯宁,西药
息洛安,西药
恰克,西药
恶性肿瘤,疾病
恶性胸腔积液,疾病
悉君宁,西药
悉复欢,西药
悉敏,西药
悉林,西药
悉畅,西药
悉美,西药
悉能,西药
悦亭,西药
悦南珊,西药
悦博,西药
悦复隆,西药
悦宁定,西药
悦安欣,西药
悦康,西药
悦康他宁,西药
悦康优,西药
悦康凯欣,西药
悦康力欣,西药
悦康力隆,西药
悦康圣灵,西药
悦康多治,西药
悦康定,西药
悦康明可欣,西药
悦康普能,西药
悦康曼福,西药
悦康索达欣,西药
悦康舒达,西药
悦康迈隆,西药
悦康通,西药
悦康那西,西药
悦敏兴,西药
悦达宁,西药
惠可,西药
惠复得,西药
惠尔血,西药
惠尔血GR.AN,西药
惠百释,西药
惠益康,西药
惠络平,西药
惠荃霖,西药
惠菲宁,西药
惠菲宣,西药
愈创甘油醚片,中成药
愈创甘油醚糖浆,西药
愈创甘油醚颗粒,中成药
愈创维林那敏片,西药
愈畅,西药
愈美分散片,中成药
愈美片,中成药
愈美片（包衣片）,西药
愈美甲麻敏糖浆,西药
愈美缓释片,西药
愈美胶囊,中成药
愈美胶囊（I）,西药
愈美颗粒剂,中成药
愈酚伪麻口服溶液,西药
愈酚伪麻待因口服溶液,西药
愈酚伪麻片,西药
愈酚伪麻颗粒,西药
愈酚喷托异丙嗪颗粒,西药
愈酚待因口服溶液,西药
愈酚溴新口服溶液,西药
愈酚甲麻那敏糖浆,西药
愈酚甲麻那敏颗粒,西药
愈酚维林片,西药
意司灵,西药
意安林,西药
意施丁,西药
意美,西药
感冒丸,中成药
感冒咳嗽片,中成药
感冒咳嗽颗粒,中成药
感冒安片,中成药
感冒康胶囊,中成药
感冒止咳片,中成药
感冒止咳糖浆,西药
感冒止咳颗粒,西药
感冒消炎片,中成药
感冒清热胶囊,中成药
感冒清热软胶囊,中成药
感冒清胶囊,中成药
感冒炎咳灵片,中成药
感冒疏风丸,中成药
感冒疏风片,中成药
感冒疏风胶囊,中成药
感冒疏风颗粒,中成药
感冒胶囊,中成药
感冒舒颗粒,中成药
感冒解毒灵颗粒,中成药
感冒解毒片,中成药
感冒软胶囊,中成药
感冒退热颗粒,西药
感冒通片,西药
感冒颗粒,中成药
感咳双清胶囊,中成药
感愈胶囊,中成药
感染,疾病
感染免疫检测,诊疗技术及设备（治疗）
感染性休克,疾病
感清糖浆,西药
感特灵片,中成药
感特灵胶囊,中成药
感通片,中成药
感速康胶囊,中成药
慢性咳嗽,疾病
慢性支气管炎,疾病
慢性炎症,疾病
慢性肺源性心脏病,疾病
慢性脓胸,疾病
慢性阻塞性肺疾病,疾病
慢性鼻窦炎,疾病
慢支固本颗粒,西药
慢阻肺,疾病
慧友,西药
慧红,西药
慷彼申,西药
戈达利,西药
戊四氮注射液,西药
戊四硝酯片,西药
成静,西药
戴芬,西药
手术后膈疝,诊疗技术及设备（治疗）
扎鲁司特片,西药
扑尔伪麻片,西药
扑尔敏片,西药
扑感敏片,西药
扑感片,中成药
扑米酮片,西药
扑美伪麻片/美扑伪麻片,西药
扑风清,西药
打鼾,疾病
托伐普坦片,西药
托卡朋片,西药
托妥,西药
托安,西药
托平,西药
托恩,西药
托拉塞米注射液,西药
托拉塞米片,西药
托拉塞米胶囊,西药
托普优,西药
托珠单抗注射液,西药
托百士,西药
托西溴苄铵注射液,西药
托西酸舒他西林分散片,西药
托西酸舒他西林片,西药
托西酸舒他西林胶囊,西药
扫描电子显微镜检查,诊疗技术及设备（治疗）
扫日劳清肺止咳胶囊,中成药
扶严宁,西药
扶亢,西药
扶他林,西药
扶兰青,西药
扶尔,西药
扶时可,西药
扶正养阴片,中成药
扶正化瘀胶囊,中成药
扶达,西药
抑肽酶氯化钠注射液,西药
抑那通,西药
抒坦清,西药
抒彤,西药
抒罗康,西药
抗中性粒细胞胞浆,诊疗技术及设备（治疗）
抗人T细胞猪免疫球蛋白,西药
抗人胸腺淋巴细胞球蛋白（猪）,西药
抗体免疫缺陷病,疾病
抗军团菌抗体试验,诊疗技术及设备（治疗）
抗利尿激素不适当分泌综合征,疾病
抗利尿激素检查,诊疗技术及设备（治疗）
抗力健,西药
抗力欣,西药
抗感灵片,中成药
抗感胶囊,中成药
抗感解毒口服液,中成药
抗感解毒片,中成药
抗感解毒胶囊,中成药
抗感解毒颗粒,中成药
抗桥粒自身抗体检查,诊疗技术及设备（治疗）
抗球蛋白试验（Coombs试验）,诊疗技术及设备（治疗）
抗病毒丸（浓缩丸）,中成药
抗病毒口服液,西药
抗病毒咀嚼片,中成药
抗病毒滴丸,中成药
抗病毒片,中成药
抗病毒糖浆,中成药
抗病毒胶囊,中成药
抗病毒软胶囊,中成药
抗痨胶囊,中成药
抗痨颗粒,中成药
抗磷脂综合征,疾病
抗菲,西药
抗蛇毒血清,西药
抗蝮蛇毒血清,西药
抗表皮基底膜抗体检查,诊疗技术及设备（治疗）
抗链球菌壁多糖抗体检查,诊疗技术及设备（治疗）
抗麻疹病毒抗体检查,诊疗技术及设备（治疗）
抚尔达,西药
护古,中成药
护川,西药
护菲特,西药
拉司太特,西药
拉坦噻吗滴眼液,西药
拉替拉韦钾片,西药
拉索脱,西药
拓僖,西药
拜复乐,西药
拜尼多,西药
拜瑞妥,西药
拜科奇,西药
拜美,西药
拜阿司匹灵,西药
择泰,西药
拳参,中草药
振源胶囊,中成药
振霖金安,西药
捷佰立,西药
捷佰舒,西药
捷凝,西药
捷力,西药
捷可沙,西药
捷名,西药
捷平,西药
捷抚,西药
捷清,西药
捷芝,西药
捷诺维,西药
捷诺达,西药
捷赐瑞,西药
捷赛,西药
捷通,西药
接合菌病,疾病
提愈,西药
搏力高,西药
搏沃欣,西药
搜风理肺丸,中成药
摩弥齐,西药
摩根菌肺炎,疾病
摩美得,中成药
摸空征,诊疗技术及设备（治疗）
播散性嗜酸粒细胞增多性胶原病,疾病
支原体感染,疾病
支原体肺炎,疾病
支气管发育不全,疾病
支气管哮喘,疾病
支气管哮喘运动激发试验,诊疗技术及设备（治疗）
支气管囊肿,疾病
支气管扩张症,疾病
支气管源性囊肿,疾病
支气管炎,疾病
支气管炎片,中成药
支气管类癌肿瘤,疾病
支气管肺淀粉样变,疾病
支气管肺炎,疾病
支气管肺癌,疾病
支气管肺隔离症,疾病
支气管舒张试验检查,诊疗技术及设备（治疗）
放射免疫显象,诊疗技术及设备（治疗）
放射性肺炎,疾病
放射性胶体金[198Au]注射液,西药
放射过敏原吸附试验（RAST）,诊疗技术及设备（治疗）
放线菌病,疾病
敏使朗,西药
敏奇,西药
敏新,西药
敏柏宁,西药
敖康欣,西药
敢宁,西药
敢诺新,西药
散寒解热口服液,中成药
散痰宁糖浆,西药
散风透热颗粒,中成药
文清,西药
文达敏,西药
文迪雅,西药
文飞,西药
斑疹伤寒立克次体肺炎,疾病
斑疹伤寒血清学检测,诊疗技术及设备（治疗）
斑蝥酸钠维生素B6注射液,西药
断血流片,中成药
断血流胶囊,西药
断血流软胶囊,中成药
断血流颗粒,中成药
斯力帮,西药
斯卫尔,西药
斯叩达鼓音,诊疗技术及设备（治疗）
斯唯博,西药
斯奇康,西药
斯帕丰,西药
斯必申,西药
斯普林,西药
斯曲帝,西药
斯沃,西药
斯皮仁诺,西药
斯耐普,西药
斯莱美,西药
斯诺平,西药
斯迪诺,西药
新亚力普,西药
新体卡松,西药
新先锋,西药
新克君,西药
新博林,西药
新卡罗,西药
新司汀,西药
新同德,西药
新复方大青叶片,中成药
新天欣,西药
新山地明,西药
新康司达,西药
新康泰克（红色装）,西药
新康泰克（蓝色装）,西药
新斯的明试验,诊疗技术及设备（治疗）
新欧瑞,西药
新泰林,西药
新泪然,西药
新泰洛其,西药
新活素,西药
新特灭,西药
新瑞普欣,西药
新生儿B族链球菌感染,疾病
新生儿Wilson—Mikity综合征,疾病
新生儿休克,疾病
新生儿低体温,疾病
新生儿单纯疱疹病毒感染,疾病
新生儿呼吸暂停,疾病
新生儿呼吸窘迫综合征,疾病
新生儿巨细胞病毒感染,疾病
新生儿持续性肺动脉高压,疾病
新生儿晚期代谢性酸中毒,疾病
新生儿柯萨奇病毒B感染,疾病
新生儿水肿,疾病
新生儿湿肺,疾病
新生儿窒息,疾病
新生儿红细胞增多症—高黏滞度综合征,疾病
新生儿肺不张,疾病
新生儿肺气漏,疾病
新生儿肺炎,疾病
新生儿获得性免疫缺陷综合征,疾病
新生儿衣原体感染,疾病
新生儿青紫,疾病
新生霉素胶囊,西药
新癀片,中成药
新福欣,西药
新红康,西药
新络纳,西药
新芬泰,西药
新芬美琳,西药
新菲,西药
新西平,西药
新赛斯平,西药
新达罗,西药
新达苏,西药
新适确得,西药
新雪胶囊,中成药
新雪颗粒,西药
新青羽,西药
新鱼腥草素钠注射液,中成药
方儿茶,中草药
方刻林,西药
方榄,中草药
施保利通片,中成药
施华洛,西药
施博,西药
施可欣,西药
施坦宁,西药
施复捷,西药
施多宁,西药
施宁,西药
施慧达,西药
施普善,西药
施沛特,西药
施泰乐,西药
施爱克,西药
施美力健,西药
施达赛,西药
施迪欣,西药
无环尿苷,西药
日夜百服咛,西药
日达仙,西药
旨泰,西药
旨清,西药
早产儿,疾病
早产儿贫血,疾病
旭原,西药
时尔平,西药
时泰,西药
时美百服咛,西药
时行感冒,疾病
昂德腊耳征,诊疗技术及设备（治疗）
昂润,西药
昂特,西药
昆特,西药
明党参,中草药
明兴,西药
明可欣,西药
明希欣,西药
明泽胶囊,中成药
明竹欣,西药
明通治伤风颗粒,中成药
易优瑞康,西药
易优瑞欣,西药
易使宁,西药
易可亚,西药
易启康,西药
易坦静,西药
易必生,西药
易扑欣,西药
易瑞沙,西药
易维特,西药
易维适,西药
易菲莎,西药
易路美,西药
易达生,西药
易集康,西药
昔萘酸沙美特罗气雾剂,西药
昕维,西药
昕美,西药
星伐威,西药
星洛,西药
星特,西药
星瑞克,西药
星索宁,西药
星雅,西药
春梅颗粒,中成药
显微镜下多血管炎,疾病
普乐可复,西药
普仑司特胶囊,西药
普仁平,西药
普伐他汀钠片,西药
普元,西药
普光,西药
普利宁,西药
普利康,西药
普利莫,西药
普南扑灵,西药
普卢利沙星分散片,西药
普卢利沙星片,西药
普威,西药
普尼克斯,西药
普恩复,西药
普托平,西药
普拉固,西药
普施捷,西药
普来乐,西药
普沁,西药
普泽欣,西药
普洛施,西药
普润,西药
普特彼,西药
普瑞博思,西药
普生克林,西药
普立特,西药
普米克,西药
普米克令舒,西药
普米克都保,西药
普罗新希,西药
普耐同,西药
普舒,西药
普芬,西药
普菲特,西药
普贺,西药
普阳,西药
普鲁卡因肾上腺素注射液,西药
景天三七,中草药
晴世格,西药
晴尔,西药
晶奇,西药
暗色丝孢霉病,疾病
曲伐沙星片,西药
曲克芦丁氯化钠注射液,西药
曲克芦丁注射液,西药
曲克芦丁片,西药
曲克芦丁羟丙茶碱片,西药
曲克芦丁羟丙茶碱胶囊,西药
曲克芦丁胶囊,西药
曲克芦丁葡萄糖注射液,西药
曲前列尼尔注射液,西药
曲力,西药
曲匹地尔片,西药
曲司氯铵片,西药
曲同康,西药
曲奥,西药
曲安奈德口腔软膏,西药
曲安奈德氯霉素溶液,西药
曲安奈德新霉素贴膏,西药
曲安奈德注射液,西药
曲安奈德鼻喷雾剂,西药
曲安西龙片,西药
曲尼司特片,西药
曲尼司特胶囊,西药
曲昔匹特片,西药
曲昔匹特胶囊,西药
曲昔派特胶囊,西药
曲通,西药
曲霉病,疾病
更昔洛韦分散片,西药
更昔洛韦氯化钠注射液,西药
更昔洛韦注射液,西药
更昔洛韦胶囊,西药
更昔洛韦葡萄糖注射液,西药
曼塞得,西药
曼奇,西药
曼宁,西药
曼普斯同,西药
曼普特,西药
曼舒林,西药
替他欣,西药
替加氟注射液,西药
替加氟氯化钠注射液,西药
替加氟胶囊,西药
替勃龙片,西药
替吉奥胶囊,西药
替尼泊苷注射液,西药
替格瑞洛片,西药
替硝唑氯化钠注射液,西药
替硝唑注射液,西药
替硝唑片,西药
替硝唑胶囊,西药
替硝唑葡萄糖注射液,西药
替米沙坦分散片,西药
替米沙坦氢氯噻嗪片,西药
替米沙坦片,西药
替米沙坦胶囊,西药
替莫唑胺胶囊,西药
替鞘唑氧化钠注射液,西药
替马尔,西药
月经性哮喘,疾病
有机氯杀虫剂中毒,疾病
服克,西药
服松,西药
朗依制药,西药
朗悦,西药
朗格汉斯组织细胞增多症,疾病
朗格汉斯细胞肉芽肿病,疾病
朗瑞,西药
朗瑞西乐,西药
朗素,西药
朗铭,西药
木丹颗粒,中成药
木槿子,中草药
木槿根,中草药
木槿花,中草药
木竭胶囊,中成药
木糖醇氯化钠注射液,西药
木芙蓉花,中草药
木蝴蝶,中草药
本悦,西药
朴感敏,西药
机化性肺炎,疾病
机会性感染,疾病
杀虫脒中毒,疾病
杆菌性上皮样血管瘤病,疾病
李斯特菌病,疾病
杏仁止咳糖浆,西药
杏仁止咳颗粒,中成药
杏苏二陈丸,中成药
杏苏感冒颗粒,中成药
杏苏散,中成药
杏苏止咳糖浆,西药
杏苏止咳颗粒,中成药
杏贝止咳颗粒,中成药
杏雪,西药
杜密克,西药
杜波组织胞质菌病,疾病
杜衡,中草药
杜迪,西药
杜香油胶丸,中成药
杠板归,中草药
来佳,西药
来切利,西药
来可信,西药
来得时,西药
来斯,西药
来曲唑片,西药
来比信,西药
来比新,西药
来比林,西药
来氟米特片,西药
来福乐欣,西药
来立信,西药
来适可缓释片,西药
来那度胺胶囊,西药
杰力泰,西药
杰力纾,西药
杰奇,西药
杰益维,西药
杷叶润肺止咳膏,中成药
松梅乐,西药
松泰斯,西药
枇杷,中草药
枇杷叶膏,中成药
枇杷根,中草药
枇杷止咳胶囊,中成药
枇杷止咳颗粒,中成药
枇杷花,中草药
林可佳,西药
林可宏,西药
林格氏液针,西药
林荣,西药
林迈欣,西药
果糖二磷酸钙注射液,西药
果糖二磷酸钠注射液,西药
果糖氯化钠注射液,西药
果糖注射液,西药
果醇,西药
枢丹,西药
枢刻明,西药
枢复宁,西药
枢瑞,西药
枢绮,西药
枢维新,西药
枢芬,西药
枢衡,西药
枪刀药,中草药
枸橼酸乙胺嗪片,西药
枸橼酸哌嗪片,西药
枸橼酸哌嗪糖浆,西药
枸橼酸喷托维林滴丸,西药
枸橼酸喷托维林片,西药
枸橼酸喷托维林糖浆,西药
枸橼酸托法替布片,西药
枸橼酸托瑞米芬片,西药
枸橼酸杆菌肺炎,疾病
枸橼酸舒芬太尼注射液,西药
枸橼酸芬太尼注射液,西药
枸橼酸西地那非片,西药
枸橼酸钾口服溶液,西药
枸橼酸钾颗粒,西药
枸橼酸铋钾片替硝唑片克拉霉素片组合包装,西药
枸磺新啶片,西药
柏多瑞,西药
柏美星,西药
柯瑞达,西药
柯萨,西药
柯萨奇病毒和埃可病毒感染,疾病
柯萨奇病毒感染,疾病
柳栎浸膏胶囊,中成药
柳氮磺吡啶片,西药
柳氮磺吡啶结肠溶胶囊,西药
柳氮磺吡啶肠溶片,西药
柴胡注射液,西药
柴贯解热颗粒,中成药
柴辛感冒注射液,西药
柴银口服液,中成药
柴银颗粒,中成药
柴黄清热颗粒,中成药
柴黄软胶囊,中成药
柴黄颗粒,西药
柿霜,中草药
标准桃金娘油肠溶胶囊,中成药
标准桃金娘油肠溶胶囊（成人装）,西药
标准碳酸氢盐（SB）,诊疗技术及设备（治疗）
核酪口服溶液,西药
核酪注射液,西药
格列卫,西药
格列美脲滴丸,西药
格列美脲片,西药
格平,西药
格得,西药
格拉诺赛特,西药
格爽,西药
格瑞佳,西药
格瑞西,西药
格芬达,西药
格隆溴铵片,西药
桂龙咳喘宁片,中成药
桂龙咳喘宁胶囊,中成药
桂龙咳喘宁蜜炼膏,中成药
桂龙咳喘宁颗粒,中成药
桃仁,中草药
桃花散,中成药
桉柠蒎肠溶软胶囊,中成药
桑克令,西药
桑叶,中草药
桑姜感冒注射液,西药
桑姜感冒片,中成药
桑姜感冒胶囊,中成药
桑杏汤,中成药
桑美,西药
桑菊感冒丸,中成药
桑菊感冒散,中成药
桑菊感冒片,西药
桑菊感冒颗粒,中成药
桑菊银翘散,中成药
桑菊饮,中成药
桔梗,中草药
桔梗冬花片,中成药
桔梗冬花颗粒,中成药
桔王,西药
桔贝合剂,中成药
桔贝止咳祛痰片,中成药
桔远止咳片,中成药
梅格施,西药
梅翁退热颗粒,中成药
梅苏颗粒,中成药
梅露,中草药
梦灵康,西药
梵天花,中草药
棉子油中毒,疾病
棉屑沉着病,疾病
棕榈氯霉素（B型）片,西药
棕榈酸帕利哌酮注射液,西药
棘球蚴病,疾病
棘球蚴皮内试验,诊疗技术及设备（治疗）
森克,西药
森奥欣,西药
森得宁,西药
森悦,西药
森汀,西药
森泰保,西药
森铁能,西药
植物血凝素试验,诊疗技术及设备（治疗）
椰露止咳合剂,西药
楔状缺损,疾病
楚尔盖分枝杆菌感染,疾病
楚来,西药
楷莱,西药
榄香烯口服乳,西药
榄香注射液,西药
榄香烯注射液,西药
榕敏颗粒,中成药
榧子,中草药
樟脑磺酸钠注射液,西药
樟脑薄荷柳酯乳膏,中成药
橘半止咳颗粒,中成药
橘红丸,西药
橘红化痰片,中成药
橘红化痰胶囊,中成药
橘红枇杷片,中成药
橘红梨膏,中成药
橘红片,中成药
橘红痰咳泡腾片,中成药
橘红痰咳液,中成药
橘红痰咳煎膏,中成药
橘红痰咳颗粒,中成药
橘红胶囊,中成药
橘红颗粒,西药
欣他,西药
欣克洛,西药
欣力康颗粒,中成药
欣匹特,西药
欣可保,西药
欣可诺,西药
欣君力星,西药
欣复能,西药
欣复赛,西药
欣复达,西药
欣宁,西药
欣宇森,西药
欣安林,西药
欣平,西药
欣康,西药
欣得生,西药
欣忆康,西药
欣普,西药
欣普贝生,西药
欣晴,西药
欣梅乐,西药
欣母沛,西药
欣比特,西药
欣洛平,西药
欣浦澳,西药
欣渠,西药
欣然,西药
欣百昌,西药
欣百达,西药
欣益尔,西药
欣粒生,西药
欣络平,西药
欣维宁,西药
欣维治,西药
欣美佳,西药
欣美平,西药
欣美格,西药
欣美罗,西药
欣诺金,西药
欣路信,西药
欣轻三,西药
欣运乐,西药
欣雪平,西药
欧乃影,西药
欧健,西药
欧克双,西药
欧兰宁,西药
欧力,西药
欧唐宁,西药
欧宁,西药
欧得曼,西药
欧必亭,西药
欧意,西药
欧普定,西药
欧智宁,西药
欧来宁,西药
欧爽,西药
欧特罗康,西药
欧狄沃/OPDIVO,西药
欧瑞,西药
欧立停,西药
欧美宁,西药
欧贝,西药
欧迈,西药
欧龙马滴剂,中成药
款冬花,中草药
止咳丸,中成药
止咳宁嗽胶囊,中成药
止咳定喘片,中成药
止咳宝片,中成药
止咳平喘糖浆,中成药
止咳枇杷糖浆,西药
止咳枇杷颗粒,中成药
止咳梨煎膏,中成药
止咳橘红丸,西药
止咳橘红口服液,西药
止咳橘红胶囊,中成药
止咳橘红颗粒,中成药
止咳片,中成药
止咳祛痰颗粒,中成药
止咳胶囊,中成药
止喘灵口服液,中成药
止喘灵注射液,中成药
止嗽丸,中成药
止嗽化痰胶囊,中成药
止嗽定喘丸,中成药
止嗽定喘片,中成药
止嗽散,中成药
止嗽片,中成药
止嗽立效丸,中成药
止嗽立效片,中成药
止嗽立效胶囊,中成药
止嗽青果丸,中成药
止血宁胶囊,中成药
止血宝颗粒,中成药
止血敏针,西药
正吉,西药
正大素克,西药
正柴胡饮颗粒,西药
正清风痛宁注射液,中成药
正清风痛宁缓释片,中成药
正清风痛宁胶囊,中成药
正电子发射计算机断层扫描（PET）,诊疗技术及设备（治疗）
武都力,西药
殊奇,西药
每安风,西药
毒毛花苷k注射液,西药
毒素皮肤试验,诊疗技术及设备（治疗）
毓罗纾,西药
比亚芬,西药
比佳斯,西药
比卡鲁胺片,西药
比卡鲁胺胶囊,西药
比塞征,诊疗技术及设备（治疗）
比川,西药
比拜克胶囊,中成药
比清,西药
比立,西药
比索洛尔氢氯噻嗪片,西药
毕克,西药
毕利,西药
毕林,西药
毕正,西药
毕立枢,西药
毕诺,西药
毛圆线虫病,疾病
毛孢子菌病,疾病
毛果芸香碱出汗试验,诊疗技术及设备（治疗）
毛细支气管炎,疾病
毛蚴孵化法,诊疗技术及设备（治疗）
毛霉病,疾病
民彤,西药
民诺宾,西药
气单胞菌肺炎,疾病
气片,西药
气管、支气管狭窄,疾病
气管内插管术,诊疗技术及设备（治疗）
气管前间隙感染,疾病
气管及支气管发育障碍,疾病
气管恶性肿瘤,疾病
气管支气管异物,疾病
气管炎,疾病
气管炎丸,中成药
气管畸形,疾病
气管肿瘤,疾病
气管软化症,疾病
气管闭合性损伤,疾病
气管食管瘘,疾病
气胸,疾病
气道过敏试验,诊疗技术及设备（治疗）
气道阻力（R）,诊疗技术及设备（治疗）
气钡双对比造影,诊疗技术及设备（治疗）
氟伐他汀钠胶囊,西药
氟吗宁,西药
氟哌酸,西药
氟尿嘧啶口服乳,中成药
氟尿嘧啶氯化钠注射液,西药
氟尿嘧啶注射液,西药
氟尿嘧啶片,西药
氟尿嘧啶葡萄糖注射液,西药
氟康唑分散片,西药
氟康唑氯化钠注射液,西药
氟康唑注射液,西药
氟康唑片,西药
氟康唑葡萄糖注射液,西药
氟康唑颗粒,西药
氟比洛芬巴布膏,西药
氟氯西林钠胶囊,西药
氟氯西林钠阿莫西林胶囊,西药
氟氯西林钠颗粒,西药
氟罗沙星分散片,西药
氟罗沙星注射液,西药
氟罗沙星片,西药
氟罗沙星胶囊,西药
氟罗沙星葡萄糖注射液,西药
氟胞嘧啶注射液,西药
氟胞嘧啶片,西药
氢化可的松注射液,西药
氢化可的松片,西药
氢化泼尼松注射液,西药
氢溴酸东茛菪碱注射液,西药
氢溴酸东莨菪碱注射液,西药
氢溴酸东莨菪碱片,西药
氢溴酸右美沙芬分散片,西药
氢溴酸右美沙芬口服液,西药
氢溴酸右美沙芬口服溶液,西药
氢溴酸右美沙芬咀嚼片,西药
氢溴酸右美沙芬注射液,西药
氢溴酸右美沙芬溶液,西药
氢溴酸右美沙芬滴丸,西药
氢溴酸右美沙芬滴鼻液,西药
氢溴酸右美沙芬片,西药
氢溴酸右美沙芬糖浆,西药
氢溴酸右美沙芬胶囊,西药
氢溴酸右美沙芬软胶囊,西药
氢溴酸右美沙芬颗粒,西药
氢溴酸山莨菪碱片,西药
氢溴酸烯丙吗啡注射液,西药
氢溴酸西酞普兰片,西药
氢溴酸高乌甲素氯化钠注射液,西药
氢溴酸高乌甲素注射液,西药
氢溴酸高乌甲素片,西药
氢溴酸高乌甲素葡萄糖注射液,西药
氧,西药
氧中毒,疾病
氧化樟脑注射液,西药
氧氟沙星凝胶,西药
氧氟沙星栓,西药
氧氟沙星氯化钠注射液,西药
氧氟沙星注射液,西药
氧氟沙星片,西药
氧氟沙星甘露醇注射液,西药
氧氟沙星缓释片,西药
氧氟沙星胶囊,西药
氧氟沙星葡萄糖注射液,西药
氧氟沙星颗粒,西药
氧（液态）,西药
氨力农注射液,西药
氨基己酸注射液,西药
氨基己酸片,西药
氨愈美麻分散片,西药
氨气中毒,疾病
氨氯地平贝那普利片（II）,西药
氨氯地平阿托伐他汀钙片,西药
氨溴特罗口服液,西药
氨溴特罗口服溶液,西药
氨溴特罗片,西药
氨硫脲片,西药
氨苄西林—丙磺舒胶囊,西药
氨苄西林丙磺舒分散片,西药
氨苄西林片,西药
氨苄西林胶囊,西药
氨苄西林颗粒,西药
氨苯砜片,西药
氨苯蝶啶氢氯噻嗪片,西药
氨苯蝶啶片,西药
氨茶碱氯化钠注射液,西药
氨茶碱注射液,西药
氨茶碱片,西药
氨茶碱缓释片,西药
氨酚伪麻分散片,西药
氨酚伪麻氯汀片,西药
氨酚伪麻滴剂,西药
氨酚伪麻片,西药
氨酚伪麻片（II）,西药
氨酚伪麻美芬片,西药
氨酚伪麻美芬片II/氨麻苯美片,西药
氨酚伪麻美芬片III氨麻美敏片III,西药
氨酚伪麻美芬片（日片）/氨麻美敏片II（夜片）,西药
氨酚伪麻美那敏片,西药
氨酚伪麻胶囊,西药
氨酚伪麻胶囊（II）,西药
氨酚伪麻那敏分散片,西药
氨酚伪麻那敏咀嚼片,西药
氨酚伪麻那敏溶液,西药
氨酚伪麻那敏片,西药
氨酚伪麻那敏片（II）,西药
氨酚伪麻那敏片（I）,西药
氨酚伪麻那敏胶囊,西药
氨酚伪麻颗粒,西药
氨酚双氢可待因片,西药
氨酚咖匹林片,西药
氨酚待因片（II）,西药
氨酚待因片（I）,西药
氨酚曲马多片,西药
氨酚曲马多胶囊,西药
氨酚氯汀伪麻片,西药
氨酚沙芬口服溶液,西药
氨酚甲硫氨酸胶囊,西药
氨酚美伪麻与苯酚伪麻片,西药
氨酚美伪麻片,西药
氨酚美伪麻片与苯酚伪麻片,西药
氨酚美芬伪麻分散片,西药
氨酚羟考酮片,西药
氨酚羟考酮胶囊,西药
氨酚那敏三味浸膏胶囊,西药
氨酚麻美口服溶液,西药
氨酚麻美干混悬剂,西药
氨酚麻美糖浆,西药
氨酪酸氯化钠注射液,西药
氨酪酸注射液,西药
氨金黄敏颗粒,西药
氨麻美敏片,西药
氨麻美敏片（III）,西药
氨麻美敏片（II）,西药
氨麻美明分散片,西药
氯丙嗪类药物中毒,疾病
氯化琥珀胆碱注射液,西药
氯化筒箭毒碱注射液,西药
氯化钠注射液,西药
氯化钾注射液,西药
氯化铵片,西药
氯唑西林钠胶囊,西药
氯唑西林钠颗粒,西药
氯气中毒,疾病
氯氧喹胶囊,西药
氯沙坦钾氢氯噻嗪片,西药
氯沙坦钾片,西药
氯沙坦钾胶囊,西药
氯硝柳胺片,西药
氯硝西泮注射液,西药
氯硝西泮片,西药
氯碳头孢胶囊,西药
氯膦酸二钠注射液,西药
氯膦酸二钠片,西药
氯膦酸二钠胶囊,西药
氯芬黄敏片,西药
氯苯那敏伪麻黄碱口服溶液,西药
氯贝丁酯胶囊,西药
氯贝酸铝片,西药
氯雷他定分散片,西药
氯雷他定口腔崩解片,西药
氯雷他定片,西药
氯雷他定颗粒,西药
氯雷伪麻缓释片,西药
氯霉素注射液,西药
氯霉素片,西药
氯霉素胶囊,西药
氰化物中毒,疾病
水中毒,疾病
水合氯醛中毒,疾病
水杨酸咪唑片,西药
水杨酸毒扁豆碱眼膏,西药
水杨酸类中毒,疾病
水林佳,西药
水痘肺炎,疾病
水解蛋白注射液,西药
水飞蓟宾胶囊,中成药
永喜,西药
永存动脉干,疾病
汇德立康,西药
汇杰,西药
汇瑞克,西药
汇龙元活苏,西药
汉光妥,西药
汉坦病毒肺综合征,疾病
汉德—许勒尔—克思斯琴病,疾病
汉森,西药
汉防己甲素注射液,西药
汉防己甲素片,西药
汗液电解质检查,诊疗技术及设备（治疗）
江波,中成药
汤尼威,西药
汽油中毒,疾病
沁林,西药
沂可隆,西药
沃汀,西药
沐欣,西药
沐而畅,西药
沐舒坦,西药
沙丁胺醇口腔崩解片,西药
沙丁胺醇气雾剂,西药
沙丁胺醇气雾剂（混悬型）,西药
沙严隆,西药
沙多力卡,西药
沙格列汀片,西药
沙棘,中草药
沙棘丸,西药
沙棘油软胶囊,西药
沙棘片,西药
沙棘颗粒,西药
沙汀宁,西药
沙泰齐,西药
沙眼衣原体抗原检查,诊疗技术及设备（治疗）
沙眼衣原体检查,诊疗技术及设备（治疗）
沙眼衣原体肺炎,疾病
沙美特罗替卡松粉吸入剂,西药
沙芬伪麻咀嚼片,西药
沙雷菌肺炎,疾病
沛儿,西药
河车大造丸,中成药
河车大造胶囊,中成药
油性肉芽肿,疾病
治刻,西药
治君,西药
治咳川贝枇杷滴丸,中成药
治咳川贝枇杷露,西药
治咳枇杷露,西药
治咳片,中成药
治感佳胶囊,中成药
治感灵颗粒,中成药
治疗用卡介苗,西药
泉升,西药
泉盈,西药
泉铂,西药
泊沙康唑口服混悬液,西药
泊瑞,西药
法乐通,西药
法克,西药
法半夏枇杷膏,中成药
法多琳,西药
法安明,西药
法思特,西药
法益宁,西药
法禄达,西药
法罗,西药
法罗培南钠片,西药
法罗培南钠颗粒,西药
法罗海,中草药
泛影葡胺注射液,西药
泛捷复,西药
泛生舒复,西药
泛福舒,西药
泡桐花,中草药
波依定,西药
波利特,西药
波生坦片,西药
波贝,西药
波达,西药
注射头孢哌酮钠,西药
注射用A型肉毒毒素,西药
注射用七叶皂苷钠,西药
注射用三氧化二砷,西药
注射用三磷酸胞苷二钠,西药
注射用三磷酸腺苷二钠,西药
注射用三磷酸腺苷二钠氯化镁,西药
注射用丝裂霉素,西药
注射用两性霉素B,西药
注射用两性霉素B脂质体,西药
注射用丹参（冻干）,中成药
注射用乳糖酸红霉素,西药
注射用乳糖酸阿奇霉素,西药
注射用乳糖阿奇霉素,西药
注射用乳酸左氧氟沙星,西药
注射用乳酸环丙沙星,西药
注射用乳酸诺氟沙星,西药
注射用二巯丁二钠,西药
注射用二羟丙茶碱,西药
注射用五水头孢唑林钠,西药
注射用亚叶酸钙,西药
注射用亚胺培南—西司他丁钠,西药
注射用亚胺培南一西司他丁钠,西药
注射用伊米苷酶,西药
注射用伏立康唑,西药
注射用依他尼酸钠,西药
注射用依前列醇钠,西药
注射用依那西普,西药
注射用促皮质素,西药
注射用倍他米松磷酸钠,西药
注射用克林霉素磷酸酯,西药
注射用六氟化硫微泡,西药
注射用兰索拉唑,西药
注射用利巴韦林,西药
注射用利福平,西药
注射用利福霉素钠,西药
注射用前列地尔,西药
注射用前列地尔干乳剂,西药
注射用加替沙星,西药
注射用单磷酸阿糖腺苷,西药
注射用卡托普利,西药
注射用卡铂,西药
注射用厄他培南,西药
注射用去甲斑蝥酸钠,西药
注射用双氯芬酸钠利多卡因,西药
注射用双氯芬酸钠盐酸利多卡因,西药
注射用双羟萘酸曲普瑞林,西药
注射用双黄连（冻干）,中成药
注射用吗替麦考酚酯,西药
注射用呋塞米,西药
注射用呋布西林西林钠,西药
注射用呋布西林钠,西药
注射用呋苄西林钠,西药
注射用哌库溴铵,西药
注射用哌拉西林钠,西药
注射用哌拉西林钠/他唑巴坦钠,西药
注射用哌拉西林钠舒巴坦钠,西药
注射用哌拉西林钠舒巴坦钠（2∶1）,西药
注射用哌拉西林钠舒巴坦钠（2：1）,西药
注射用哌拉西林钠舒巴坦钠（4：1）,西药
注射用唑来膦酸,西药
注射用唑来膦酸浓溶液,西药
注射用喷司他丁,西药
注射用地塞米松磷酸钠,西药
注射用地西他滨,西药
注射用培美曲塞二钠,西药
注射用复合辅酶,西药
注射用复方三维B（II）,西药
注射用复方甘草酸单铵S,西药
注射用复方甘草酸苷,西药
注射用多索茶碱,西药
注射用多西他赛,西药
注射用夫西地酸钠,西药
注射用头孢乙腈,西药
注射用头孢他啶,西药
注射用头孢克定,西药
注射用头孢匹胺,西药
注射用头孢匹胺钠,西药
注射用头孢呋辛钠,西药
注射用头孢哌酮钠,西药
注射用头孢哌酮钠他唑巴坦钠,西药
注射用头孢哌酮钠舒巴坦钠,西药
注射用头孢哌酮钠舒巴坦钠（2：1）,西药
注射用头孢唑南钠,西药
注射用头孢唑啉钠,西药
注射用头孢唑林钠,西药
注射用头孢唑肟钠,西药
注射用头孢噻吩钠,西药
注射用头孢噻肟钠,西药
注射用头孢噻肟钠舒巴坦钠,西药
注射用头孢地嗪钠,西药
注射用头孢孟多酯钠,西药
注射用头孢尼西钠,西药
注射用头孢拉宗钠,西药
注射用头孢拉定,西药
注射用头孢曲松钠,西药
注射用头孢曲松钠他唑巴坦钠,西药
注射用头孢替唑钠,西药
注射用头孢硫脒,西药
注射用头孢米诺钠,西药
注射用头孢美唑钠,西药
注射用头孢西丁钠,西药
注射用头孢西丁钠说明书,西药
注射用头孢西酮钠,西药
注射用奈达铂,西药
注射用奥沙利铂,西药
注射用奥硝唑,西药
注射用奥美拉唑钠,西药
注射用对氨基水杨酸钠,西药
注射用小牛血去蛋白提取物,西药
注射用尖吻蝮蛇血凝酶,西药
注射用尤瑞克林,西药
注射用尼莫地平,西药
注射用尿促性素,西药
注射用尿激酶,西药
注射用左亚叶酸钙,西药
注射用左卡尼汀,西药
注射用左旋门冬酰胺酶,西药
注射用己酮可可碱,西药
注射用巴利昔单抗,西药
注射用布美他尼,西药
注射用帕尼培南倍他米隆,西药
注射用帕瑞昔布钠,西药
注射用帕米膦酸二钠,西药
注射用异烟肼,西药
注射用异环磷酰胺,西药
注射用抑肽酶,西药
注射用抗肿瘤免疫核糖核酸,西药
注射用拉氧头孢钠,西药
注射用新鱼腥草素钠,西药
注射用放线菌素D,西药
注射用普罗瑞林,西药
注射用普鲁卡因青霉素,西药
注射用曲妥珠单抗,西药
注射用更昔洛韦,西药
注射用更昔洛韦钠,西药
注射用替加氟,西药
注射用替加环素,西药
注射用替卡西林钠—克拉维酸钾,西药
注射用替考拉宁,西药
注射用果糖,西药
注射用果糖二磷酸钠,西药
注射用核糖核酸II,西药
注射用核糖核酸III,西药
注射用母牛分枝杆菌,西药
注射用比伐芦定,西药
注射用比阿培南,西药
注射用氟尿嘧啶,西药
注射用氟康唑,西药
注射用氟氧头孢钠,西药
注射用氟氯西林钠,西药
注射用氟罗沙星,西药
注射用氢化可的松琥珀酸钠,西药
注射用氢溴酸右美沙芬,西药
注射用氢溴酸高乌甲素,西药
注射用氧氟沙星,西药
注射用氨力农,西药
注射用氨曲南,西药
注射用氨苄西林钠,西药
注射用氨磷汀,西药
注射用氨苄西林钠氯唑西林钠,西药
注射用氨苄西林钠舒巴坦钠,西药
注射用氨茶碱,西药
注射用氨酪酸,西药
注射用氯唑西林钠,西药
注射用法莫替丁,西药
注射用泮托拉唑钠,西药
注射用洛铂,西药
注射用清开灵（冻干）,中成药
注射用灯盏花素,西药
注射用灵孢多糖,西药
注射用炎琥宁,西药
注射用烟酸占替诺,西药
注射用牛肺表面活性剂,西药
注射用特利加压素,西药
注射用环磷腺苷,西药
注射用环磷腺苷葡胺,西药
注射用环磷酰胺,西药
注射用琥珀氯霉素,西药
注射用瑞替普酶,西药
注射用甘氨双唑钠,西药
注射用甘草酸二铵,西药
注射用甘露聚糖肽,西药
注射用甲哨唑磷酸二钠,西药
注射用甲氧异腈,西药
注射用甲氨喋呤,西药
注射用甲泼尼龙琥珀酸钠,西药
注射用甲硝唑,西药
注射用甲硝唑磷酸二钠,西药
注射用甲磷酸加贝酯,西药
注射用甲磺酸加替沙星,西药
注射用甲磺酸加贝脂,西药
注射用甲磺酸加贝酯,西药
注射用甲磺酸去铁胺,西药
注射用甲磺酸培氟沙星,西药
注射用甲磺酸左氧氟沙星,西药
注射用甲磺酸帕珠沙星,西药
注射用甲磺酸罗哌卡因,西药
注射用甲磺酸萘莫司他,西药
注射用甲钴胺,西药
注射用益气复脉,西药
注射用盐酸万古霉素,西药
注射用盐酸乌拉地尔,西药
注射用盐酸二甲弗林,西药
注射用盐酸伊立替康,西药
注射用盐酸克林霉素,西药
注射用盐酸利托君,西药
注射用盐酸博来霉素,西药
注射用盐酸去甲万古霉素,西药
注射用盐酸吉西他滨,西药
注射用盐酸多巴胺,西药
注射用盐酸多巴酚丁胺,西药
注射用盐酸多柔比星,西药
注射用盐酸多沙普仑,西药
注射用盐酸多西环素,西药
注射用盐酸头孢吡肟,西药
注射用盐酸头孢替安,西药
注射用盐酸头孢甲肟,西药
注射用盐酸奈福泮,西药
注射用盐酸尼卡地平,西药
注射用盐酸尼莫司汀,西药
注射用盐酸左氧氟沙星,西药
注射用盐酸平阳霉素,西药
注射用盐酸托泊替康,西药
注射用盐酸托烷司琼,西药
注射用盐酸拉贝洛尔,西药
注射用盐酸拓扑替康,西药
注射用盐酸普鲁卡因,西药
注射用盐酸曲马多,西药
注射用盐酸替罗非班,西药
注射用盐酸林可霉素,西药
注射用盐酸柔红霉素,西药
注射用盐酸氨溴索,西药
注射用盐酸氯普鲁卡因,西药
注射用盐酸氯胺酮,西药
注射用盐酸洛美沙星,西药
注射用盐酸溴己新,西药
注射用盐酸环丙沙星,西药
注射用盐酸瑞芬太尼,西药
注射用盐酸索他洛尔,西药
注射用盐酸纳洛酮,西药
注射用盐酸罗哌卡因,西药
注射用盐酸胺碘酮,西药
注射用盐酸艾司洛尔,西药
注射用盐酸表柔比星,西药
注射用盐酸阿奇霉素,西药
注射用盐酸阿糖胞苷,西药
注射用盐酸雷尼替丁,西药
注射用盐酸雷莫司琼,西药
注射用硝卡芥,西药
注射用硝普钠,西药
注射用硫喷妥钠,西药
注射用硫普罗宁,西药
注射用硫普罗宁钠,西药
注射用硫辛酸,西药
注射用硫酸依替米星,西药
注射用硫酸卡那霉素,西药
注射用硫酸卷曲霉素,西药
注射用硫酸卷曲霉索,西药
注射用硫酸培洛霉素,西药
注射用硫酸多粘菌素B,西药
注射用硫酸头孢匹罗,西药
注射用硫酸头孢噻利,西药
注射用硫酸奈替米星,西药
注射用硫酸妥布霉素,西药
注射用硫酸小诺霉素,西药
注射用硫酸庆大霉素,西药
注射用硫酸抗敌素,西药
注射用硫酸普拉睾酮钠,西药
注射用硫酸核糖霉素,西药
注射用硫酸特布他林,西药
注射用硫酸西索米星,西药
注射用硫酸软骨素,西药
注射用硫酸链霉素,西药
注射用硫酸镁,西药
注射用硫酸长春地辛,西药
注射用硫酸长春新碱,西药
注射用硫酸长春碱,西药
注射用硫酸阿奇霉素,西药
注射用硫酸阿托品,西药
注射用硫酸阿米卡星,西药
注射用磷酸依托泊苷,西药
注射用磷酸川芎嗪,西药
注射用磷酸氟达拉滨,西药
注射用磷霉素钠,西药
注射用磺胺嘧啶钠,西药
注射用磺苄西林钠,西药
注射用磺苄西林钠（注册商标）萨能,西药
注射用福莫司汀,西药
注射用穿琥宁,西药
注射用米卡芬净钠,西药
注射用精氨酸阿司匹林,西药
注射用糜蛋白酶,西药
注射用紫杉醇脂质体,西药
注射用紫杉醇（白蛋白结合型）,西药
注射用纤溶酶,西药
注射用细胞色素C,西药
注射用细辛脑,西药
注射用绒促性素,西药
注射用维库溴铵,西药
注射用维替泊芬,西药
注射用维生素C,西药
注射用美洛西林钠,西药
注射用美洛西林钠舒巴坦钠,西药
注射用美罗培南,西药
注射用美西林,西药
注射用羧苄西林钠,西药
注射用胞磷胆碱钠,西药
注射用胰蛋白酶,西药
注射用胸腺五肽,西药
注射用胸腺法新,西药
注射用胸腺法新（注射用胸腺肽α1）,西药
注射用胸腺肽,西药
注射用胸腺肽α1,西药
注射用能量合剂,西药
注射用脑蛋白水解物,西药
注射用脑蛋白水解物（III）,西药
注射用腺苷钴胺,西药
注射用膦甲酸钠,西药
注射用舒巴坦钠,西药
注射用艾司奥美拉唑钠,西药
注射用苄星青霉素,西药
注射用苦参素,西药
注射用苯唑西林钠,西药
注射用苯巴比妥钠,西药
注射用苯磺酸阿曲库铵,西药
注射用苯磺顺阿曲库铵,西药
注射用英夫利西单抗,西药
注射用萘夫西林钠,西药
注射用萘普生钠,西药
注射用葛根素,西药
注射用葡萄糖酸依诺沙星,西药
注射用藻酸双酯钠,西药
注射用血塞通,西药
注射用血栓通,西药
注射用血塞通（冻干）,中成药
注射用血栓通（冻干）,西药
注射用西咪替丁,西药
注射用谷氨酸诺氟沙星,西药
注射用赖氨匹林,西药
注射用辅酶A,西药
注射用达卡巴嗪,西药
注射用达托霉素,西药
注射用过氧化碳酰胺,西药
注射用还原型谷胱甘肽,西药
注射用还原型谷胱甘肽钠,西药
注射用酒石酸吉他霉素,西药
注射用酒石酸长春瑞滨,西药
注射用酚磺乙胺,西药
注射用醋酸丙氨瑞林,西药
注射用醋酸亮丙瑞林,西药
注射用醋酸亮丙瑞林微球,西药
注射用醋酸亮丙瑞林缓释微球,西药
注射用醋酸卡泊芬净,西药
注射用醋酸生长抑素,西药
注射用醋酸西曲瑞克,西药
注射用重组人II型肿瘤坏死因子受体—抗体融合蛋白,西药
注射用重组人凝血因子IX,西药
注射用重组人凝血因子Ⅷ,西药
注射用重组人干扰素α1b,西药
注射用重组人干扰素α2a,西药
注射用重组人干扰素α2b,西药
注射用重组人干扰素β,西药
注射用重组人干扰素β1b,西药
注射用重组人干扰素γ,西药
注射用重组人白介素—11,西药
注射用重组人白介素—11（I）,西药
注射用重组人白介素—2,西药
注射用重组人白介素—2（125Ala）,西药
注射用重组人白介素—2（I）,西药
注射用重组人白细胞介素2（125Ala）,西药
注射用重组人白细胞介素—11,西药
注射用重组人白细胞介素—2,西药
注射用重组人白细胞介素—2（125ser）,西药
注射用重组人粒细胞—巨噬细胞集落刺激因子,西药
注射用重组人粒细胞刺激因子（CHO细胞）,西药
注射用重组人粒细胞巨噬细胞刺激因子,西药
注射用重组人粒细胞集落刺激因子,西药
注射用重组改构人肿瘤坏死因子,西药
注射用重组葡激酶,西药
注射用重组链激酶,西药
注射用重酒石酸长春瑞滨,西药
注射用门冬氨酸洛美沙星,西药
注射用门冬氨酸钾镁,西药
注射用门冬氨酸阿奇霉素,西药
注射用门冬酰胺酶,西药
注射用门冬酰胺酶（埃希）,西药
注射用门冬酰胺酶（欧文）,西药
注射用阿地白介素,西药
注射用阿奇霉素,西药
注射用阿奇霉素枸橼酸二氢钠,西药
注射用阿奇霉素磷酸二氢钠,西药
注射用阿昔洛韦,西药
注射用阿替普酶,西药
注射用阿洛西林钠,西药
注射用阿糖胞苷,西药
注射用阿糖腺苷,西药
注射用阿莫西林钠,西药
注射用阿莫西林钠克拉维酸钾,西药
注射用阿莫西林钠氟氯西林钠,西药
注射用阿莫西林钠舒巴坦钠,西药
注射用阿莫西林钠舒巴坦钠（2：1）,西药
注射用阿魏酸钠,西药
注射用阿魏酸钠（冻干）,西药
注射用降纤酶,西药
注射用雷贝拉唑钠,西药
注射用青霉素钠,西药
注射用青霉素钾,西药
注射用顺苯磺酸阿曲库铵,西药
注射用顺铂,西药
注射用顺铂（冻干型）,西药
注射用香菇多糖,中成药
注射用马来酸阿奇霉素,西药
注射用骨瓜提取物,中成药
注射用骨肽,西药
注射用高纯度尿促性素,西药
注射用鼠抗人T淋巴细胞CD3抗原单克隆抗体,西药
注普舒,西药
泮库溴铵注射液,西药
泮立苏,西药
泰为美,西药
泰乐,西药
泰乐影,西药
泰亚普昔,西药
泰利必妥,西药
泰利必妥英,西药
泰力特,西药
泰加宁,西药
泰勒宁,西药
泰嘉,西药
泰宝,西药
泰尔丝,西药
泰得欣,西药
泰德洛,西药
泰必捷,西药
泰托,西药
泰方,西药
泰普生,西药
泰普罗斯,西药
泰晶,西药
泰欣生,西药
泰比,西药
泰泽,西药
泰白,西药
泰盛必克,西药
泰禄达,西药
泰立丹,西药
泰立沙,西药
泰素,西药
泰索帝,西药
泰罗,西药
泰美尼克,西药
泰能,西药
泰菲,中成药
泰舒达,西药
泰西,西药
泰诺,西药
泰道,西药
泰阁,西药
泻白散,中成药
泻肺定喘片,中成药
泼尼松龙片,西药
泽仑,西药
泽坦,西药
泽奇,西药
泽悦,西药
泽朗,西药
泽珂,西药
泽荣,西药
泽菲,西药
泽马可,西药
洁傲,西药
洁奈,西药
洁欣,西药
洁珂,西药
洁霉素,西药
洋参保肺丸,中成药
洋参保肺口服液,中成药
洋参保肺颗粒,中成药
洋葱假单胞菌肺炎,疾病
洋金花,中草药
洛之达,西药
洛乐,西药
洛伟克,西药
洛冠,西药
洛凯,西药
洛列通,西药
洛匹那韦利托那韦片,西药
洛司美,西药
洛奇,西药
洛威,西药
洛希,西药
洛屈,西药
洛平,西药
洛庆,西药
洛意,西药
洛普佳,西药
洛格乐,西药
洛欣,西药
洛汀新,西药
洛沃克,西药
洛珂,西药
洛索洛芬钠分散片,西药
洛索洛芬钠片,西药
洛索洛芬钠胶囊,西药
洛芬伪麻片,西药
洛芬待因缓释片,中成药
洛菲,西药
洛迪莎,中成药
洛那,西药
洛镁赛,西药
洛雅,西药
洞天长春膏,中成药
津优力,西药
津博,西药
津彤,西药
津恤力,西药
派丽奥,西药
派可欣,西药
派奇,西药
派威保,西药
派威欣,西药
派抒可,西药
派斯欣,西药
派汀,西药
派瑞松,西药
派甘能,西药
派盛,西药
派立明,西药
派纾,西药
派罗欣,西药
派通欣,西药
派速,西药
流感丸,中成药
流感全病毒灭活疫苗,西药
流感嗜血杆菌感染,疾病
流感嗜血杆菌肺炎,疾病
流感病毒亚单位疫苗,西药
流感病毒抗体检查,诊疗技术及设备（治疗）
流感病毒肺炎,疾病
流感病毒裂解疫苗,西药
流行性感冒,疾病
流行性感冒亚单位疫苗,西药
流行性感冒病毒裂解疫苗说明书,西药
流行性感冒裂解疫苗注射液,西药
浆膜腔积液病原体,诊疗技术及设备（治疗）
浆膜腔积液细胞学检查,诊疗技术及设备（治疗）
济民克定,西药
济民力克,西药
济民福欣,西药
济立,西药
济脉欣,西药
济诺,西药
浓氯化钠注射液,西药
浙贝母,中草药
浦乐奇,西药
浦虹,西药
海丹胶囊,中成药
海他欣,西药
海仙花,中草药
海伦,西药
海利升注射液,西药
海力欣,西药
海威克,西药
海康欣,西药
海德润,西药
海扶鑫,西药
海捷亚,西药
海普,西药
海普林,西药
海替舒,西药
海松子,中草药
海柏,中草药
海正立特,西药
海正美特,西药
海珠喘息定片,中成药
海甘欣,西药
海立片,西药
海粉,中草药
海茜,中草药
海蕴,中草药
海藻石,中草药
海蛤散,中成药
海西丁,西药
海诺欣,西药
海超,西药
海那,西药
消咳喘片,中成药
消咳喘糖浆,西药
消咳喘胶囊,中成药
消咳宁片,西药
消咳糖浆,西药
消咳颗粒,中成药
消喘膏,中成药
消散延迟性肺炎,疾病
消旋山莨菪碱片,西药
消炎利胆片,西药
消炎止咳片,中成药
消炎止咳胶囊,中成药
消炎止痢灵片,中成药
消炎灵片,中成药
消炎灵胶囊,西药
消炎片,中成药
消炎痛片,西药
消炎胶囊,中成药
消炎退热颗粒,西药
消炎退热颗粒（无糖型）,中成药
消爽,中成药
消痰益康（糖浆）,中成药
消癌平注射液,西药
消癌平片,中成药
消癌平胶囊,中成药
消癌平颗粒,中成药
润丹,西药
润可隆,西药
润来,西药
润汇,西药
润津,西药
润肺化痰丸,中成药
润肺止咳胶囊,中成药
润肺止嗽丸,中成药
润肺膏,中成药
液体超负荷,疾病
液状琼玉膏,中成药
淀粉样变性,疾病
淋巴瘤样肉芽肿,疾病
淋巴管炎,疾病
淋巴管肉瘤,疾病
淋巴管肌瘤病,疾病
淋巴结肿大,疾病
淑润,西药
深美,西药
深静脉血栓形成,疾病
混合型慢性高原病,疾病
混合性厌氧菌感染,疾病
淹溺,疾病
清咳平喘颗粒,中成药
清咽六味散,中成药
清咽抑火丸,中成药
清咽滴丸,中成药
清咽片,中成药
清喉咽合剂,西药
清喉咽颗粒,中成药
清宣止咳颗粒,中成药
清康,西药
清开灵分散片,中成药
清开灵口服液,西药
清开灵泡腾片,西药
清开灵注射液,西药
清开灵滴丸,中成药
清开灵片,西药
清开灵胶囊,中成药
清开灵软胶囊,中成药
清开灵颗粒,中成药
清感丸,中成药
清感九味丸,中成药
清感九味丸（呼和嘎日迪—9）,中成药
清感穿心莲胶囊,中成药
清气化痰汤,中成药
清炎退热颗粒,西药
清热八味丸,中成药
清热八味丸（额日赫木—8）,中成药
清热八味胶囊,中成药
清热养阴丸,中成药
清热化湿口服液,西药
清热感冒颗粒,中成药
清热散结胶囊,中成药
清热散结片,中成药
清热止咳颗粒,中成药
清热消炎宁片,中成药
清热消炎宁胶囊,中成药
清热解毒口服液,西药
清热解毒片,中成药
清热解毒胶囊,中成药
清热解毒软胶囊,中成药
清热解毒颗粒,中成药
清热镇咳糖浆,中成药
清热银花糖浆液,中成药
清燥救肺汤,中成药
清肺化痰丸,中成药
清肺十八味丸,中成药
清肺十八味丸（敖西根—18）,中成药
清肺宁嗽丸,中成药
清肺抑火丸,中成药
清肺抑火片,中成药
清肺抑火膏,中成药
清肺止咳丸,中成药
清肺消炎丸,西药
清通,西药
清金宁肺丸,中成药
清金止嗽化痰丸,中成药
清金止嗽西瓜膏,中成药
溃疡分枝杆菌感染,疾病
滇五味,中草药
滑石尘肺,疾病
滚痰丸,中成药
满山白糖浆,中成药
满山白胶囊,中成药
满山红,中草药
满江红根,中草药
满金止咳片,中成药
潇然,西药
潘南金,西药
潘多喜来,西药
潘妥洛克,西药
潘生丁,西药
潘龙,西药
潘舒泰克,西药
潞党参膏滋,中成药
潮气容量检查,诊疗技术及设备（治疗）
澳抒欣,西药
澳普利,西药
澳特斯,西药
澳立平,西药
澳美,西药
澳肽信,西药
澳舒,西药
澳莱克,西药
激发试验,诊疗技术及设备（治疗）
激素抵抗型哮喘,疾病
灭滴灵,西药
灭菌注射用水,西药
灯台叶颗粒,中成药
灯盏花素氯化钠注射液,西药
灯盏花素注射液,中成药
灯盏花素葡萄糖注射液,西药
灰绿黄堇,中草药
灵丹草胶囊,中成药
灵丹草颗粒,中成药
灵孢多糖注射液,西药
灵比伦,西药
灵泰邦尼,西药
灵益胶囊,中成药
灵芝二维甲硫氨酸胶囊,西药
灵芝浸膏片,中成药
灵诺,西药
炎可宁片,中成药
炎可宁胶囊,中成药
炎宁颗粒,中成药
炎热清片,西药
炎热清胶囊,中成药
炎热清颗粒,中成药
炎琥宁氯化钠注射液,西药
炎琥宁注射液,西药
炎立消片,中成药
炎立消胶囊,中成药
炎见宁片,中成药
炙甘草汤,中成药
炭疽病,疾病
炭疽的凝集反应,诊疗技术及设备（治疗）
烟肼丁醇片,西药
烟酸占替诺氯化钠注射液,西药
烟酸占替诺注射液,西药
烟酸占替诺葡萄糖注射液,西药
烟酸缓释片,西药
热带型肺嗜酸性粒细胞肺炎,疾病
热毒宁注射液,中成药
热感清喷雾剂,中成药
热毒平胶囊,中成药
热毒平颗粒,中成药
热毒清片,中成药
热炎宁胶囊,中成药
热炎宁颗粒,西药
煤工尘肺,疾病
煤炭工肺尘埃沉着病,疾病
熊胆川贝口服液,中成药
熙蒙,西药
燕窝,中草药
爆震伤,疾病
爱克兰,西药
爱全乐,西药
爱力生,西药
爱可松,西药
爱咪特,西药
爱大,西药
爱宝维,西药
爱尔新,西药
爱德儿康,西药
爱必妥,西药
爱斯万,西药
爱欣森,西药
爱汝昔,西药
爱益,西药
爱米琦,西药
爱络,西药
爱罗欣,西药
爱芬,西药
爱若华,西药
爱菲乐,西药
爱谱沙,西药
爱赛平,西药
爱通立,西药
爱阁力保,西药
爽因洁,西药
爽宁,西药
爽尔利,西药
片形吸虫病,疾病
牛大力,中草药
牛奶子,中草药
牛痘疫苗接种家兔炎症皮肤提取物注射液,西药
牛痘疫苗致炎兔皮提取物注射液,西药
牛肺,中草药
牛黄消炎灵胶囊,中成药
牛黄清感胶囊,中成药
牛黄清肺散,中成药
牛黄蛇胆川贝散,中成药
牛黄蛇胆川贝液,中成药
牛黄蛇胆川贝滴丸,中成药
牛黄蛇胆川贝胶囊,中成药
牛黄蛇胆川贝软胶囊,中成药
牡荆油滴丸,中成药
牡荆油胶丸,中成药
特一,西药
特丽仙,西药
特利加压素注射液,西药
特发性肺动脉高压,疾病
特发性肺纤维化,疾病
特发性阻塞性细支气管炎伴机化性肺炎,疾病
特夫比克,西药
特威凯,西药
特尔康,西药
特尔津,西药
特尔立,西药
特居乐,西药
特异性IgE抗体检查,诊疗技术及设备（治疗）
特普宁,西药
特普欣,西药
特比澳,西药
特治星,西药
特洛伪麻胶囊,西药
特福猛,西药
特立帕肽注射液,西药
特素,西药
特罗凯,西药
特美宁,西药
特美汀,西药
特耐,西药
特苏敏,西药
特适纳,西药
特酚伪麻片,西药
特非那丁片,西药
特非那丁颗粒剂,西药
特非那定片,西药
独一味分散片,中成药
独一味片,西药
独一味胶囊,西药
独一味软胶囊,中成药
独一味颗粒,中成药
独叶一枝花,中草药
独叶岩珠,中草药
独叶白芨,中草药
独花兰,中草药
独蕨萁,中草药
猝死,疾病
猪抗人淋巴细胞免疫球蛋白,西药
猪肺,中草药
猪肺磷脂注射液,西药
猫爪草胶囊,中成药
猴枣牛黄散,中成药
猴耳环消炎片,中成药
猴耳环消炎胶囊,中成药
猴耳环消炎颗粒,西药
玄麦甘桔胶囊,中成药
玄麦甘桔颗粒,中成药
玉叶解毒颗粒,中成药
玉安立清,西药
玉屏风口服液,西药
玉屏风滴丸,中成药
玉竹膏,中成药
玉竹颗粒,中成药
玉簪清咽十五味丸,中成药
玉簪清咽十五味散,中成药
玛诺苏,西药
玫满,西药
环丙沙星缓释片,西药
环丙沙星葡萄糖注射液,西药
环丝氨酸胶囊,西药
环孢素胶囊,西药
环孢素软胶囊,西药
环尔博,西药
环磷腺苷注射液,西药
环磷腺苷葡胺葡萄糖注射液,西药
环轮宁注射液,西药
环酯红霉素干混悬剂,西药
环酯红霉素片,西药
环酯红霉素硬胶囊,西药
环酯红霉素胶囊,西药
现场心肺复苏,诊疗技术及设备（治疗）
珂立苏,西药
珂艾林,西药
珈力,西药
珉思通,西药
珍合灵片,中成药
珍德,西药
珍棒,西药
珍欣,西药
珍珠灵芝片,中成药
珍肽,西药
珍良,西药
珍菊降压片,中成药
珍黄片,中成药
珠氯噻醇癸酸酯注射液,西药
珠珀猴枣散,中成药
珮夫人克露,西药
球孢子菌病,疾病
球形肺炎,疾病
理气定喘丸,中成药
理舒达,西药
琥乙红霉素分散片,西药
琥乙红霉素口腔崩解片,西药
琥乙红霉素咀嚼片,西药
琥乙红霉素片,西药
琥乙红霉素胶囊,西药
琥乙红霉素颗粒,西药
琥珀抱龙胶囊,中成药
琥珀氢考,西药
琥珀酰明胶注射液,西药
琥珀酸舒马普坦片,西药
琥珀酸舒马普坦胶囊,西药
琪和,西药
琪圣,西药
琪宁,西药
琪安,西药
琼玉膏,中成药
瑞乐平,西药
瑞倍,西药
瑞兴予,西药
瑞凯平,西药
瑞力能,西药
瑞力芬,西药
瑞可,西药
瑞复啉,西药
瑞复美,西药
瑞太,西药
瑞婷,西药
瑞安吉,西药
瑞尔欣,西药
瑞巴派特片,西药
瑞巴派特胶囊,西药
瑞帝苏,西药
瑞平,西药
瑞得,西药
瑞德明,西药
瑞必乐,西药
瑞思,西药
瑞扬,西药
瑞捷,西药
瑞新,西药
瑞旨,西药
瑞易宁,西药
瑞普欣,西药
瑞欣乐,西药
瑞波特,西药
瑞泰,西药
瑞源,西药
瑞潘通,西药
瑞琪,西药
瑞甘,西药
瑞田,西药
瑞申,西药
瑞白,西药
瑞科欣,西药
瑞科沙,西药
瑞科达,西药
瑞秦源,西药
瑞立泰,西药
瑞素坦,西药
瑞纷,西药
瑞美星,西药
瑞舒,西药
瑞舒伐他汀钙片,西药
瑞芝清,西药
瑞莫杜林,西药
瑞血新,西药
瑞贝克,西药
瑞通立,西药
瑞那替,西药
瑞阳,西药
瑞齐泰,西药
瓜蒌薤白白酒汤,中成药
甘乐力,西药
甘乐能,西药
甘利欣,西药
甘帝欣,西药
甘桔冰梅片,中成药
甘氨酸茶碱钠胶囊,西药
甘精胰岛素注射液,西药
甘美达,西药
甘草,中草药
甘草流浸膏,西药
甘草酸二铵氯化钠注射液,西药
甘草酸二铵注射液,西药
甘草酸二铵肠溶胶囊,西药
甘草酸二铵胶囊,西药
甘草酸单铵半胱氨酸氯化钠注射液,西药
甘草酸氯丙那林含片,西药
甘贝利,西药
甘露糖肽注射液,西药
甘露聚糖肽口服溶液,西药
甘露聚糖肽注射液,西药
甘露聚糖肽片,西药
甘露聚糖肽胶囊,西药
甘露醇注射液,西药
生力胶囊,中成药
生姜,中草药
生理性海水鼻腔喷雾器,西药
生理氯化钠溶液,西药
生祺,西药
生脉增液通胶囊,中成药
生脉注射液,西药
生脉胶囊,中成药
田可,西药
甲力,西药
甲型H1N1流感,疾病
甲型H1N1流感病毒裂解疫苗,西药
甲巯咪唑片,西药
甲强龙,西药
甲氧苄啶注射液,西药
甲氧苄啶片,西药
甲氧苄啶胶囊,西药
甲氧苄啶颗粒,西药
甲氨蝶呤注射液,西药
甲氨蝶呤片,西药
甲泼尼龙片,西药
甲疾病,疾病
甲硝唑栓,西药
甲硝唑氯化钠注射液,西药
甲硝唑注射液,西药
甲硝唑维B6片,西药
甲硝唑胶囊,西药
甲磺酸伊马替尼片,西药
甲磺酸伊马替尼胶囊,西药
甲磺酸加替沙星分散片,西药
甲磺酸加替沙星氯化钠注射液,西药
甲磺酸加替沙星注射液,西药
甲磺酸加替沙星片,西药
甲磺酸加替沙星胶囊,西药
甲磺酸加替沙星葡萄糖注射液,西药
甲磺酸吉米沙星片,西药
甲磺酸培氟沙星注射液,西药
甲磺酸培氟沙星片,西药
甲磺酸培氟沙星胶囊,西药
甲磺酸培氟沙星葡萄糖注射液,西药
甲磺酸多拉司琼注射液,西药
甲磺酸多沙唑嗪片,西药
甲磺酸多沙唑嗪缓释片,西药
甲磺酸多沙唑嗪胶囊,西药
甲磺酸左氧氟沙星注射液,西药
甲磺酸左氧氟沙星片,西药
甲磺酸左氧氟沙星胶囊,西药
甲磺酸帕珠沙星氯化钠注射液,西药
甲磺酸帕珠沙星注射液,西药
甲磺酸氨氯地平片,西药
甲磺酸罗哌卡因氯化钠注射液,西药
甲磺酸罗哌卡因注射液,西药
甲磺酸酚妥拉明分散片,西药
甲磺酸酚妥拉明注射液,西药
甲磺酸酚妥拉明片,西药
甲磺酸酚妥拉明胶囊,西药
甲磺酸阿帕替尼片,西药
甲磺酸阿米三嗪萝巴新片,西药
甲良性肿瘤,疾病
甲芬那酸片,西药
甲芬那酸胶囊,西药
甲苯磺酸妥舒沙星片,西药
甲苯磺酸托氟沙星胶囊,西药
甲苯磺酸索拉非尼片,西药
甲赛,西药
甲钴胺注射液,西药
甲麻芩苷那敏片,西药
申优,西药
申嘉,西药
申捷,西药
申洛,西药
电子支气管镜检查,诊疗技术及设备（治疗）
电阻抗体积描记检查,诊疗技术及设备（治疗）
男康片,中成药
畅沛,西药
畅泰,西药
畅泽,西药
畅点,西药
畅美,西药
畅诺,西药
畅迪,西药
留可然,西药
疏清颗粒,中成药
疏血通注射液,中成药
疏风散热胶囊,中成药
疏风清热胶囊,中成药
疏风解毒胶囊,中成药
疟疾间接免疫荧光试验,诊疗技术及设备（治疗）
病毒唑,西药
病毒性感冒,疾病
病毒性感染,疾病
病毒性肺炎,疾病
病毒感染免疫检测,诊疗技术及设备（治疗）
痧子,疾病
痨瘵,疾病
痰及下呼吸道分泌物标本的细菌学检验,诊疗技术及设备（治疗）
痰咳净散,中成药
痰咳净片,中成药
痰咳清片,中成药
痰喘片,中成药
痰培养+药敏试验,诊疗技术及设备（治疗）
痰液中寄生虫和虫卵检查,诊疗技术及设备（治疗）
痰液免疫学检查,诊疗技术及设备（治疗）
痰液常规检查,诊疗技术及设备（治疗）
痰液性状检查,诊疗技术及设备（治疗）
痰液显微镜检查,诊疗技术及设备（治疗）
痰液气味检查,诊疗技术及设备（治疗）
痰液病原体检查,诊疗技术及设备（治疗）
痰液的一般性状检查,诊疗技术及设备（治疗）
痰液细胞学检查,诊疗技术及设备（治疗）
痰液细菌培养,诊疗技术及设备（治疗）
痰液细菌涂片检查,诊疗技术及设备（治疗）
痰火,疾病
痰热咳嗽,疾病
痰热清注射液,中成药
痰积,疾病
瘢痕型芽生菌病,疾病
瘢痕癌,疾病
瘰疬分枝杆菌感染,疾病
癌症,疾病
癸酸氟哌啶醇注射液,西药
白前,中草药
白加黑,西药
白及,中草药
白喉,疾病
白喉性心肌炎,疾病
白敬宇,西药
白柏胶囊,中成药
白消安注射液,西药
白特喜,西药
白百抗痨颗粒,中成药
白石清热颗粒,中成药
白粉蕨,中草药
白纸扇感冒颗粒,中成药
白细胞减少和粒细胞缺乏症,疾病
白细胞减少症和（或）粒细胞减少症,疾病
白细胞黏附缺陷症II型,疾病
白绒止咳糖浆,中成药
白花灯笼,中草药
白花蛇舌草注射液,西药
白茅根,中草药
白葡奈氏菌片,西药
百为乐,西药
百为坦,西药
百令片,中成药
百令胶囊,中成药
百优解,西药
百可迪,西药
百力特,西药
百合,中草药
百合固金口服液,中成药
百合固金汤,中成药
百合固金片,中成药
百咳静糖浆,西药
百咳静颗粒,中成药
百夜星,西药
百定,西药
百日咳,疾病
百日咳片,中成药
百普乐,西药
百杰依,西药
百梅止咳颗粒,中成药
百泌达,西药
百畅,西药
百癣夏塔热片,西药
百科康迪,西药
百科沙,西药
百立泽,西药
百红优,西药
百舒平,西药
百花定喘丸,中成药
百草枯中毒,疾病
百蕊片,西药
百蕊胶囊,中成药
百蕊颗粒,西药
百贝益肺胶囊,中成药
百适可,西药
百部,中草药
百锐得,西药
百龄,西药
皖贝止咳胶囊,中成药
皮罗综合征,疾病
皮肌炎/多发性肌炎,疾病
皮肤与组织寄生虫的病原检查,诊疗技术及设备（治疗）
皮肤点刺试验检查,诊疗技术及设备（治疗）
皿治林,西药
盈源,西药
益久博,西药
益保世灵,西药
益动,西药
益古泰,中成药
益可欣,西药
益君定,西药
益坦,西药
益宏,西药
益富清,西药
益左欣,西药
益平,西药
益康胶囊,中成药
益心巴迪然吉布亚颗粒,中成药
益替欣,西药
益欣乐,西药
益欣雪,西药
益比奥,西药
益气养元颗粒,中成药
益气固肾胶囊,中成药
益气复脉胶囊,中成药
益气活血颗粒,中成药
益气维血颗粒,中成药
益盖宁,西药
益盛,中成药
益索,西药
益耐,西药
益肺健脾颗粒,中成药
益肺止咳胶囊,中成药
益肺清化膏,中成药
益肺清化颗粒,中成药
益肺胶囊,中成药
益脉康片,中成药
益菲佳,西药
益萨林,西药
益落清,西药
益赛普,西药
益迈欧,西药
益适纯,西药
益通,西药
益麦西,西药
盐蒿,中草药
盐酸丁卡因注射液,西药
盐酸丙卡特罗口服溶液,西药
盐酸丙卡特罗气雾剂,西药
盐酸丙卡特罗片,西药
盐酸乌拉地尔注射液,西药
盐酸乙胺丁醇片,西药
盐酸乙胺丁醇胶囊,西药
盐酸二氢埃托啡注射液,西药
盐酸二氢埃托啡舌下片,西药
盐酸二氧丙嗪片,西药
盐酸二氧丙嗪颗粒,西药
盐酸二甲弗林注射液,西药
盐酸二甲弗林片,西药
盐酸仑氨西林片,西药
盐酸伊托必利片,西药
盐酸伊曲康唑胶囊,西药
盐酸伊立替康注射液,西药
盐酸伐昔洛韦片,西药
盐酸依匹斯汀片,西药
盐酸依匹斯汀胶囊,西药
盐酸依普拉酮片,西药
盐酸依米丁注射液,西药
盐酸倍他洛尔滴眼液,西药
盐酸倍他洛尔片,西药
盐酸克仑特罗含片,西药
盐酸克仑特罗栓,西药
盐酸克仑特罗片,西药
盐酸克林霉素凝胶,西药
盐酸克林霉素棕榈酸酯分散片,西药
盐酸克林霉素棕榈酸酯干混悬剂,西药
盐酸克林霉素棕榈酸酯颗粒,西药
盐酸克林霉素氯化钠注射液,西药
盐酸克林霉素注射液,西药
盐酸克林霉素片,西药
盐酸克林霉素胶囊,西药
盐酸克林霉素葡萄糖注射液,西药
盐酸利多卡因氯化钠注射液,西药
盐酸利多卡因注射液,西药
盐酸利多卡因注射液（溶剂用）,西药
盐酸利多卡因胶浆,西药
盐酸利多卡因胶浆（I）,西药
盐酸利托君注射液,西药
盐酸利托君片,西药
盐酸加替沙星氯化钠注射液,西药
盐酸加替沙星片,西药
盐酸厄洛替尼片,西药
盐酸去氧肾上腺素注射液,西药
盐酸右美托咪定注射液,西药
盐酸吗啉胍注射液,西药
盐酸吗啉胍片,西药
盐酸吗啡控释片,西药
盐酸吗啡注射液,西药
盐酸吗啡片,西药
盐酸吗啡缓释片,西药
盐酸吡格列酮片,西药
盐酸咪达普利片,西药
盐酸哌唑嗪片,西药
盐酸哌替啶注射液,西药
盐酸哌罗匹隆片,西药
盐酸喹那普利片,西药
盐酸四环素片,西药
盐酸四环素胶囊,西药
盐酸土霉素片,西药
盐酸地尔硫卓控释胶囊,西药
盐酸地尔硫卓片,西药
盐酸地尔硫卓缓释微丸,西药
盐酸地尔硫卓缓释片,西药
盐酸地尔硫卓缓释胶囊,西药
盐酸地尔硫卓缓释胶囊（II）,西药
盐酸地美索酯片,西药
盐酸埃克替尼片,西药
盐酸塞利洛尔片,西药
盐酸塞利洛尔胶囊,西药
盐酸士的宁注射液,西药
盐酸多巴胺注射液,西药
盐酸多巴胺葡萄糖注射液,西药
盐酸多巴酚丁胺注射液,西药
盐酸多巴酚丁胺葡萄糖注射液,西药
盐酸多柔比星注射液,西药
盐酸多柔比星脂质体注射液,西药
盐酸多沙普仑注射液,西药
盐酸多西环素分散片,西药
盐酸多西环素片,西药
盐酸多西环素肠溶胶囊,西药
盐酸多西环素胶丸,西药
盐酸多西环素胶囊,西药
盐酸头孢他美酯分散片,西药
盐酸头孢他美酯干混悬剂,西药
盐酸头孢他美酯片,西药
盐酸头孢他美酯胶囊,西药
盐酸头孢他美酯颗粒,西药
盐酸头孢卡品酯片,西药
盐酸奈福泮注射液,西药
盐酸奈福泮葡萄糖注射液,西药
盐酸奥昔布宁缓释片,西药
盐酸奥昔布宁缓释胶囊,西药
盐酸妥拉唑林注射液,西药
盐酸妥拉唑林片,西药
盐酸安妥沙星片,西药
盐酸安非他酮片,西药
盐酸安非他酮缓释片,西药
盐酸尼卡地平注射液,西药
盐酸屈他维林注射液,西药
盐酸屈他维林片,西药
盐酸川芎嗪注射液,西药
盐酸左卡巴斯汀鼻喷雾剂,西药
盐酸左布比卡因注射液,西药
盐酸左布诺洛尔滴眼液,西药
盐酸左氧氟沙星分散片,西药
盐酸左氧氟沙星氯化钠注射液,西药
盐酸左氧氟沙星注射液,西药
盐酸左氧氟沙星片,西药
盐酸左氧氟沙星胶囊,西药
盐酸左氧氟沙星葡萄糖注射液,西药
盐酸左西替利嗪片,西药
盐酸巴尼地平缓释胶囊,西药
盐酸巴氨西林片,西药
盐酸布那唑嗪片,西药
盐酸布那唑嗪缓释片,西药
盐酸帕洛诺司琼注射液,西药
盐酸帕罗西汀片,西药
盐酸异丙嗪注射液,西药
盐酸异丙嗪片,西药
盐酸异丙肾上腺素气雾剂,西药
盐酸异丙肾上腺素注射液,西药
盐酸戊乙奎醚注射液,西药
盐酸托烷司琼注射液,西药
盐酸托烷司琼葡萄糖注射液,西药
盐酸拉贝洛尔注射液,西药
盐酸拉贝洛尔片,西药
盐酸拓扑替康胶囊,西药
盐酸文拉法辛缓释胶囊,西药
盐酸普罗帕酮片,西药
盐酸普萘洛尔注射液,西药
盐酸普萘洛尔片,西药
盐酸普萘洛尔缓释片,西药
盐酸普鲁卡因注射液,西药
盐酸曲吡那敏片,西药
盐酸曲马多分散片,西药
盐酸曲马多注射液,西药
盐酸曲马多缓释片,西药
盐酸曲马多缓释片（II）,西药
盐酸曲马多胶囊,西药
盐酸替利定片,西药
盐酸替罗非班氯化钠注射液,西药
盐酸替罗非班注射液,西药
盐酸林可霉素氯化钠注射液,西药
盐酸林可霉素注射液,西药
盐酸林可霉素片,西药
盐酸林可霉素胶囊,西药
盐酸林可霉素葡萄糖注射液,西药
盐酸格拉司琼口腔崩解片,西药
盐酸格拉司琼氯化钠注射液,西药
盐酸格拉司琼注射液,西药
盐酸格拉司琼片,西药
盐酸格拉司琼胶囊,西药
盐酸格拉司琼葡萄糖注射液,西药
盐酸氟西汀分散片,西药
盐酸氟西汀肠溶片,西药
盐酸氟西汀胶囊,西药
盐酸氢吗啡酮注射液,西药
盐酸氨溴索分散片,西药
盐酸氨溴索口服液,西药
盐酸氨溴索口服溶液,西药
盐酸氨溴索口腔崩解片,西药
盐酸氨溴索氯化钠注射液,西药
盐酸氨溴索注射液,西药
盐酸氨溴索片,西药
盐酸氨溴索糖浆,西药
盐酸氨溴索缓释胶囊,西药
盐酸氨溴索胶囊,西药
盐酸氨溴索葡萄糖注射液,西药
盐酸氨溴索颗粒,西药
盐酸氨溴缓释片,西药
盐酸氮卓斯汀片,西药
盐酸氮卓斯汀鼻喷剂,西药
盐酸氮卓斯汀鼻喷雾剂,西药
盐酸氮芥注射液,西药
盐酸氯丙那林片,西药
盐酸氯哌丁片,西药
盐酸氯普鲁卡因注射液,西药
盐酸氯胺酮注射液,西药
盐酸氯雷他定片,西药
盐酸氯雷他定胶囊,西药
盐酸法舒地尔注射液,西药
盐酸洛美沙星分散片,西药
盐酸洛美沙星氯化钠注射液,西药
盐酸洛美沙星注射液,西药
盐酸洛美沙星片,西药
盐酸洛美沙星胶囊,西药
盐酸洛美沙星葡萄糖注射液,西药
盐酸洛美沙星颗粒,西药
盐酸洛贝林注射液,西药
盐酸海索那林片,西药
盐酸消旋山茛菪碱注射液,西药
盐酸消旋山莨菪碱氯化钠注射液,西药
盐酸消旋山莨菪碱注射,西药
盐酸消旋山莨菪碱注射液,西药
盐酸溴己新注射液,西药
盐酸溴己新片,西药
盐酸溴己新葡萄糖注射液,西药
盐酸特拉唑嗪滴丸,西药
盐酸特拉唑嗪片,西药
盐酸特拉唑嗪胶囊,西药
盐酸环丙沙星凝胶,西药
盐酸环丙沙星栓,西药
盐酸环丙沙星片,西药
盐酸环丙沙星胶囊,西药
盐酸环丙沙星葡萄糖注射液,西药
盐酸班布特罗片,西药
盐酸班布特罗胶囊,西药
盐酸班布特罗颗粒,西药
盐酸甲氧那明片,西药
盐酸硫利达嗪片,西药
盐酸米安色林片,西药
盐酸米托蒽醌注射液,西药
盐酸米诺环素片,西药
盐酸米诺环素胶囊,西药
盐酸米诺环素软膏,西药
盐酸精氨酸片,西药
盐酸索他洛尔注射液,西药
盐酸索他洛尔片,西药
盐酸纳曲酮片,西药
盐酸纳洛酮注射液,西药
盐酸纳美芬注射液,西药
盐酸罗哌卡因注射液,西药
盐酸美他环素片,西药
盐酸美他环素胶囊,西药
盐酸美司坦片,西药
盐酸美司坦片（盐酸半胱氨酸甲酯片）,西药
盐酸美沙酮注射液,西药
盐酸美沙酮片,西药
盐酸羟考酮控释片,西药
盐酸羟考酮缓释片,西药
盐酸肾上腺素注射液,西药
盐酸胺碘酮注射液,西药
盐酸胺碘酮片,西药
盐酸胺碘酮胶囊,西药
盐酸舍曲林片,西药
盐酸艾司洛尔注射液,西药
盐酸芦氟沙星片,西药
盐酸芦氟沙星胶囊,西药
盐酸苄普地尔片,西药
盐酸苯海拉明注射液,西药
盐酸苯海拉明片,西药
盐酸莫索尼定片,西药
盐酸莫西沙星氯化钠注射液,西药
盐酸莫索尼定胶囊,西药
盐酸莫西沙星注射液,西药
盐酸莫西沙星片,西药
盐酸表柔比星注射液,西药
盐酸西布曲明片,西药
盐酸西布曲明胶囊,西药
盐酸西替利嗪口服溶液,西药
盐酸西替利嗪片,西药
盐酸西替利嗪胶囊,西药
盐酸贝尼地平片,西药
盐酸贝那普利片,西药
盐酸赛洛唑啉鼻用喷雾剂,西药
盐酸酚苄明注射液,西药
盐酸金刚乙胺口服溶液,西药
盐酸金刚乙胺片,西药
盐酸金刚乙胺糖浆,西药
盐酸金刚乙胺颗粒,西药
盐酸金刚烷胺糖浆,西药
盐酸金刚烷胺片,西药
盐酸金刚烷胺胶囊,西药
盐酸金刚烷胺颗粒,西药
盐酸阿奇霉素注射液,西药
盐酸阿扎司琼氯化钠注射液,西药
盐酸阿扎司琼注射液,西药
盐酸阿扎司琼片,西药
盐酸阿扑吗啡注射液,西药
盐酸阿扑吗啡舌下片,西药
盐酸阿比朵尔胶囊,西药
盐酸阿比朵尔颗粒,西药
盐酸阿米洛利片,西药
盐酸雷尼替丁氯化钠注射液,西药
盐酸雷尼替丁注射液,西药
盐酸雷莫司琼口内崩解片,西药
盐酸雷莫司琼注射剂,西药
盐酸雷莫司琼注射液,西药
盐酸非索非那定片,西药
盐酸非索非那定胶囊,西药
盐酸麻黄碱注射液,西药
盐酸麻黄碱滴鼻液,西药
盐酸麻黄碱片,西药
盐酸麻黄碱苯海拉明片,西药
盐酸齐拉西酮片,西药
盐酸齐拉西酮胶囊,西药
盖柠,西药
盖爽,西药
盖衡,西药
盖诺,西药
盖雷,西药
盛和,中成药
盛生,西药
直接涂片检查,诊疗技术及设备（治疗）
盼尔来福,西药
盼尔来福.1,西药
盼得欣,西药
真瑞,西药
真菌培养检查,诊疗技术及设备（治疗）
真菌感染的实验室检查,诊疗技术及设备（治疗）
真菌检查,诊疗技术及设备（治疗）
真菌的分离与鉴定,诊疗技术及设备（治疗）
真菌组织病理学,诊疗技术及设备（治疗）
真菌过敏性哮喘,疾病
真菌过敏症,疾病
眼类肉瘤病,疾病
着色杆菌病,疾病
着色真菌病,疾病
着色芽生菌病,疾病
睡眠障碍,疾病
知母,中草药
知甘保,西药
短P—R综合征,疾病
短柄忍冬,中草药
短棒杆菌注射液,西药
短穗兔耳草,中草药
短腺小米草,中草药
石上柏,中草药
石上藕,中草药
石串莲,中草药
石仙桃,中草药
石杏痰咳片,中成药
石棉沉着病,疾病
石椒草咳喘颗粒,中成药
石膏,中草药
石辛含片,中成药
石黄抗菌片,中成药
石黄抗菌胶囊,中成药
矽肺宁片,中成药
矽肺病,疾病
研立双,西药
破伤风抗毒素,西药
硝苯地平控释片,西药
硝苯地平片,西药
硝苯地平缓释片,西药
硝苯地平缓释片（II）,西药
硝苯地平缓释片（I）,西药
硝苯地平缓释胶囊,西药
硝苯地平胶丸,西药
硝苯地平胶囊,西药
硝酸咪康唑胶囊,西药
硝酸士的宁注射液,西药
硝酸异山梨酯喷雾剂,西药
硝酸毛果芸香碱滴眼液,西药
硝酸毛果芸香碱滴眼液0.5%,西药
硝酸毛果芸香碱片,西药
硝酸甘油注射液,西药
硝酸益康唑气雾剂,西药
硫化氢中毒,疾病
硫唑嘌呤片,西药
硫普罗宁注射液,西药
硫普罗宁片,西药
硫普罗宁肠溶胶囊,西药
硫辛酸注射液,西药
硫酸丁胺卡那霉素注射液,西药
硫酸依替米星氯化钠注射液,西药
硫酸依替米星注射液,西药
硫酸卡那霉素注射液,西药
硫酸卡那霉素片,西药
硫酸卡那霉素胶囊,西药
硫酸吗啡控释片,西药
硫酸吗啡片,西药
硫酸吗啡缓释片,西药
硫酸四氢帕马丁注射液,西药
硫酸多粘菌素E,西药
硫酸奈替米星氯化钠注射液,西药
硫酸奈替米星注射液,西药
硫酸奈替米星葡萄糖注射液,西药
硫酸奎宁片,西药
硫酸奎尼丁片,西药
硫酸妥布霉素氯化钠注射液,西药
硫酸妥布霉素注射液,西药
硫酸小诺霉素氯化钠注射液,西药
硫酸小诺霉素注射液,西药
硫酸小诺霉素颗粒,西药
硫酸巴龙霉素片,西药
硫酸庆大酶素颗粒,西药
硫酸庆大霉素咀嚼片,西药
硫酸庆大霉素氯化钠注射液,西药
硫酸庆大霉素泡腾片,西药
硫酸庆大霉素注射液,西药
硫酸庆大霉素片,西药
硫酸庆大霉素碳酸铋胶囊,西药
硫酸庆大霉素缓释片,西药
硫酸庆大霉素肠溶片,西药
硫酸庆大霉素胶囊,西药
硫酸异丙肾上腺素注射液,西药
硫酸异帕米星注射液,西药
硫酸核糖霉素注射液,西药
硫酸氢氯吡格雷片,西药
硫酸沙丁胺醇口腔崩解片,西药
硫酸沙丁胺醇吸入气雾剂,西药
硫酸沙丁胺醇吸入粉雾剂,西药
硫酸沙丁胺醇控释片,西药
硫酸沙丁胺醇控释胶囊,西药
硫酸沙丁胺醇气雾剂,西药
硫酸沙丁胺醇注射液,西药
硫酸沙丁胺醇片,西药
硫酸沙丁胺醇缓释片,西药
硫酸沙丁胺醇缓释胶囊,西药
硫酸沙丁胺醇雾化吸入溶液,西药
硫酸特布他林吸入粉雾剂,西药
硫酸特布他林气雾剂,西药
硫酸特布他林氯化钠注射液,西药
硫酸特布他林注射液,西药
硫酸特布他林片,西药
硫酸特布他林雾化液,西药
硫酸粘菌素颗粒,西药
硫酸美芬丁胺注射液,西药
硫酸羟氯喹片,西药
硫酸胍乙啶片,西药
硫酸西索米星氯化钠注射液,西药
硫酸西索米星注射液,西药
硫酸软骨素A钠注射液,西药
硫酸软骨素注射液,西药
硫酸软骨素片,西药
硫酸链霉素注射液,西药
硫酸镁注射液,西药
硫酸镁葡萄糖注射液,西药
硫酸阿巴卡韦口服溶液,西药
硫酸阿巴卡韦片,西药
硫酸阿托品注射液,西药
硫酸阿托品片,西药
硫酸阿米卡星氯化钠注射液,西药
硫酸阿米卡星注射液,西药
硫酸鱼精蛋白注射液,西药
硫酸黏菌素片,西药
硬币叩击征,诊疗技术及设备（治疗）
硬水黄连,中草药
硬皮病,疾病
硬脂酸红霉素片,西药
硬脂酸红霉素胶囊,西药
硬脂酸红霉素颗粒,西药
碘[131I]化钠口服溶液,西药
碘他拉葡胺注射液,西药
碘佛醇注射液,西药
碘克沙醇注射液,西药
碘化油咀嚼片,西药
碘化油注射液,西药
碘化油胶丸,西药
碘化油胶囊,西药
碘化钾片,西药
碘化铵含片,西药
碘帕醇注射液,西药
碘普罗胺注射液,西药
碘比醇注射液,西药
碘海醇注射液,西药
碘美普尔注射液,西药
碘苯酯注射液,西药
碧宁,西药
碱中毒,疾病
碱烧伤,疾病
碳氧血红蛋白定性试验（HBCO）,诊疗技术及设备（治疗）
碳13尿素呼气试验检查,诊疗技术及设备（治疗）
碳酸利多卡因注射液,西药
碳酸氢钠注射液,西药
磁显葡胺,西药
磷酸丙吡胺注射液,西药
磷酸丙吡胺片,西药
磷酸丙吡胺缓释片,西药
磷酸可待因注射液,西药
磷酸伯氨喹片,西药
磷酸可待因片,西药
磷酸可待因糖浆,西药
磷酸可待因缓释片,西药
磷酸哌嗪片,西药
磷酸奥司他韦胶囊,西药
磷酸奥司他韦颗粒,西药
磷酸川芎嗪滴丸,西药
磷酸氟达拉滨片,西药
磷酸组胺注射液,西药
磷酸肌酸激酶检查,诊疗技术及设备（治疗）
磷酸苯丙哌林分散片,西药
磷酸苯丙哌林双层缓释片,西药
磷酸苯丙哌林口服溶液,西药
磷酸苯丙哌林片,西药
磷酸苯丙哌林缓释片,西药
磷酸苯丙哌林胶囊,西药
磷酸苯丙哌林颗粒,西药
磷酸西格列汀片,西药
磷霉素氨丁三醇散,西药
磷霉素钙片,西药
磷霉素钙甲氧苄啶胶囊,西药
磷霉素钙胶囊,西药
磷霉素钙颗粒,西药
磺啶冰黄片,西药
磺啶新林胶囊,西药
磺溴酞钠注射液,西药
磺胺二甲嘧啶片,西药
磺胺二甲嘧啶钠注射液,西药
磺胺嘧啶片,西药
磺胺嘧啶速释片,西药
磺胺嘧啶钠注射液,西药
磺胺多辛片,西药
磺胺对甲氧嘧啶片,西药
磺胺异恶唑片,西药
磺胺林片,西药
磺胺甲恶唑片,西药
磺胺脒片,西药
磺胺间甲氧嘧啶片,西药
磺达肝癸钠注射液,西药
社会获得性肺炎,疾病
社区获得性肺炎,疾病
祖卡木颗粒,中成药
祛浊胶囊,中成药
祛痰平喘片,中成药
祛痰止咳胶囊,中成药
祛痰止咳颗粒,中成药
祝宁,西药
神威,西药
神怡康临,西药
神经妥乐平,西药
祺尔百服咛,西药
祺泰,西药
福乐,西药
福他乐,西药
福他宁,西药
福卢可,西药
福可星,西药
福善美,西药
福坦,西药
福多司坦片,西药
福多司坦胶囊,西药
福多司坦颗粒,西药
福天乐,西药
福尔,西药
福尔利,西药
福康泰,西药
福德,西药
福斯利诺,西药
福松,西药
福沙,西药
福禄立适,西药
福科沙,西药
福至尔,西药
福若欣,西药
福辛普利钠片,西药
福达华,西药
福里衡,西药
福静清,西药
禾乐新,西药
秋梨润肺膏,中成药
秋燥感冒颗粒,中成药
科德平,西药
科恒,西药
科泰复,西药
科洛曲片,西药
科特加,西药
科素亚,西药
科芬汀,西药
科苏,西药
科赛斯,西药
科达得龙,西药
科迈欣,西药
积液乳酸脱氢酶检查,诊疗技术及设备（治疗）
积液癌胚抗原检查,诊疗技术及设备（治疗）
积液腺苷脱氢酶检查,诊疗技术及设备（治疗）
稳可信,西药
空气栓塞,疾病
空调病,疾病
空鼻综合征,疾病
穿心莲内酯分散片,中成药
穿心莲内酯滴丸,西药
穿心莲内酯软胶囊,中成药
穿心莲注射液,西药
穿王消炎片,中成药
穿王消炎胶囊,中成药
穿琥宁氯化钠注射液,西药
穿琥宁注射液,西药
立健克,西药
立健新,西药
立健松,西药
立健舒,西药
立健诺,西药
立克次体凝集试验,诊疗技术及设备（治疗）
立克次体补体结合试验,诊疗技术及设备（治疗）
立凡迪,西药
立可林,西药
立可菲,西药
立复丁,西药
立复汀,西药
立天霖,西药
立安,西药
立必复,西药
立思丁,西药
立效,西药
立文,西药
立斯平,西药
立林,西药
立生,西药
立生素,西药
立肖均,西药
立舒平,西药
立芷雪,西药
竞安,西药
端粒酶检查,诊疗技术及设备（治疗）
竹沥胶囊,中成药
竹沥膏,中成药
竹茹,中草药
笃定,西药
第孚,西药
筋骨草,中草药
筋骨草胶囊,中成药
筠菲,西药
箭叶秋葵,中草药
米乐松,西药
米力农注射液,西药
米希伦,西药
米库氯铵注射液,西药
米开民,西药
米托索,西药
米斯龙,西药
米曲菌胰酶片,西药
米福,西药
米维,西药
米芙,西药
米英杰,西药
米诺地尔搽剂,西药
米诺地尔溶液,西药
米诺地尔酊,西药
类克,西药
类癌危象,疾病
类癌综合征,疾病
类肺炎性胸腔积液,疾病
类脂性肺炎,疾病
类脂质蛋白沉积症,疾病
类风湿尘肺,疾病
类鼻疽,疾病
类鼻疽杆菌肺炎,疾病
粉尘螨注射液,西药
粉尘螨滴剂,西药
粉尘螨皮肤点刺诊断试剂盒,西药
粒性白细胞缺乏性咽峡炎,疾病
粪寄生虫卵检查,诊疗技术及设备（治疗）
精为欣,西药
精氨洛芬颗粒,西药
精氨酸布洛芬颗粒,西药
精芪双参胶囊,中成药
精蛋白生物合成人胰岛素注射液,西药
精蛋白生物合成人胰岛素注射液（预混30R）,西药
精蛋白生物合成人胰岛素注射液（预混50R）,西药
精蛋白生物合成人胰岛素注射液（预混50R）（笔芯）,西药
糖原贮积病II型,疾病
糠酸莫米松凝胶,西药
糠酸莫米松鼻喷雾剂,西药
素得,西药
素比伏,西药
索乐,西药
索利安,西药
索坦,西药
索多泰,西药
索宁,西药
索法酮干混悬剂,西药
索霁,西药
紫杉醇注射液,西药
紫河车胶囊,中成药
紫珠叶,中草药
紫素,西药
紫芝多糖片,西药
紫花杜鹃胶囊,中成药
紫茶颗粒,中成药
繁缕,中草药
红毛叶马蹄香,中草药
红毛草,中草药
红细胞九分图分析检查,诊疗技术及设备（治疗）
红细胞压积（HCT）检查,诊疗技术及设备（治疗）
红细胞沉降率（ESR）检查,诊疗技术及设备（治疗）
红细胞流变特性检测检查,诊疗技术及设备（治疗）
红花杜鹃,中草药
红花注射液,西药
红茎黄芩,中草药
红药气雾剂,中成药
红金消结胶囊,中成药
红霉素栓,西药
红霉素片,西药
红霉素肠溶散,西药
红霉素肠溶片,西药
红霉素肠溶胶囊,西药
纤溶酶注射液,西药
纤维化综合征,疾病
纤维蛋白降解产物检查,诊疗技术及设备（治疗）
纤维鼻咽镜,诊疗技术及设备（治疗）
纯迪,西药
纳乐枢,西药
纳催离,西药
纳可佳,西药
纳尔平,西药
纳川,西药
纳德来,西药
纳斯力妥,西药
纳武利尤单抗注射液,西药
纳科思,西药
纵膈恶性畸胎瘤,疾病
纵膈良性肿瘤,疾病
纵隔囊肿及肿瘤,疾病
纵隔气肿,疾病
纵隔淋巴结肿大,疾病
纵隔炎,疾病
纵隔畸胎瘤,疾病
纵隔疝,疾病
纵隔肿瘤,疾病
纵隔脓肿,疾病
纵隔间叶源性肿瘤及其他肿瘤,疾病
纵隔霍奇金淋巴瘤,疾病
纵隔非霍奇金淋巴瘤,疾病
纷乐,西药
纽莫法,西药
组织胞浆菌病,疾病
组织胺人免疫球蛋白,西药
组胺吸入试验,诊疗技术及设备（治疗）
组胺试验,诊疗技术及设备（治疗）
细菌内毒素检查法,诊疗技术及设备（治疗）
细菌形态学检查方法,诊疗技术及设备（治疗）
细菌性肺炎,疾病
细菌感染免疫检测,诊疗技术及设备（治疗）
细菌溶解产物,西药
细菌溶解物,西药
细菌的鉴定,诊疗技术及设备（治疗）
细辛,中草药
细辛脑注射液,西药
细辛脑片,中成药
细辛脑胶囊,中成药
经前平颗粒,中成药
经支气管镜肺活检,诊疗技术及设备（治疗）
经胸壁针刺肺活检,诊疗技术及设备（治疗）
经膈肌肋间疝,疾病
经舒胶囊,中成药
经舒颗粒,中成药
结核丸,中成药
结核性胸膜炎,疾病
结核性脓胸,疾病
结核性苔藓,疾病
结核杆菌,疾病
结核杆菌的抗原、抗体检查,诊疗技术及设备（治疗）
结核灵片,西药
结核病,疾病
结核菌素纯蛋白衍生物,西药
结节病,疾病
给欣,西药
络德,西药
络欣平,西药
络泰,中成药
络活喜,西药
络瘀通胶囊,中成药
统克,西药
继发性纵隔感染,疾病
维A酸片,西药
维C银翘片,西药
维乐福,西药
维体因,西药
维净,西药
维力通,西药
维加特Ofev,西药
维可莱,西药
维夫欣,西药
维宁佳,西药
维宏,西药
维尔亚,西药
维尼康,西药
维平,西药
维康特,西药
维康达,西药
维德思,西药
维快,西药
维思通,西药
维春,西药
维朴芬,西药
维柳芬,西药
维格列汀片,西药
维泽,西药
维洁信,西药
维瑞特,西药
维生素B12检查,诊疗技术及设备（治疗）
维生素B12注射液,西药
维生素B1注射液,中成药
维生素C注射液,西药
维生素K1注射液,西药
维畅,西药
维百斯,西药
维磷颗粒,中成药
维赛瑞吉,西药
维赛瑞安,西药
维路得,西药
维速达尔,西药
绿及咳喘颗粒,中成药
绿安,西药
绿支安,西药
绿汀诺,西药
缇碧,西药
缓冲液检查,诊疗技术及设备（治疗）
缓宁,西药
缬克,西药
缬沙坦分散片,西药
缬沙坦氢氯噻嗪片,西药
缬沙坦氢氯噻嗪胶囊,西药
缬沙坦氨氯地平片（I）,西药
缬沙坦片,西药
缬沙坦胶囊,西药
罗可曼,西药
罗库溴铵注射液,西药
罗得美星,西药
罗拉,西药
罗欣,西药
罗欣严达,西药
罗欣威,西药
罗欣威（用于1.0g）,西药
罗欣快宇,西药
罗每乐,西药
罗氏芬,西药
罗汉果,中草药
罗汉果止咳片,中成药
罗汉果止咳糖浆,西药
罗汉果止咳胶囊,中成药
罗汉果玉竹颗粒,中成药
罗汉果菊花颗粒,中成药
罗浩,西药
罗特威,西药
罗红霉素分散片,西药
罗红霉素干混悬剂,西药
罗红霉素氨溴索分散片,西药
罗红霉素氨溴索片,西药
罗红霉素片,西药
罗红霉素缓释片,西药
罗红霉素缓释胶囊,西药
罗红霉素胶囊,西药
罗红霉素软胶囊,西药
罗红霉素颗粒,西药
罗红霉素颗粒（II）,西药
罗荛愫,西药
罗迪尔,西药
罗通定片,中成药
罗邦,西药
罗非昔布片,西药
羊水一般检查,诊疗技术及设备（治疗）
羊水与胎粪吸入综合征,疾病
羊水栓塞,疾病
羊水胆红素检查,诊疗技术及设备（治疗）
羊红膻,中草药
羊胰,中草药
羊齿天冬,中草药
美丰,西药
美之全,西药
美佳特,西药
美克威,西药
美力泰,西药
美凌格,西药
美卓乐,西药
美博,西药
美卡素,西药
美司钠注射液,西药
美唯宁,西药
美嘉素,西药
美地兰,西药
美士灵,西药
美声喉泰含片,中成药
美多丽,西药
美大康佳乐,西药
美奥泰,西药
美安,西药
美平,西药
美开朗,西药
美息伪麻拉明分散片,西药
美愈伪麻胶囊,西药
美扑伪麻分散片,西药
美扑伪麻咀嚼片,西药
美扑伪麻干混悬剂,西药
美扑伪麻片,西药
美扑伪麻胶囊,西药
美扑伪麻颗粒,西药
美扶,西药
美敏伪麻口服溶液,西药
美敏伪麻溶液,西药
美斯汀,西药
美施康定,西药
美普清,西药
美替博伟,西药
美欧卡,西药
美沙拉秦栓,西药
美沙拉秦灌肠液,西药
美沙拉秦缓释片,西药
美沙拉秦缓释颗粒剂,西药
美法仑片,中成药
美洛昔康分散片,中成药
美洛昔康注射液,西药
美洛昔康片,中成药
美洛昔康胶囊,中成药
美满霉素,西药
美爱克,西药
美红,西药
美维松,西药
美罗,西药
美罗华,西药
美能,西药
美菲康,西药
美诺平颗粒,中成药
美诺星,西药
美达新,西药
美迪星,西药
美酚伪麻片,西药
羚竺散,中成药
羚羊感冒胶囊,中成药
羚羊清肺散,中成药
羚羊清肺胶囊,西药
羚翘解毒丸,中成药
羚翘解毒片,中成药
羚翘解毒颗粒,中成药
羚贝止咳糖浆,中成药
羚黄宝儿丸,中成药
羟乙基淀粉130/0.4氯化钠注射液,西药
羟乙基淀粉注射液,西药
羟乙基淀粉（200/0.5）氯化钠注射液,西药
羟甲香豆素片,西药
羟甲香豆素胶囊,西药
羧甲司坦口服溶液,西药
羧甲司坦口服溶液（无糖型）,西药
羧甲司坦泡腾片,西药
羧甲司坦片,西药
羧甲司坦片（小儿用）,西药
羧甲司坦颗粒,西药
羰基镍中毒,疾病
翰唯,西药
翰宁,西药
翰欣,西药
老年久病卧床,疾病
老年人肺癌,疾病
老年人阳性杆菌肺炎,疾病
老年咳喘片,中成药
考克,西药
考克、Calco,西药
考夫克,西药
考孚亭,西药
耐乐品,西药
耐信,西药
耐兴龙,西药
耳、鼻、咽拭子细菌培养,诊疗技术及设备（治疗）
耳草,中草药
耳鼻咽喉CT检查,诊疗技术及设备（治疗）
职业性哮喘,疾病
职业病检查项目,诊疗技术及设备（治疗）
联克,西药
联力克,西药
联合免疫缺陷病,疾病
联环,西药
联环笑定,西药
联磺甲氧芐啶片,西药
联磺甲氧苄啶片,西药
联磺甲氧苄啶胶囊,西药
联邦克立停,西药
联邦左福康,西药
联邦赛福美,西药
联邦阿乐仙,西药
聚乙二醇化重组人粒细胞刺激因子注射液,西药
聚乙二醇干扰素α—2a注射液,西药
聚乙二醇干扰素α—2b注射剂,西药
聚合酶链式反应检查,诊疗技术及设备（治疗）
聚多卡醇注射液（0.5%）,西药
聚多卡醇注射液（1%）,西药
聚多卡醇注射液（3%）,西药
聚明胶肽注射液,西药
聚桂醇注射液,西药
聚肌胞注射液,西药
肋骨骨折,疾病
肋骨骨折合并血气胸,疾病
肌苷葡萄糖注射液,西药
肖同达,西药
肝水解肽注射液,西药
肝水解肽注射液说明书,西药
肝素钠含片,西药
肝素钠注射液,西药
肝肺综合征,疾病
肠杆菌肺炎,疾病
肠球菌肺炎,疾病
肥大性骨关节病,疾病
肺不张,疾病
肺假性淋巴瘤,疾病
肺出血－肾炎综合征,疾病
肺力咳合剂,中成药
肺力咳胶囊,中成药
肺动脉发育不全,疾病
肺动脉栓塞,疾病
肺动脉瓣狭窄,疾病
肺动脉高压,疾病
肺动静脉瘤,疾病
肺吸虫病,疾病
肺吸虫皮内试验,诊疗技术及设备（治疗）
肺和胸膜叩诊,诊疗技术及设备（治疗）
肺和胸膜听诊,诊疗技术及设备（治疗）
肺和胸膜触诊,诊疗技术及设备（治疗）
肺嗜酸细胞组织细胞增生症,疾病
肺囊性纤维化,疾病
肺地丝菌病,疾病
肺大疱,疾病
肺孢子菌肺炎,疾病
肺宁口服液,中成药
肺宁片,中成药
肺宁胶囊,中成药
肺宁胶囊（返魂草胶囊）,中成药
肺宁颗粒,中成药
肺宝三效片,西药
肺宫崎肺吸虫症,疾病
肺寄生虫病,疾病
肺弓形虫病,疾病
肺心夏治胶囊,中成药
肺心片,中成药
肺心病,疾病
肺念珠菌病,疾病
肺性脑病,疾病
肺损伤,疾病
肺放线菌病,疾病
肺曲菌病,疾病
肺栓塞,疾病
肺栓塞和肺梗死,疾病
肺毒清片,中成药
肺毛霉病,疾病
肺气肿,疾病
肺气虚,疾病
肺水肿,疾病
肺泡—毛细血管阻滞综合征,疾病
肺泡微结石症,疾病
肺泡通气低下综合征,疾病
肺活量体重指数检查,诊疗技术及设备（治疗）
肺源性心脏病,疾病
肺灌注显像,诊疗技术及设备（治疗）
肺炎,疾病
肺炎克雷白杆菌肺炎,疾病
肺炎性假瘤,疾病
肺炎衣原体感染,疾病
肺炎衣原体肺炎,疾病
肺炎链球菌败血症,疾病
肺炭疽,疾病
肺爆振伤,疾病
肺球孢子菌病,疾病
肺疝,疾病
肺疟疾病,疾病
肺癌,疾病
肺真菌病,疾病
肺粪类圆线虫病,疾病
肺纤维化,疾病
肺结核,疾病
肺结核丸,中成药
肺脓肿,疾病
肺良性淋巴细胞血管炎和肉芽肿病,疾病
肺良性肿瘤,疾病
肺荚膜组织胞浆菌病,疾病
肺蛔虫病,疾病
肺螨病,疾病
肺血吸虫病,疾病
肺血栓栓塞症,疾病
肺血管炎,疾病
肺转移瘤,疾病
肺通气功能检查,诊疗技术及设备（治疗）
肺通气显像,诊疗技术及设备（治疗）
肺部检查,诊疗技术及设备（治疗）
肺部疾病,疾病
肺部真菌感染,疾病
肺部粪类圆线虫病,疾病
肺部良性肿瘤,疾病
肺钩虫病,疾病
肺错构瘤,疾病
肺闭喘咳,疾病
肺阻抗血流图,诊疗技术及设备（治疗）
肺隐球菌病,疾病
肺隔离症,疾病
肺青霉病,疾病
肺顺应性（C）检查,诊疗技术及设备（治疗）
肺鳞癌,疾病
肾上腺色腙注射液,西药
肾上腺色腙片,中成药
肿瘤,疾病
肿瘤VIP受体显像,诊疗技术及设备（治疗）
肿瘤受体显像,诊疗技术及设备（治疗）
肿瘤性息肉,疾病
肿瘤断层显象,诊疗技术及设备（治疗）
肿瘤神经多肽受体显像,诊疗技术及设备（治疗）
肿瘤筛查检查,诊疗技术及设备（治疗）
肿节风分散片,中成药
肿节风注射液,西药
肿节风片,中成药
肿节风胶囊,中成药
肿节风颗粒,中成药
胃型哮喘,疾病
胆固醇肺炎,疾病
胆固醇脓胸,疾病
胆影葡胺注射液,西药
胆木,中草药
胆木注射液,西药
胆木浸膏片,西药
胆木浸膏糖浆,中成药
胆茶碱片,西药
胆酸止咳片,中成药
胆龙止喘片,中成药
胎粪吸入综合征,疾病
胖大海,中草药
胜君,西药
胜城,西药
胜寒,西药
胜红清热胶囊,中成药
胜艾,西药
胞二磷胆碱注射液,西药
胞内分枝杆菌感染,疾病
胞磷胆碱注射液,西药
胞磷胆碱钠注射液,西药
胰腺外分泌功能试验,诊疗技术及设备（治疗）
胶乳凝集抑制试验（LAI）,诊疗技术及设备（治疗）
胶体磷[32P]酸铬注射液,西药
胸内异物,疾病
胸内甲状腺肿,疾病
胸围、吸气胸围,诊疗技术及设备（治疗）
胸壁检查,诊疗技术及设备（治疗）
胸壁皮下气肿,疾病
胸壁结核,疾病
胸壁软组织畸形,疾病
胸导管损伤,疾病
胸廓检查,诊疗技术及设备（治疗）
胸椎结核椎旁脓肿穿入胸腔,疾病
胸水检查,诊疗技术及设备（治疗）
胸痛,疾病
胸腔积液,疾病
胸腔积液一般性状检查,诊疗技术及设备（治疗）
胸腔积液临床化学检查,诊疗技术及设备（治疗）
胸腔积液免疫化学检查,诊疗技术及设备（治疗）
胸腔积液微生物学检查,诊疗技术及设备（治疗）
胸腔积液显微镜检查,诊疗技术及设备（治疗）
胸腔积液肿瘤细胞学检查,诊疗技术及设备（治疗）
胸腔镜检查,诊疗技术及设备（治疗）
胸腹水常规检查,诊疗技术及设备（治疗）
胸腹水检查,诊疗技术及设备（治疗）
胸腺五肽注射液,西药
胸腺小细胞癌,疾病
胸腺类癌,疾病
胸腺肽氯化钠注射液,西药
胸腺肽注射液,西药
胸腺肽肠溶片,西药
胸腺肽肠溶胶囊,西药
胸膜炎,疾病
胸膜腔内气体成分压力的测定,诊疗技术及设备（治疗）
胸膜间皮瘤,疾病
胸部CT检查,诊疗技术及设备（治疗）
胸部丝虫病,疾病
胸部外部检查,诊疗技术及设备（治疗）
胸部放线菌病,疾病
胸部滴水声检查,诊疗技术及设备（治疗）
胸部疾病体征检查,诊疗技术及设备（治疗）
胸部阿米巴病,疾病
能达,西药
脂清胶囊,中成药
脂肪乳氨基酸（17）葡萄糖（11%）注射液,西药
脂肪乳氨基酸（17）葡萄糖（19%）注射液,西药
脂肪乳注射液（C14—24）,西药
脂肪乳注射液（C14～24）,西药
脂肪栓塞综合征,疾病
脉搏检查,诊疗技术及设备（治疗）
脉络宁注射液,西药
脊椎平片检查,诊疗技术及设备（治疗）
脑型肺吸虫病,疾病
脑肺吸虫病,疾病
脑膜炎奈瑟菌肺炎,疾病
脑蛋白水解物注射液,西药
脓毒症,疾病
脓汁和创伤感染标本细菌学检查,诊疗技术及设备（治疗）
脓胸,疾病
脱屑性间质性肺炎,疾病
脱落细胞检查,诊疗技术及设备（治疗）
脾氨肽口服冻干粉,西药
脾胃舒丸,中成药
腰息痛胶囊,中成药
腹腔肺吸虫病,疾病
腺样囊性癌,疾病
腺泡细胞癌,疾病
腺淋巴瘤,疾病
腺病毒感染,疾病
腺病毒肺炎,疾病
腺瘤,疾病
腺苷注射液,西药
腺苷注射液（供诊断用）,西药
腾克,西药
膈现象检查,诊疗技术及设备（治疗）
膈肌破裂,疾病
膈肌麻痹,疾病
膜固思达,西药
膦甲酸钠氯化钠注射液,西药
臣功再欣,西药
臣邦力威,西药
自发性气胸,疾病
自发性血气胸,疾病
自发性血胸,疾病
自身免疫性疾病,疾病
臭灵丹草,中草药
至力,西药
至清,中成药
至灵胶囊,中成药
至灵菌丝胶囊,中成药
致康胶囊,中成药
致欣,西药
臻克,西药
舍佩耳曼征,诊疗技术及设备（治疗）
舍尔,西药
舍尼亭,西药
舍悦,西药
舍欣,西药
舍雷肽酶片,西药
舍雷肽酶肠溶片,西药
舒丽启能,西药
舒他西林干混悬剂,西药
舒兰新,西药
舒利迭,西药
舒可捷,西药
舒坦罗,西药
舒夫坦,西药
舒威,西药
舒安神,西药
舒尔达,西药
舒尼亚,西药
舒忆,西药
舒志,西药
舒思,西药
舒敏,西药
舒普深,西药
舒更葡糖钠注射液,西药
舒氨新,西药
舒瑞泰,西药
舒美特,西药
舒美社复,西药
舒肺糖浆,西药
舒胸片,中成药
舒莱,西药
舒萨林,西药
舒血宁注射液,西药
舒降之,西药
舒高可,西药
良园枇杷叶膏,中成药
良园枇杷叶膏（蜜炼）,中成药
良性淋巴细胞血管炎和肉芽肿病,疾病
色甘酸钠气雾剂,西药
艾乐汀,西药
艾亭,西药
艾仕列,西药
艾克博康,西药
艾克尔,西药
艾克朗,西药
艾分,西药
艾力,西药
艾力可,西药
艾加星,西药
艾博定,西药
艾卡特,西药
艾去适,西药
艾可安,西药
艾可拓,西药
艾可芷,西药
艾叶油胶囊,中成药
艾唯多,西药
艾坦,西药
艾塞那肽注射液,西药
艾太,西药
艾夫吉夫,西药
艾好,西药
艾尔力康,西药
艾尔嘉,西药
艾尔贝,西药
艾得辛,西药
艾思克,西药
艾思替尔,西药
艾思瑞,西药
艾恒,西药
艾愈胶囊,中成药
艾拉莫德片,西药
艾斯康,西药
艾普康,西药
艾朗,西药
艾本,西药
艾朵,西药
艾极,西药
艾林泰,西药
艾氟龙,西药
艾洛松,西药
艾清,西药
艾滋病伴发肺结核,疾病
艾瑞得安,西药
艾瑞昔布片,西药
艾生特,西药
艾素,西药
艾舒,西药
艾若,西药
艾诺克,西药
艾诺吉,西药
艾贝宁,西药
艾贝然,西药
艾达乐,西药
艾迪注射液,西药
艾迪莎,西药
艾速平,西药
节段性透明性血管炎,疾病
芊克,西药
芍倍注射液,西药
芎菊上清颗粒,中成药
芒果止咳片,中成药
芙必叮,西药
芙欣,西药
芙瑞,西药
芙美松,西药
芙露饮,西药
芥子,中草药
芦根,中草药
芦根枇杷叶颗粒,中成药
芩暴红止咳片,中成药
芩石利咽口服液,中成药
芩翘口服液,西药
芩连胶囊,中成药
芩黄喉症胶囊,中成药
芪参胶囊,中成药
芪参通络胶囊,中成药
芪珍胶囊,中成药
芪胶升白胶囊,中成药
芪苈强心胶囊,中成药
芪风颗粒,中成药
芬世达,西药
芬克,西药
芬克斯,西药
芬吗通,西药
芬太克,西药
芬尼康,西药
芬太尼透皮贴剂,西药
芬必得,西药
芬迪宁,西药
芬那克,西药
芮达,西药
芯能,西药
花欣,西药
花粉症,疾病
花粉过敏性哮喘,疾病
花红颗粒,中成药
芽生菌病,疾病
苇茎汤,中成药
苋菜黄连素胶囊,西药
苍耳子鼻炎胶囊,中成药
苏中,西药
苏为坦,西药
苏之,西药
苏乐康,中成药
苏亚,西药
苏令琼,西药
苏可诺,西药
苏和,西药
苏奇,西药
苏子降气丸,中成药
苏子降气汤,中成药
苏星,西药
苏榕,西药
苏泌啉,西药
苏泰,西药
苏爽,西药
苏立,西药
苏肽生,西药
苏芷,西药
苏莱乐,西药
苏菲咳糖浆,中成药
苏诺,西药
苏诺针,西药
苏适,西药
苏顺,西药
苏麦卡,西药
苏黄止咳胶囊,中成药
苑叶止咳糖浆,中成药
苓桂咳喘宁胶囊,中成药
苓甘五味姜辛汤,中成药
苓桂术甘汤,中成药
苜蓿大蒜油软胶囊,西药
若思本,西药
若朋,西药
若菁,西药
若通,西药
苦参碱氯化钠注射液,西药
苦参素氯化钠注射液,西药
苦参素注射液,西药
苦参素片,西药
苦参素胶囊,西药
苦参素葡萄糖注射液,西药
苦甘颗粒,中成药
苦碟子注射液,西药
苦金片,中成药
苦黄注射液,西药
苯丁酸氮芥片,西药
苯丁酸氮芥纸型片,西药
苯唑西林钠片,西药
苯唑西林钠胶囊,西药
苯巴比妥片,西药
苯扎贝特缓释片,西药
苯海拉明薄荷脑糖浆,西药
苯甲酸利扎曲普坦片,西药
苯甲酸利扎曲普坦胶囊,西药
苯甲酸阿格列汀片,西药
苯磺酸左旋氨氯地平片,西药
苯磺酸氨氯地平分散片,西药
苯磺酸氨氯地平片,西药
苯磺酸氨氯地平胶囊,西药
英伏可,西药
英兰,西药
英凡舒,西药
英利昔,西药
英多安,西药
英多舒,西药
英太青,西药
英扶宁,西药
英派琦,西药
英特维乐,西药
英特龙,西药
英立达,西药
英索力,西药
英能,西药
英脱利匹特,西药
英路因,西药
英达康,西药
苷灵安,西药
苷盾安,西药
苹果酸舒尼替尼胶囊,西药
茂欣,西药
茛菪浸膏片,西药
茜芷胶囊,中成药
茵栀黄注射液,西药
茵福,西药
茶愈胶囊,中成药
茶新那敏片,中成药
茶碱愈创甘油醚软胶囊,西药
茶碱控释胶囊,西药
茶碱氯化钠注射液,西药
茶碱缓释片,西药
茶碱缓释胶囊,西药
茶碱缓释胶囊（II）,西药
茶碱麻黄碱片,西药
荃康诺,西药
荆防合剂,中成药
荆防颗粒,中成药
草分枝杆菌F.U.36注射液,西药
草铂,西药
荚膜组织胞浆菌病,疾病
荡涤灵颗粒,中成药
荡石片,中成药
荣发胶囊,中成药
荧光素钠注射液,西药
药敏试验检查,诊疗技术及设备（治疗）
药物中毒,疾病
药物性呼吸衰竭,疾病
药物过敏,疾病
药用倒提壶,中草药
药用小阴地蕨,中草药
荷普欣,西药
荷洛松,西药
荸荠,中草药
莎尔福,西药
莪术油注射液,西药
莨菪浸膏片,中成药
莪术油葡萄糖注射液,西药
莫乐新,西药
莫刻林,西药
莫大意,中成药
莫欣,西药
莫比可,西药
莫迪司,西药
莱亿芬,西药
莱多菲,西药
莱得怡,西药
莱沃幸,西药
莱特雷尔—西韦病,疾病
莱福隆,西药
莱立康,西药
莱美兴,西药
莱美净,西药
莱美清,西药
莱美舒,西药
莱菔子,中草药
莱赛,西药
莱迪,西药
莱阳梨止咳糖浆,中成药
莱阳梨止咳颗粒,中成药
莱阳梨膏,中成药
莲必治注射液,西药
莲芝消炎滴丸,中成药
莲芝消炎片,中成药
莲芝消炎胶囊,中成药
菁璐,西药
菊三七,中草药
菊梅利咽含片,中成药
菠萝蛋白酶肠溶片,西药
菲克麦康,西药
菲士康,西药
菲得欣,西药
菲科坦,西药
菲路得,西药
菲那安,西药
菼清,西药
萘丁美酮分散片,西药
萘丁美酮片,西药
萘丁美酮胶囊,西药
萘丁美酮颗粒,西药
萘普待因片,西药
萘普生分散片,西药
萘普生注射液,西药
萘普生片,西药
萘普生缓释片,西药
萘普生缓释胶囊,西药
萘普生肠溶微丸胶囊,西药
萘普生胶囊,西药
萘普生钠伪麻黄碱缓释片,西药
萘普生钠片,西药
萘普生钠缓释片,西药
萘普生钠胶囊,西药
萘普生颗粒,西药
萘林那敏溴铵喷雾剂,西药
萨兰欣,西药
萨典,西药
葆至能,西药
葛根素注射液,西药
葛芪胶囊,中成药
葡立,西药
葡萄叶秋海棠,中草药
葡萄球菌感染,疾病
葡萄球菌肺炎,疾病
葡萄糖氯化钙注射液,西药
葡萄糖氯化钠注射液,西药
葡萄糖注射液,西药
葡萄糖酸依诺沙星注射液,西药
葡萄糖酸锑钠注射液,西药
葫芦茶,中草药
葱白七味饮,中成药
蒂清,西药
蒙欣,西药
蒙诺,西药
蒙达清,西药
蒲公英,中草药
蒲公英胶囊,中成药
蒲公英颗粒,中成药
蒲参胶囊,中成药
蒲桃壳,中草药
蒲黄,中草药
蒿蓝感冒颗粒,中成药
蓉生逸普,西药
蓉生静丙,西药
蓐劳,疾病
蓓克,西药
蓓力德,西药
蓝乐,西药
蓝布正,中草药
蓝芩颗粒,中成药
蔓迪,西药
蔗尘肺,疾病
蔗糖铁注射液,西药
薄芝糖肽注射液,西药
薄荷喉片,中成药
薄荷桉油含片,中成药
薄荷桉油含片（II）,西药
薄荷桉油含片（I）,西药
薄荷茴桉苯甲酸钠含片,西药
薄荷通吸入剂,中成药
藕节,中草药
藻酸双酯钠氯化钠注射液,西药
藻酸双酯钠注射液,西药
藻酸双酯钠片,西药
虚喘,疾病
虚寒咳嗽,疾病
虞庐安,西药
虫草川贝止咳膏,中成药
虫草川贝膏,中成药
虫草洋参胶囊,中成药
虫草清肺胶囊,中成药
虫霉病,疾病
蛇毒血凝酶注射液,西药
蛇胆半夏散,中成药
蛇胆半夏片,中成药
蛇胆川贝含片,中成药
蛇胆川贝枇杷膏,中成药
蛇胆川贝液,西药
蛇胆川贝胶囊,西药
蛇胆贝母散,中成药
蛇胆贝母片,中成药
蛇胆陈皮口服液,西药
蛇胆陈皮片,中成药
蛇胆陈皮胶囊,中成药
蛇连川贝散,中成药
蛋白电泳检查,诊疗技术及设备（治疗）
蛋白质类肿瘤标志物检测,诊疗技术及设备（治疗）
蛔虫病,疾病
蛙粪霉病,疾病
蛤蒌,中草药
蛤蚧,中草药
蛤蚧党参膏,中成药
蛤蚧养肺丸,中成药
蛤蚧定喘丸,中成药
蛤蚧定喘胶囊,中成药
蛤蜊粉,中草药
蛹虫草菌粉胶囊,中成药
蜂窝肺综合征,疾病
蜜炼川贝枇杷膏,中成药
蝶毛菌,中草药
蝶脉灵,西药
蝶蝶宁,西药
螨变应原注射液,西药
螺内酯片,西药
螺内酯胶囊,西药
螺旋CT检查,诊疗技术及设备（治疗）
螺旋霉素片,西药
螺旋霉素胶囊,西药
螺菌病,疾病
血人参,中草药
血吸虫尾蚴膜反应,诊疗技术及设备（治疗）
血吸虫斑点酶联免疫吸附试验,诊疗技术及设备（治疗）
血吸虫环卵沉淀试验,诊疗技术及设备（治疗）
血吸虫皮内试验,诊疗技术及设备（治疗）
血吸虫间接血凝试验,诊疗技术及设备（治疗）
血塞通注射液,西药
血塞通胶囊,中成药
血常规检查,诊疗技术及设备（治疗）
血康胶囊,中成药
血必净注射液,中成药
血支原体抗体测定,诊疗技术及设备（治疗）
血栓,疾病
血栓通注射液,西药
血氧饱和度（SaO2）,诊疗技术及设备（治疗）
血沉方程K值检查,诊疗技术及设备（治疗）
血沟丹,中草药
血浆D—二聚体测定,诊疗技术及设备（治疗）
血浆组织纤溶酶原检测,诊疗技术及设备（治疗）
血浆组织纤溶酶原活化物抑制物抗原检测,诊疗技术及设备（治疗）
血浆鱼精蛋白副凝试验（3p试验）,诊疗技术及设备（治疗）
血液及骨髓标本的细菌学检验,诊疗技术及设备（治疗）
血液及骨髓细菌培养,诊疗技术及设备（治疗）
血清化学检查,诊疗技术及设备（治疗）
血清癌胚抗原检查,诊疗技术及设备（治疗）
血清腺苷脱氨酶检查,诊疗技术及设备（治疗）
血清血管紧张素I转化酶活性,诊疗技术及设备（治疗）
血清补体C5含量,诊疗技术及设备（治疗）
血清醛缩酶（ALD）,诊疗技术及设备（治疗）
血清钠检查,诊疗技术及设备（治疗）
血清铁蛋白检查,诊疗技术及设备（治疗）
血管性水肿,疾病
血管损伤,疾病
血管炎,疾病
血管造影检查,诊疗技术及设备（治疗）
血胸,疾病
衡力,西药
衣原体感染,疾病
衣原体检查法,诊疗技术及设备（治疗）
补肺丸,中成药
补肺活血胶囊,中成药
补肾润肺口服液,西药
补达秀,西药
补金片,中成药
补金胶囊,西药
表热清颗粒,中成药
表皮葡萄球菌肺炎,疾病
表虚感冒颗粒,中成药
裕力兴,西药
裕君先,西药
裕宁,西药
裸花紫珠颗粒,中成药
西之达,西药
西乐欣,西药
西乐葆,西药
西力欣,西药
西南小阴地蕨,中草药
西可奇,西药
西司奇,西药
西同静,西药
西吡氯铵含漱液,西药
西吡氯铵含片,西药
西咪替丁咀嚼片,西药
西咪替丁氯化钠注射液,西药
西咪替丁注射液,西药
西咪替丁缓释片,西药
西咪替丁胶囊,西药
西地兰,西药
西地磷酸苯丙哌林泡腾片,西药
西妥昔单抗注射液,西药
西安利君,西药
西拉普利片,中成药
西搏特欣,西药
西普乐,西药
西格列汀二甲双胍片,西药
西沙必利片,西药
西沙必利胶囊,西药
西泰孟,西药
西洋参蜜炼川贝枇杷膏,中成药
西洋参颗粒,中成药
西洋菜干,中草药
西洛他唑片,西药
西盖克,西药
西罗莫司口服溶液,西药
西罗莫司片,西药
西艾克,西药
西若非,西药
西菌明,西药
西达本胺片,西药
西迪林,西药
西适宁,西药
西黄胶囊,中成药
见血住,中草药
见血清,中草药
观兰,西药
解痉灵,西药
解痉灵针,西药
解肌宁嗽丸,中成药
解肌宁嗽片,中成药
解表清金散,中成药
誉利,西药
誉快,西药
誉捷,西药
誉舒,西药
诃子,中草药
诚珍,西药
诺为,西药
诺丽尔,西药
诺之平,西药
诺仕帕,西药
诺佳,西药
诺保思泰,西药
诺健,西药
诺其,西药
诺力思,西药
诺卡菌病,疾病
诺和力,西药
诺和平特充,西药
诺和平笔芯,西药
诺和灵N,西药
诺和灵N特充,西药
诺和灵R,西药
诺和锐,西药
诺和锐30,西药
诺和锐30特充,西药
诺和锐特充,西药
诺嘉,西药
诺坤复,西药
诺塞芬,西药
诺宁,西药
诺尔,西药
诺尔彤,西药
诺必泰,西药
诺扬,西药
诺新康,西药
诺易平,西药
诺普伦,西药
诺森,西药
诺欣生,西药
诺正,西药
诺氟沙星注射液,西药
诺氟沙星片,西药
诺氟沙星胶囊,西药
诺氟沙星葡萄糖注射液,西药
诺氟沙星锌散,西药
诺沙,西药
诺沛,西药
诺百力,西药
诺科飞,西药
诺维乐,西药
诺维本,西药
诺贝奇,西药
诺辰,西药
诺达明,西药
诺适得,西药
诺通,西药
诺邦,西药
诺释,西药
诺金平,西药
诺非,西药
谊奇康,西药
谱乐益,西药
谱能（Prepenem）,西药
谷氨酸诺氟沙星氯化钠注射液,西药
谷红注射液,西药
豪林钠,西药
贝乐司,西药
贝乐芬,西药
贝他根,西药
贝伐珠单抗注射液,西药
贝依,西药
贝前列素钠片,西药
贝参平喘胶囊,中成药
贝可乐,西药
贝可力,西药
贝唐宁,西药
贝奇灵,西药
贝得宁,西药
贝敏伪麻片,西药
贝林,西药
贝桔止咳糖浆,中成药
贝母二冬膏,中成药
贝母梨膏,中成药
贝母瓜蒌汤,中成药
贝母花流浸膏,中成药
贝母花片,中成药
贝特舒,西药
贝琪,西药
贝科能,西药
贝立德,西药
贝络纳,西药
贝美格注射液,西药
贝羚散,中成药
贝莱,西药
贝蕾,西药
贝贝莎,西药
贝赋,西药
贝速清,西药
贝那普利氢氯噻嗪片,西药
贝邦,西药
贝隆,西药
败酱草,中草药
贯黄感冒胶囊,中成药
贯黄感冒颗粒,中成药
费宁,西药
费安,西药
费舒美,西药
贺尔舒,西药
贺斯,西药
贺甘定,西药
贺福立适,西药
贺维力,西药
赖氨匹林散,西药
赖氨酸茶碱片,西药
赖脯胰岛素注射液,西药
赖诺普利氢氯噻嗪片,西药
赖诺普利片,西药
赖诺普利胶囊,西药
赛世克,西药
赛之迅,西药
赛乐林,西药
赛乐品,西药
赛乐欣,西药
赛乐特,西药
赛伽,西药
赛克同,西药
赛克星,西药
赛博尔,西药
赛卡,西药
赛可平,西药
赛可斯,西药
赛可瑞,西药
赛同,西药
赛复喜,西药
赛夫丁,西药
赛奇,西药
赛尼可,西药
赛德萨,西药
赛机宁,西药
赛格乐,西药
赛格力,西药
赛比舒,西药
赛法雷,西药
赛洛多辛胶囊,西药
赛特赞,西药
赛珍,西药
赛福美,西药
赛立泰,西药
赛维,西药
赛维健,西药
赛美欣,西药
赛美维,西药
赛能,西药
赛而,西药
赛若金,西药
赛莫司,西药
赛进,西药
赛金化毒散,中成药
赛飞杰,西药
赞诺欣,西药
赤脉贯布,疾病
赫宁,西药
赫泰林,西药
赫立可,西药
赫赛汀,西药
超广谱β—内酰胺酶检查,诊疗技术及设备（治疗）
超液态碘化油,西药
越鞠二陈丸,中成药
足菌肿,疾病
路仙同,西药
路利特,西药
路维芬,西药
路路通注射液,中成药
转移性肺癌,疾病
转移癌,疾病
辅舒良,西药
辅舒酮,西药
辅酶Q10维E软胶囊,西药
输血用氯化钠注射液,西药
辛伐他汀分散片,西药
辛伐他汀咀嚼片,西药
辛伐他汀滴丸,西药
辛伐他汀片,西药
辛伐他汀胶囊,西药
辛可,西药
辛复宁,西药
辛芩颗粒,中成药
辰吉格,西药
辰景,西药
辰泽,西药
辰立,西药
辰龙罗欣,西药
辽沙,西药
达乐,西药
达体朗,西药
达先,西药
达克普隆,西药
达利全,西药
达刻欣,西药
达力叮,西药
达力哌坦,西药
达力士,西药
达力新,西药
达力能,西药
达力舒,西药
达力芬,西药
达发新,西药
达士明,西药
达希纳,西药
达林,西药
达比加群酯胶囊,西药
达沙替尼片,西药
达爽,西药
达畅,西药
达维邦,西药
达肝素钠注射液,西药
达肺草,中成药
达芙文,西药
达芬泰星,西药
达芬科闯,西药
达芬霖,西药
达菲,西药
达诺,西药
达诺日夜片,西药
达贝,西药
达路,西药
达阿马托征,诊疗技术及设备（治疗）
达霏欣,西药
达靓,西药
达风,西药
迁迪,西药
迅迪,西药
过度通气综合征,疾病
过敏性休克,疾病
过敏性支气管肺曲霉病,疾病
过敏性肺炎,疾病
过敏性鼻炎,疾病
过期产儿,疾病
迈克伟,西药
迈可抒,西药
迈平希,西药
迈格尔,西药
迈灵达,西药
迈生,西药
迈纬希,西药
迈能,西药
迈韦斯,西药
迎春花根,中草药
运德素,西药
运泰,西药
返魂草颗粒,中成药
远恒,西药
远策素,西药
连花清瘟片,中成药
连花清瘟胶囊,中成药
连花清瘟颗粒,中成药
连蒲双清片,中成药
连蒲双清胶囊,中成药
迟发性低丙球血症,疾病
迟发性皮肤变态反应检查,诊疗技术及设备（治疗）
迪之雅,西药
迪克乐克,西药
迪克尼芬,西药
迪凌,西药
迪北,西药
迪友,西药
迪双安,西药
迪可安,中成药
迪可罗,西药
迪坦妥,西药
迪尔康欣,西药
迪尔诺,西药
迪帕米,西药
迪康,西药
迪恩安,西药
迪扶欣,西药
迪拉,西药
迪根,西药
迪汀,西药
迪瑞,中成药
迪素,西药
迪红,西药
迪罗必舒,西药
迪苏,西药
迪莫隆,西药
迪诺新,西药
迪赛,西药
迪迈欣,西药
迪道,西药
迪都,西药
迪银,西药
迭力,西药
退热清咽颗粒,中成药
适今可,西药
适利加,西药
适利达,西药
适普利尔,西药
适洛特,西药
适迪,西药
选择性IgA缺乏症,疾病
透明细胞癌,疾病
通关藤,中草药
通塞脉片,中成药
通宁滴剂,中成药
通宣理肺丸,西药
通宣理肺丸（浓缩丸）,中成药
通宣理肺口服液,西药
通宣理肺片,中成药
通宣理肺胶囊,中成药
通宣理肺膏,中成药
通宣理肺颗粒,中成药
通气贮量比,诊疗技术及设备（治疗）
通达,西药
速乐涓,西药
速伏抗,西药
速克感冒片,西药
速克感冒胶囊,中成药
速卡,西药
速发型变态反应皮肤测试,诊疗技术及设备（治疗）
速可眠,西药
速尿针,西药
速易,西药
速欣康,西药
速瑞,西药
速维普,西药
速莱,西药
逸林,西药
逸维仙,西药
逸舒松,西药
逻施立,西药
道敏奇,西药
那可丁片,中成药
那可丁糖浆,西药
那敏伪麻胶囊,西药
那止,西药
那琦,西药
那素达,西药
邦亭,西药
邦加分宁,西药
邦坦,西药
邦塔,西药
邦宁沙吉,西药
邦尅敏,西药
邦平,西药
邦庆,西药
邦悦,西药
邦来立欣,西药
邦民,西药
邦罗力,西药
邦莱,西药
邦贝益,西药
邦赛,西药
邦达,西药
邯康,西药
郎—奥韦综合征,疾病
郎铭,西药
都可喜,西药
都咸,中草药
都咸子,中草药
酒石酸二氢可待因控释片,西药
酒石酸伐尼克兰片,西药
酒石酸双氢可待因片,西药
酒石酸唑吡坦片,西药
酒石酸布托啡诺注射液,西药
酒石酸布托啡诺鼻喷剂,西药
酒石酸美托洛尔控释片,西药
酒石酸美托洛尔注射液,西药
酒石酸美托洛尔片,西药
酒石酸美托洛尔缓释片,西药
酒石酸美托洛尔胶囊,西药
酒石酸长春瑞滨注射液,西药
酒石酸长春瑞滨软胶囊,西药
酚明伪麻片,西药
酚磺乙胺氯化钠注射液,西药
酚磺乙胺注射液,西药
酚磺乙胺葡萄糖注射液,西药
酚美愈伪麻分散片,西药
酚麻美敏口服溶液,西药
酚麻美敏咀嚼片,西药
酚麻美敏混悬液,西药
酚麻美敏片,西药
酚麻美敏胶囊,西药
酚麻美敏颗粒,西药
酚麻美软胶囊,西药
酞磺胺噻唑片,西药
酮咯酸氨丁三醇注射液,西药
酮咯酸氨丁三醇片,西药
酮咯酸氨丁三醇胶囊,西药
酮康唑片,西药
酮康唑胶囊,西药
酮洛芬凝胶,西药
酮洛芬片,西药
酮洛芬缓释胶囊,西药
酮洛芬肠溶片,西药
酮洛芬肠溶胶囊,西药
酮洛芬胶囊,西药
酮洛芬贴片,西药
酶联免疫吸附试验检查,诊疗技术及设备（治疗）
酸碱度（pH）值测定,诊疗技术及设备（治疗）
酸碱灼伤,疾病
醋氨苯砜注射液,西药
醋氮酰胺,西药
醋硝香豆素片,西药
醋酸加尼瑞克注射液,西药
醋酸去氨加压素注射液,西药
醋酸去氨加压素滴鼻液,西药
醋酸去氨加压素鼻喷雾剂,西药
醋酸可的松注射液,西药
醋酸可的松片,西药
醋酸地塞米松注射液,西药
醋酸地塞米松片,西药
醋酸地塞米松粘贴片,西药
醋酸曲安奈德注射液,西药
醋酸氢化可的松注射液,西药
醋酸氢化可的松片,西药
醋酸泼尼松片,西药
醋酸泼尼松龙注射液,西药
醋酸泼尼松龙片,西药
醋酸甲地孕酮分散片,西药
醋酸甲地孕酮片,西药
醋酸甲地孕酮胶囊,西药
醋酸甲地孕酮软胶囊,西药
醋酸钠林格注射液,西药
醋酸阿比特龙片,西药
醋酸麦迪霉素颗粒,西药
醒脑静注射液,西药
采乐,西药
采特,西药
释瑞达,西药
里亚美,西药
里亚金,西药
里奇,西药
里素劳,西药
里葆多,西药
重叠综合征,疾病
重和林N,西药
重复呼吸试验,诊疗技术及设备（治疗）
重感灵片,中成药
重感灵胶囊,中成药
重症急性呼吸综合征,疾病
重组人p53腺病毒注射液,西药
重组人V型腺病毒注射液,西药
重组人促红素注射液,西药
重组人干扰素beta—1b,西药
重组人干扰素α1b,西药
重组人干扰素α1b注射液,西药
重组人干扰素α2a栓,西药
重组人干扰素α2a注射液,西药
重组人干扰素α2b喷雾剂,西药
重组人干扰素α2b栓,西药
重组人干扰素α2b软膏,西药
重组人干扰素α—2a凝胶,西药
重组人干扰素α—2b凝胶,西药
重组人干扰素α—2b注射液,西药
重组人干扰素β1a注射液,西药
重组人白介素—2注射液,西药
重组人白细胞介素2注射液,西药
重组人白细胞介素—2（125Ala）注射液,西药
重组人粒细胞刺激因子注射液,西药
重组人粒细胞集落刺激因子注射液,西药
重组人组织型纤溶酶原激酶衍生物,西药
重组人血管内皮抑制素注射液,西药
重组抗CD25人源化单克隆抗体注射液,西药
重组赖脯胰岛素注射液,西药
重组集成干扰素α注射液,西药
重酒石酸去甲肾上腺素注射液,西药
重酒石酸长春瑞滨注射液,西药
重酒石酸间羟胺注射液,西药
野冬青果,中草药
野厚朴花,中草药
野木瓜注射液,中成药
野核桃仁,中草药
野桂花,中草药
野毛金莲,中草药
野芝麻根,中草药
野芝麻花,中草药
野菊花注射液,中成药
野菠菜,中草药
野香茅,中草药
野马蹄草,中草药
野马追糖浆,西药
野马追颗粒,中成药
野鹅脚板,中草药
金利辰,西药
金力舒,西药
金叶败毒颗粒,中成药
金合,中成药
金咳息胶囊,中成药
金咳息颗粒,西药
金喉健喷雾剂,西药
金喜素,西药
金喹安,西药
金嗓利咽丸,中成药
金嗓利咽胶囊,中成药
金嗓开音丸,中成药
金嗓开音胶囊,中成药
金嗓散结丸,中成药
金嗓散结胶囊,中成药
金嗓清音丸,中成药
金复康口服液,中成药
金尔伦,西药
金尔力,西药
金康普力,西药
金开克,西药
金感康胶囊,中成药
金感欣片,中成药
金感胶囊,中成药
金抗,西药
金振口服液,西药
金捷妥,西药
金格多那,西药
金水宝片,中成药
金水宝胶囊,中成药
金水鲜胶囊,西药
金汕欣,西药
金汕秦,西药
金沸草,中草药
金牡感冒片,中成药
金石清热颗粒,中成药
金磊赛强,西药
金磊赛源,西药
金磐石,西药
金礞石,中草药
金笃,西药
金络,西药
金花清感颗粒,中成药
金苏瑞,西药
金茂,西药
金荞麦,中草药
金荞麦片,中成药
金荞麦胶囊,中成药
金莲清热泡腾片,中成药
金莲清热胶嚢,西药
金莲清热颗粒,中成药
金莲花分散片,中成药
金莲花口服液,西药
金莲花咀嚼片,中成药
金莲花润喉片,中成药
金莲花片,中成药
金莲花胶囊,中成药
金莲花软胶囊,中成药
金莲花颗粒,中成药
金菊感冒片,中成药
金葡素注射液,西药
金蒲胶囊,中成药
金蚧片,中成药
金裕星,西药
金诺尔曼,西药
金诺芬片,西药
金贝痰咳清颗粒,中成药
金边兔耳草,中草药
金达伟,西药
金银花合剂,中成药
金阳博泰,西药
金青感冒颗粒,中成药
金青解毒丸,中成药
金顺,西药
金鸡片,中成药
金鸡胶囊,中成药
金鸣片,中成药
金黄色葡萄球菌肺炎,疾病
鑫达益,西药
钆双胺注射液,西药
钆喷酸葡胺注射液,西药
钆布醇注射液,西药
钆特酸葡胺注射液,西药
钆贝葡胺注射液,西药
钠钾葡萄糖注射液,西药
钠钾镁钙葡萄糖注射液,西药
钦克,西药
钩端螺旋体乳胶凝集试验,诊疗技术及设备（治疗）
钩端螺旋体病,疾病
钩端螺旋体肺炎,疾病
钩端螺旋体病凝集溶解试验,诊疗技术及设备（治疗）
钩端螺旋体补体结合试验,诊疗技术及设备（治疗）
钩虫病,疾病
钰均泰,西药
铁皮枫斗胶囊,中成药
铁皮枫斗颗粒,中成药
铁笛片,中成药
铁羧葡胺注射液,西药
铃兰欣,西药
铍中毒,疾病
铜绿假单胞菌感染,疾病
铜绿假单胞菌注射液,西药
铜绿色假单胞菌肺炎,疾病
铜钱麻黄,中草药
铝尘肺,疾病
铝钠颠茄片,西药
铝镁匹林片（II）,西药
铭生,西药
银力舒,西药
银密片,中成药
银普明,西药
银杏内酯注射液,中成药
银杏叶,中草药
银杏叶提取物注射液,西药
银杏叶片,西药
银杏达莫注射液,西药
银杏露,西药
银柴颗粒,中成药
银翘伤风胶囊,中成药
银翘片,中成药
银翘解毒液,中成药
银翘解毒软胶囊,西药
银胡感冒散,中成药
银芩胶囊,中成药
银菊清咽颗粒,中成药
银菊清解片,中成药
银贝止咳颗粒,中成药
银黄丸,中成药
银黄分散片,中成药
银黄口服液,中成药
银黄含化片,中成药
银黄注射液,中成药
银黄清肺胶囊,中成药
银黄滴丸,中成药
银黄片,中成药
银黄胶囊,中成药
银黄颗粒,西药
链球菌性咽炎,疾病
链球菌感染,疾病
链球菌肺炎,疾病
链霉蛋白酶颗粒,西药
锋克松,西药
锋珠烨,西药
锋锐,西药
锌布片,中成药
锐坦,西药
锐宁,西药
锐思力,西药
锐艾妥,西药
锐迈,西药
锐迪,西药
锑末沉着症,疾病
错构瘤,疾病
锝[99mTc]甲氧异腈注射液,西药
锝[99mTc]聚合白蛋白注射液,西药
锡尘肺,疾病
镇咳宁口服液,西药
镇咳宁含片,中成药
镇咳宁滴丸,中成药
镇咳宁糖浆,中成药
镇咳宁胶囊,中成药
镉中毒,疾病
镍中毒,疾病
镰刀菌病,疾病
长化,西药
长建宁,西药
长托宁,西药
长春瑞滨注射液,西药
长春胺缓释胶囊,西药
长源雪安,西药
长生德佳,西药
长生扶康,西药
长贵青,西药
长迪,西药
长链脂肪乳注射液（00）,西药
长链脂肪乳注射液（OO）,西药
长龙凯尔,西药
门冬氨酸氨氯地平片,西药
门冬氨酸洛美沙星氯化钠注射液,西药
门冬氨酸洛美沙星注射液,西药
门冬氨酸洛美沙星葡萄糖注射液,西药
门冬氨酸钾注射液,西药
门冬胰岛素注射液,西药
闭合性气胸,疾病
闭锁肺综合征,疾病
间质性肺疾病,疾病
阳雀花,中草药
阴地蕨,中草药
阴沟肠杆菌感染,疾病
阴离子隙检查,诊疗技术及设备（治疗）
阻塞性睡眠呼吸暂停低通气综合征,疾病
阻塞性睡眠呼吸暂停低通气综合症,疾病
阻塞性肺气肿,疾病
阿乐,西药
阿乐欣,西药
阿伐斯汀胶囊,西药
阿佐塞米片,西药
阿佳希,西药
阿克林,西药
阿利吉仑片,西药
阿加曲班注射液,西药
阿南圣,西药
阿可欣,西药
阿可达,西药
阿司匹林不耐受三联征,疾病
阿司匹林双嘧达莫缓释胶囊,西药
阿司匹林可待因片,西药
阿司匹林散,西药
阿司匹林泡腾片,西药
阿司匹林片,西药
阿司匹林维C肠溶片,西药
阿司匹林维C肠溶胶囊,西药
阿司匹林维生素C分散片,西药
阿司匹林维生素C咀嚼片,西药
阿司匹林维生素C泡腾片,西药
阿司匹林肠溶片,西药
阿司匹林肠溶缓释片,西药
阿司匹林肠溶胶囊,西药
阿司匹林诱发哮喘,疾病
阿司咪唑片,西药
阿咖片,西药
阿咖酚散,西药
阿咖酚胶囊,西药
阿多停,西药
阿奇霉素分散片,西药
阿奇霉素干混悬剂,西药
阿奇霉素氯化钠注射液,西药
阿奇霉素注射液,西药
阿奇霉素片,西药
阿奇霉素糖浆,西药
阿奇霉素细粒剂,西药
阿奇霉素肠溶片,西药
阿奇霉素肠溶胶囊,西药
阿奇霉素胶囊,西药
阿奇霉素葡萄糖注射液,西药
阿奇霉素软胶囊,西药
阿奇霉素颗粒,西药
阿奇霉素颗粒（II）,西药
阿威欣,西药
阿巴卡韦双夫定片,西药
阿思欣泰,西药
阿扑通,西药
阿拉明,西药
阿拓莫兰,西药
阿斯克丁,西药
阿斯美,西药
阿昔替尼片,西药
阿昔洛韦注射液,西药
阿昔洛韦片,西药
阿昔洛韦葡萄糖注射液,西药
阿昔莫司分散片,西药
阿昔莫司胶囊,西药
阿替卡因肾上腺素注射液,西药
阿替洛尔注射液,西药
阿林新,西药
阿桔片,西药
阿比多尔片,西药
阿法根,西药
阿洛刻,西药
阿片类药物中毒,疾病
阿瑞匹坦胶囊,西药
阿甘定,西药
阿立哌唑口腔崩解片,西药
阿立哌唑片,西药
阿米三嗪萝巴新片,西药
阿米卡星洗液,西药
阿米巴原虫抗原和抗体检查,诊疗技术及设备（治疗）
阿米巴病,疾病
阿米迪,西药
阿糖胞苷注射液,西药
阿维A胶囊,西药
阿维克,西药
阿胶泡腾颗粒,西药
阿胶片,西药
阿胶颗粒,西药
阿舒美,西药
阿苯片,西药
阿苯糖丸,西药
阿莫仙,西药
阿莫强,西药
阿莫灵,西药
阿莫西林/克拉维酸钾片,西药
阿莫西林克拉维酸钾分散片,西药
阿莫西林克拉维酸钾分散片（4：1）,西药
阿莫西林克拉维酸钾分散片（7：1）,西药
阿莫西林克拉维酸钾咀嚼片,西药
阿莫西林克拉维酸钾咀嚼片（8：1）,西药
阿莫西林克拉维酸钾干混悬剂,西药
阿莫西林克拉维酸钾干混悬剂（7：1）,西药
阿莫西林克拉维酸钾片（7：1）,西药
阿莫西林克拉维酸钾胶囊,西药
阿莫西林克拉维酸钾胶囊（4：1）,西药
阿莫西林克拉维酸钾颗粒,西药
阿莫西林克拉维酸钾（14：1）片干混悬剂,西药
阿莫西林克拉维酸钾（4：1）干混悬剂,西药
阿莫西林克拉维酸钾（4：1）颗粒,西药
阿莫西林克拉维酸钾（7：1）片,西药
阿莫西林分散片,西药
阿莫西林双氯西林钠胶囊,西药
阿莫西林口腔崩解片,西药
阿莫西林咀嚼片,西药
阿莫西林片,西药
阿莫西林胶囊,西药
阿莫西林舒巴坦匹酯片,西药
阿莫西林舒巴坦匹酯胶囊,西药
阿莫西林颗粒,西药
阿西亚,西药
阿西莫司,西药
阿诺新,西药
阿赛松,西药
阿达木单抗注射液,西药
阿酚咖敏片,西药
阿魏酸钠氯化钠注射液,西药
阿魏酸钠注射液,西药
阿魏酸钠片,西药
降纤酶注射液,西药
陕西天宇,西药
除痰止嗽丸,中成药
隆化诺,西药
隆格新,西药
隆祥,西药
隐球菌病,疾病
隐球菌病胶乳凝集试验,诊疗技术及设备（治疗）
隔山香,中草药
雅兵,西药
雅利,西药
雅屏,西药
雅施达,西药
雅皓,西药
雅美罗,西药
集聚肠杆菌感染,疾病
雨田青,西药
雪参,中草药
雪哈虫草软胶囊,中成药
雪庆,西药
雪梨膏,中成药
雪梨蜜膏,中成药
雪灵芝,中草药
雪瑞欣,西药
雪畅,西药
雪茶,中草药
雪达升,西药
雷公藤多甙片,中成药
雷公藤多苷片,西药
雷公藤总萜片,中成药
雷公藤片,中成药
雷卡,西药
雷宁,西药
雷帕鸣,西药
雷替斯,西药
雷特迈星,西药
雷米普利片,中成药
雷诺考特,西药
雷贝拉唑钠片,西药
雷贝拉唑钠肠溶片,西药
震达,西药
露畅,西药
霸奇,西药
青原,西药
青可奕,西药
青帝威,西药
青果止嗽丸,中成药
青果片,中成药
青梅感冒颗粒,中成药
青羚散,中成药
青霉素V钾分散片,西药
青霉素V钾片,西药
青霉素V钾胶囊,西药
青霉素V钾颗粒剂,西药
青霉素过敏,疾病
青霉索皮试剂,西药
青霉胺片,西药
静可福,西药
静安,西药
静态显像,诊疗技术及设备（治疗）
静注人免疫球蛋白（pH4）,西药
静脉注射用人免疫球蛋白（PH4）,西药
静达,西药
非典—严重急性呼吸道症候群,疾病
非典后遗症,疾病
非小细胞肺癌,疾病
非尔氨酯片,西药
非布司他片,西药
非意外外伤或虐待性伤害,疾病
非洛地平缓释胶囊,西药
非特异性间质肺炎,疾病
非结核分枝杆菌病,疾病
非结核性分枝杆菌病,疾病
韦保欣,西药
韦司太,西药
韦司平,西药
韦斯,西药
韦格内肉芽肿,疾病
韦瑞德,西药
韦贝仙,西药
韩信草,中草药
韩都星,西药
韬特,西药
顺奇,西药
顺尔宁,西药
顺峰康乐,西药
顺峰康奇,西药
顺峰康霜,西药
顺气化痰片,中成药
顺气化痰颗粒,中成药
顺气消食化痰丸,中成药
顺睦利,西药
顺而忻,西药
顺苯磺阿曲库铵注射液,西药
顺铂氯化钠注射液,西药
顺铂注射液,西药
顿呛,疾病
颇得斯安,西药
颠茄口腔崩解片,中成药
颠茄片,西药
颠茄磺苄啶片,西药
颠茄酊,西药
风定宁,西药
风寒感冒颗粒,中成药
风湿安泰片,中成药
风热咳嗽丸,中成药
风热咳嗽胶囊,中成药
风热感冒颗粒,中成药
飞尼妥,西药
飞扬草,中草药
食物过敏,疾病
食物过敏性哮喘,疾病
食管外压和牵拉,疾病
食管破裂,疾病
食管自发性破裂,疾病
馀甘子喉片,中成药
首乌延寿颗粒,中成药
香丹注射液,西药
香叶醇软胶囊,西药
香芍颗粒,中成药
香菇多糖注射液,中成药
馥感啉口服液,中成药
马勃,中草药
马尔尼菲青霉病,疾病
马斯平,西药
马来酸伊索拉定片,西药
马来酸依那普利分散片,西药
马来酸依那普利叶酸片,西药
马来酸依那普利片,西药
马来酸依那普利胶囊,西药
马来酸噻吗洛尔滴眼液,西药
马来酸左旋氨氯地平分散片,西药
马来酸左旋氨氯地平片,西药
马来酸氟伏沙明片,西药
马来酸氨氯地平分散片,西药
马来酸氨氯地平片,西药
马来酸氨氯地平胶囊,西药
马来酸氯苯那敏注射液,西药
马来酸罗格列酮片,西药
马来酸茚达特罗吸入粉雾剂,西药
马来酸麦角新碱注射液,西药
马破伤风免疫球蛋白,西药
驱蛔灵中毒,疾病
骁悉,西药
骨瓜提取物注射液,西药
骨肽注射液,西药
骨风宁胶囊,中成药
高三尖杉酯碱氯化钠注射液,西药
高三尖杉酯碱注射液,西药
高三综合征,疾病
高乌甲素贴片,西药
高免疫球蛋白E综合征,疾病
高分化鳞癌,疾病
高动力性循环,疾病
高原反应,疾病
高原性心脏病,疾病
高原红细胞增多症,疾病
高原肺水肿,疾病
高原蚤缀,中草药
高抗素,西药
高特灵,西药
高粱七,中草药
高致病性人禽流感病毒肺炎,疾病
高致病性禽流感病毒感染,疾病
高舒达,西药
高黏稠综合征,疾病
鱼腥草注射液,西药
鱼腥草素钠片,西药
鱼金注射液,中成药
鲁平,西药
鲁贝,西药
鲁迈,西药
鲑降钙素注射液,西药
鳞状细胞癌,疾病
鸡矢藤,中草药
鸡胆口服溶液,西药
鸡苏丸,中成药
鸡鸣丸,中成药
鸢都感冒颗粒,中成药
鸦胆子油乳注射液,西药
鸦胆子油口服乳液,西药
鹅不食草,中草药
鹅脚板,中草药
鹦鹉热,疾病
鹤蟾片,中成药
鹭鸶咯丸,西药
鹰爪莲,中草药
鹿瓜多肽注射液,西药
鹿角芦荟,中草药
麦克丁,西药
麦克罗辛,西药
麦利平,西药
麦厄克斯,西药
麦味地黄丸,中成药
麦味地黄片,中成药
麦味地黄胶囊,中成药
麦安,西药
麦格斯综合征,疾病
麦特美,西药
麦白霉素片,西药
麦白霉素胶囊,西药
麦白霉素颗粒剂,西药
麦考酚钠肠溶片,西药
麦芽片,中成药
麦迪霉素片,西药
麦迪霉素胶囊,西药
麦通纳,西药
麦道必,西药
麦门冬汤,中成药
麦须佳,西药
麻姜颗粒,中成药
麻杏止咳片,中成药
麻杏止咳糖浆,西药
麻杏止咳颗粒,中成药
麻杏甘石软胶囊,中成药
麻杏石甘汤,中成药
麻疹,疾病
麻疹合并肺炎,疾病
麻疹病毒抗体检查,诊疗技术及设备（治疗）
麻疹病毒肺炎,疾病
麻疹腮腺炎风疹减毒活疫苗,西药
麻疹腮腺炎风疹联合减毒活疫苗,西药
麻芩止咳糖浆,西药
麻苏止咳颗粒,中成药
麻黄,中草药
麻黄二陈汤,中成药
麻黄止嗽丸,中成药
麻黄止嗽胶囊,中成药
麻黄汤,中成药
麻黄白虎汤,中成药
麻黄碱苯海拉明片,西药
黄杆菌肺炎,疾病
黄栀花口服液,西药
黄槿,中草药
黄氏响声含片,中成药
黄石感冒片,中成药
黄精,中草药
黄芩,中草药
黄芩片,中成药
黄芩胶囊,中成药
黄芪注射液,西药
黄芪生脉颗粒,中成药
黄花杜鹃油滴丸,中成药
黄英咳喘糖浆,中成药
黄荆子,中草药
黄荆根,中草药
黄荆沥,中草药
黄荆油胶丸,中成药
黄葵胶囊,中成药
黄金钱,中草药
黄零陵香,中草药
黄龙咳喘胶囊,中成药
黄龙止咳颗粒,中成药
黏液癌,疾病
黏液腺癌,疾病
黏液表皮样癌,疾病
默尔康,西药
鼠疫耶尔森菌肺炎,疾病
鼻后滴漏综合征,疾病
鼻咽灵片,中成药
鼻塞,疾病
鼻孢子虫病,疾病
鼻息肉病,疾病
鼻旁窦支气管综合征,疾病
鼻朗,西药
鼻渊胶囊,中成药
鼻炎宁胶囊,中成药
鼻炎宁颗粒,中成药
鼻疽假单胞菌肺炎,疾病
鼻硬结病,疾病
鼻窦炎,疾病
鼻粘膜及鼻腔分泌物,诊疗技术及设备（治疗）
鼻腔内镜检查,诊疗技术及设备（治疗）
鼻腔异物,疾病
鼻舒适片,中成药
鼻衄,疾病
齐佩能,西药
齐克,西药
齐多夫定口服溶液,西药
齐多夫定注射液,西药
齐多夫定片,西药
齐多夫定胶囊,西药
齐多拉米双夫定片,西药
齐宏,西药
齐征,西药
齐沙,西药
齐留通片,中成药
齐索,西药
齐若达,西药
齐诺,西药
齐迈星,西药
齐隆迈,西药
龙威欣,西药
龙格康,中成药
龙灯胶囊,中成药
龙胆泻肝丸,中成药
龙胆泻肝丸（大蜜丸）,中成药
龙胆泻肝丸（水丸）,中成药
龙脷叶,中草药
龙迪泰,西药
龙鑫甘,西药
婴儿猝死综合征,疾病
慢性心房颤动,疾病
早产,疾病
出血,疾病
沙眼衣原体感染,疾病
立克次体病,疾病
头孢磺啶,西药
克仑特罗,西药
哌拉西林,西药
替莫西林,西药
波替单抗,西药
呋布西林,西药
甘氨茶碱钠,西药
氢化可的松,西药
头孢布烯,西药
氟托溴胺,西药
气管炎咳嗽痰喘丸,中成药
美他环素,西药
新斯的明,西药
奥洛他定,西药
马布特罗,西药
放线菌素D,西药
头孢克肟,西药
多西环素,西药
倍氯米松,西药
硫唑嘌呤,西药
头孢吡肟,西药
依前列醇,西药
司氟沙星,西药
咪唑酯,西药
左氧氟沙星,西药
美罗培南,西药
阿米三嗪,西药
巴洛沙星,西药
甲泛葡胺,西药
培哚普利,西药
冻干卡介苗,西药
酮替芬,西药
红霉素,西药
链霉素,西药
莫匹罗星,西药
舒他西林,西药
甲泼尼龙,西药
螺旋霉素,西药
表柔比星,西药
凡西达,西药
葡萄球菌类毒素,西药
可待因,西药
头孢托仑酯,西药
莫西沙星,西药
二氢埃托啡,西药
两性霉素B,西药
洛索洛芬,西药
多沙普仑,西药
环丙沙星,西药
头孢呋辛,西药
紫杉醇,西药
氨曲南,西药
奈达铂,西药
硝普钠,西药
格隆溴铵,西药
匹考哌林,西药
抗人T细胞CD3鼠单抗,西药
多粘菌素,西药
肾上腺素,西药
氨溴索/克仑特罗,西药
依法普昔,西药
礞石滚痰丸,中成药
吗啡,西药
苯唑西林,西药
疗肺丸,中成药
顺铂,西药
西索米星,西药
头孢氨苄,西药
头孢他啶,西药
头孢匹林,西药
齐留通,西药
氧氟沙星,西药
多奈哌齐,西药
布地奈德/福莫特罗,西药
麦迪霉素,西药
咪达唑仑,西药
头孢拉定,西药
瑞帕库溴铵,西药
木瓜酶,西药
高乌甲素,西药
巴氨西林,西药
阿帕西林,西药
利多卡因,西药
氯唑西林,西药
庆大霉素,西药
莫米松,西药
替卡西林/克拉维酸钾,西药
泼尼松,西药
布他米酯,西药
法罗培南,西药
帕尼培南/倍他米隆,西药
卡托普利,西药
白葡萄菌片,西药
冰硼散,中成药
托氟沙星,西药
奥昔康唑,西药
莫拉司亭,西药
抗淋巴细胞球蛋白,西药
特布他林,西药
美洛西林钠/舒巴坦钠,西药
头孢替唑,西药
羧甲基半胱氨酸泡腾散,西药
左卡巴斯汀,西药
头孢乙腈,西药
青霉素,西药
替卡西林,西药
多西紫杉醇,西药
黏菌素,西药
阿司匹林,西药
倍他米松,西药
利巴韦林,西药
头孢唑兰,西药
头孢克定,西药
替硝唑,西药
洛美沙星,西药
地塞米松,西药
罗红霉素,西药
哌拉西林/舒巴坦,西药
氨茶碱,西药
吉米沙星,西药
感冒清片,中成药
氯马斯汀,西药
羟考酮,西药
泼尼松龙琥珀酸钠,西药
异丁司特,西药
卡茚西林,西药
[重组]人粒细胞集落刺激因子,西药
林可霉素,西药
二氧化碳,西药
多非利特,西药
泼尼松龙,西药
头孢噻吩,西药
齐多夫定/拉米夫定,西药
檞皮黄素,西药
头孢噻咪,西药
利福米特,西药
利奈唑胺,西药
复方川贝精片,中成药
达昔单抗,西药
氨苄西林/氯唑西林,西药
亚胺培南,西药
色甘酸钠,西药
头孢特仑,西药
福莫特罗,西药
利妥昔单抗,西药
头孢孟多,西药
厄法珠单抗,西药
雷米普利,西药
吲哚美辛,西药
头孢替安,西药
扎那米韦,西药
干扰素,西药
倍他米松/二丙酸倍他米松,西药
阿莫西林,西药
氧化亚氮,西药
培氟沙星,西药
复方磺胺甲噁唑,西药
吡嗪酰胺,西药
磷酸克林霉素,西药
乙酰半胱氨酸,西药
短棒菌苗,西药
曲伐沙星,西药
复方氨茶碱,西药
酮康唑,西药
长链脂肪乳,西药
碳[14C]尿素呼气试验盒,西药
吡布特罗,西药
琥乙红霉素,西药
拉氧头孢,西药
沙丁胺醇,西药
西地那非,西药
哌库溴铵,西药
复方甘草酸单胺注射液,西药
利福喷汀,西药
去甲万古霉素,西药
呋塞米,西药
乳酸钠林格,西药
利福平,西药
泰利霉素,西药
泮库溴铵,西药
氯法拉滨,西药
平阳霉素,西药
依诺沙星,西药
塞曲司特,西药
依巴斯汀,西药
噻托溴铵,西药
精制银翘解毒片,中成药
氨溴索,西药
匹美西林,西药
扎鲁司特,西药
卡前列素,西药
比托特罗,西药
可的松,西药
维A酸,西药
哌醋茶碱,西药
头孢西丁,西药
克拉霉素,西药
酮洛酸,西药
氨氯西林,西药
沙美特罗替卡松,西药
苯丙哌林,西药
普仑司特,西药
奈多罗米,西药
哌替啶,西药
福辛普利,西药
贝伐单抗,西药
克念菌素,西药
赖氨酸茶碱,西药
去氧核糖核酸酶,西药
吡嘧司特钾,西药
尼可刹米,西药
异波帕胺,西药
柴黄片,中成药
依诺肝素钠,西药
阿替普酶,西药
奥西那林,西药
右美沙芬,西药
呋苄西林,西药
沙美特罗,西药
利福布汀,西药
异帕米星,西药
曲安奈德,西药
曲前列尼,西药
麻杏止咳糖浆,中成药
蛇胆陈皮口服液,中成药
华蟾素,中成药
色满卡林,西药
甲芬那酸,西药
芬太尼,西药
利尼唑利特,西药
溴己新,西药
头孢噻肟,西药
百合固金丸,中成药
亚硝酸钠,西药
地红霉素,西药
利福定,西药
头孢匹罗,西药
氯丙那林,西药
云芝多糖K,西药
诺氟沙星,西药
杏苏止咳糖浆,中成药
依托泊苷,西药
头孢泊肟酯,西药
愈创木酚磺酸钾/可待因,西药
泼尼卡酯,西药
头孢噻啶,西药
曲安西龙,西药
万应颗粒,中成药
奥硝唑,西药
异烟肼,西药
氟米龙,西药
维生素A/维生素D,西药
多索茶碱,西药
强力枇杷露,中成药
奥他米韦,西药
复方伪麻黄碱,西药
猪肺磷脂,西药
利米特罗,西药
磺苄西林,西药
异氟泼尼松,西药
布洛芬/特非那定/伪麻黄碱,西药
海索那林,西药
蛋白结合紫杉醇,西药
风热感冒冲剂,中成药
那可丁,西药
洛吡那韦,西药
哌拉西林/他唑巴坦,西药
哮喘姜胆片,中成药
氨力农,西药
糜蛋白酶,西药
头孢托仑,西药
加替沙星,西药
金喉健喷雾剂,中成药
磺胺甲噁唑,西药
卡非西林,西药
胍甲环素,西药
头孢地秦,西药
奈替米星,西药
头孢米诺,西药
头孢沙定,西药
普萘洛尔,西药
克矽平,西药
多西他赛,西药
氯化铵,西药
非诺特罗,西药
阿氯米松,西药
柳氮磺吡啶,西药
颠茄,西药
硝苯地平,西药
头孢曲松,西药
氟罗沙星,西药
复方抗结核片,中成药
苯呋洛尔,西药
烟酸肌醇,西药
头孢唑肟,西药
氯丁替诺,西药
巴利昔单抗,西药
鞣酸加压素,西药
伊索拉定,西药
通宣理肺丸,中成药
乙酰唑胺,西药
虫草头孢,中成药
通宣理肺口服液,中成药
阿普唑仑,西药
硫酸镁,西药
利福霉素,西药
复方曲安缩松,西药
异丙肾上腺素,西药
仑氨西林,西药
氟氧头孢,西药
维库溴铵,西药
头孢克洛,西药
托西莫单抗,西药
福多司坦,西药
亚胺培南/西司他丁钠,西药
甲氨蝶呤,西药
复方异丙托溴铵,西药
头孢噻利,西药
考尼伐坦,西药
诺迪康,中成药
甲氧西林,西药
环酯红霉素,西药
替坦异贝莫单抗,西药
异磷酰胺,西药
依酚氯铵,西药
异氟烷,西药
乙胺丁醇,西药
茶碱,西药
链激酶,西药
米诺环素,西药
厄罗替尼,西药
头孢美唑,西药
氯贝胆碱,西药
卡铂,西药
阿替洛尔,西药
卡泊芬净,西药
沙格雷酯,西药
洛贝林,西药
培洛霉素,西药
溴吡斯的明,西药
甲氧那明,西药
联磺甲氧苄啶,西药
亚甲蓝,西药
苄星青霉素,西药
卟吩姆钠,西药
丙卡特罗,西药
阿奇霉素,西药
阿法脱氧核糖核酸酶,西药
阿米卡星,西药
福尔可定,西药
卡前列甲酯,西药
头孢哌酮,西药
吉西他滨,西药
头孢卡品,西药
卷曲霉素,西药
曲尼司特,西药
咪康唑,西药
乙酰麦迪霉素,西药
羧甲司坦,西药
新凝灵,西药
清咽润喉丸,中成药
异烟肼/利福平/吡嗪酰胺,西药
安乃近,西药
普鲁卡因青霉素,西药
猪苓多糖,西药
厄多司坦,西药
美西林,西药
二羟丙茶碱,西药
可待因/桔梗流浸膏,西药
优福定片,西药
美多寇林,西药
碳酸氢钠,西药
喷他脒,西药
普罗吗酯,西药
复方乳酸钠葡萄糖,西药
布地奈德,西药
依替福辛,西药
地氯雷他定,西药
丙羟茶碱,西药
吡卡酯,西药
土霉素,西药
重组葡激酶,西药
美托洛尔,西药
地西泮,西药
羟丙哌嗪,西药
异烟肼/利福平,西药
左旋沙丁胺醇,西药
多黏菌素B,西药
抗人T-细胞免疫球蛋白,西药
阿伐斯汀,西药
头孢雷特,西药
西替利嗪,西药
黄氏响声丸,中成药
羟甲唑啉,西药
甲硝唑,西药
风寒感冒冲剂,中成药
头孢替坦,西药
喷布洛尔,西药
麻黄碱,西药
头孢他美,西药
氟替卡松,西药
伊洛前列素,西药
依托红霉素,西药
卡尔法坦,西药
对氨基水杨酸钠,西药
[重组]人粒细胞巨噬细胞集落刺激因子,西药
奥吉妥单抗,西药
阿克他利,西药
拓扑替康,西药
水杨酸,西药
培美曲塞,西药
滴通鼻炎水,中成药
卡波罗孟,西药
妥布霉素,西药
抗人白细胞介素-8单克隆抗体,西药
ω-3鱼油脂肪乳,西药
制霉素,西药
达肝素钠,西药
伊曲康唑,西药
肝素钠,西药
沙甲胺醇,西药
丙泊酚,西药
四环素,西药
结核菌素纯蛋白衍化物,西药
异克舒令,西药
头孢丙烯,西药
孟鲁司特,西药
细辛脑,中成药
呋罗培南钠,西药
博来霉素,西药
头孢哌酮/舒巴坦,西药
萘甲唑林,西药
溴凡克新,西药
蛇胆川贝液,中成药
咳喘宁合剂,中成药
母牛分枝杆菌菌苗,西药
头孢地尼,西药
阿罗洛尔,西药
氟比洛芬,西药
右美托咪定,西药
急支糖浆,中成药
苯佐那酯,西药
氨苯蝶啶,西药
筒箭毒碱,西药
萘普生,西药
阿莫西林/克拉维酸钾,西药
硫康唑,西药
复春片,中成药
地泊溴铵,西药
地尔硫,西药
中-长链脂肪乳,西药
暑热感冒冲剂,中成药
氟甲松龙,西药
重组链激酶,西药
倍他洛尔,西药
替考拉宁,西药
曲古霉素,西药
美索比妥,西药
胺碘酮,西药
粉肌松,西药
甘氨双唑钠,西药
川芎茶调口服液,中成药
普诺地嗪,西药
阿莫西林/氟氯西林,西药
西多福韦,西药
厄洛替尼,西药
卡那霉素,西药
甲磺酸粘菌素,西药
光辉霉素,西药
地喹氯胺,西药
核糖霉素,西药
水杨酸咪唑,西药
氯替泼诺,西药
格拉司琼,西药
甲氧苄啶,西药
妥洛特罗,西药
鲜竹沥水,中成药
小青龙冲剂,中成药
两性霉素B脂质体,西药
米库氯铵,西药
扎普司特,西药
头孢曲秦,西药
夫洛非宁,西药
呋喃嘧酮,西药
乙酰吉他霉素,西药
复方甘草甜素,西药
帕替普酶,西药
碘曲西葡胺,西药
复方去氧肾上腺素,西药
去铁胺,西药
多库氯铵,西药
喷托维林,西药
磷脂,西药
氨苯砜,西药
氟尼缩松,西药
胸腺肽,西药
阿来佐单抗,西药
氯碳头孢,西药
足叶草脂,西药
利托那韦,西药
长春地辛,西药
氙[133Xe],西药
郝氏养肺丸,中成药
紫霉素,西药
交沙霉素,西药
罗沙前列醇,西药
复方草珊瑚含片,中成药
哈西奈德,西药
依匹西林,西药
丝裂霉素,西药
利福喷丁,西药
布洛芬,西药
嘌吗可坦,西药
特非那定,西药
维A酸凝胶,西药
布酚宁,西药
格帕沙星,西药
头孢匹胺,西药
盐酸克林霉素,西药
聚乙二醇干扰素-α2a,西药
阿义马林,西药
左旋咪唑,西药
曲托喹酚,西药
海他西林,西药
舒噻美,西药
羧苄西林,西药
胆茶碱,西药
头孢甲肟,西药
艾司唑仑,西药
普适泰,西药
奥布卡因,西药
甲地孕酮,西药
美洛昔康,西药
舒洛芬,西药
多价性肺炎双球菌疫苗,西药
麦白霉素,西药
鼻咽清毒颗粒,中成药
劳普力农,西药
阿莫西林/舒巴坦,西药
帕利珠单抗,西药
美坦西林,西药
咖啡因,西药
环仑特罗,西药
球红霉素,西药
帕珠沙星,西药
复方甘草,西药
强力安喘通,西药
参芪扶正液,中成药
吉非替尼,西药
杜什氯铵,西药
依普拉酮,西药
头孢司利,西药
利奈唑利,西药
重组人p53腺病毒,西药
毛果芸香碱,西药
碘卡酸,西药
阿托品,西药
氟达拉滨,西药
锝[99mTc]聚合白蛋白,西药
英利西单抗,西药
更昔洛韦,西药
复方甲基麻黄碱口服溶液,西药
福米韦生,西药
二氧丙嗪,西药
芦氟沙星,西药
头孢羟氨苄,西药
阿司待因,西药
厄他培南,西药
桂林西瓜霜,中成药
氟替卡松沙美特罗,西药
紫花杜鹃片,中成药
克林霉素,西药
蛇胆陈皮散,中成药
左布比卡因,西药
头孢尼西,西药
西曲溴铵,西药
酚妥拉明,西药
美贝维林,西药
对乙酰氨基酚/可待因,西药
洛匹那韦/利托那韦,西药
二母宁嗽丸,中成药
复方半边莲注射液,西药
萘莫司他,西药
磺胺,西药
重组人白介素-2,西药
吲哚拉明,西药
普鲁卡因,西药
气管炎菌苗,西药
纳美芬,西药
尼唑苯酮,西药
流行性感冒疫苗,西药
红色诺卡氏菌细胞壁骨架,西药
阿曲库铵,西药
复方氨茶碱暴马子胶囊,中成药
左旋多巴,西药
美沙酮,西药
荧光素钠,西药
盖福润,西药
罗库溴铵,西药
他舒辛,西药
替利霉素,西药
头孢唑林,西药
吗多明,西药
卡介菌多糖核酸,西药
消癌平,中成药
人血清蛋白液,西药
甘露醇,西药
波生坦,西药
华山参气雾剂,中成药
香菊胶囊,中成药
头孢羟氨苄/甲氧苄啶,西药
环己西林,西药
马蔺子甲素,西药
巴曲酶,西药
胸腺肽α1,西药
氟氯西林,西药
桃金娘醇,西药
奥马屈拉,西药
磺胺米隆,西药
愈创甘油醚,西药
依匹斯汀,西药
氟[18F]脱氧葡糖,西药
酞氨西林,西药
氨苄西林,西药
瑞芬太尼,西药
那氟沙星,西药
氯哌斯汀,西药
丁卡因,西药
酮洛芬,西药
巴米茶碱,西药
杜鹃素,西药
阿尼普酶,西药
复方茶碱,西药
银杏黄酮苷,西药
左卡尼汀,西药
伏立康唑,西药
感冒清热冲剂,中成药
地塞米松棕榈酸酯,西药
复方福尔可定,西药
暑湿感冒冲剂,中成药
白喉抗毒素,西药
二甲弗林,西药
醋酸曲安奈德/硫酸新霉素/麝香草酚,西药
丙硫异烟胺,西药
伊维菌素,西药
氧托溴胺,西药
头孢唑南,西药
伊立替康,西药
西佐喃,西药
戈那瑞林,西药
右倍他米松磷酸钠,西药
齐培丙醇,西药
毛花苷丙,西药
阿扑西林,西药
环磷酰胺,西药
普卢利沙星,西药
吡嘧司特,西药
复方磷酸可待因,西药
铜绿假单胞菌制剂,西药
苯海拉明,西药
阿洛西林,西药
威麦宁胶囊,中成药
夫西地酸钠,西药
桃金娘科树叶标准提取物,西药
布美他尼,西药
丙碘酮,西药
瑞吡司特,西药
西妥昔单抗,西药
阿桔片,中成药
血管紧张素胺,西药
桔梗,中成药
磺胺噻嗪,西药
鱼腥草素钠,西药
阿米洛利,西药
亚硝酸异戊酯,西药
洛铂,西药
氟烷,西药
地拉韦定,西药
氯雷他定,西药
比阿培南,西药
金葡素制剂,西药
赛克立明,西药
头孢拉宗,西药
罗钠卡比,西药
替米哌隆,西药
氟轻松,西药
丙种免疫球蛋白,西药
帕司烟肼,西药
庆大霉素/甲氧苄氨嘧啶,西药
青霉素V,西药
胍立莫司,西药
右旋糖酐10,西药
复方板蓝根冲剂,中成药
美芬丁胺,西药
鸦胆子油乳注射液,中成药
恩夫韦地,西药
硼特佐米,西药
野靛碱,西药
绿雪丹,中成药
氟马西尼,西药
贝前列素,西药
纳布啡,西药
复方樟脑酊,西药
复方氨基酸(17AA-H),西药
普罗托醇,西药
美洛西林,西药
止嗽化痰颗粒,中成药
劳拉西泮,西药
赛庚啶,西药
福米诺苯,西药
去氢依米丁,西药
克喘胶囊,中成药
环轮宁,西药
氨氟沙星,西药
三甲曲沙,西药
孟替普酶,西药
咪唑斯汀,西药
罗他霉素,西药
阿扑吗啡,西药
咳宁片,中成药
金菌灵胶囊,西药
阿度西林,西药
乙酰螺旋霉素,西药
头孢氨苄/甲氧苄氨嘧啶,西药
乙噻嗪,西药
重组人干扰素β,西药
博安霉素,西药
低分子肝素,西药
阿尔维林,西药
阿加曲班,西药
牛痘疫苗接种家兔炎症皮肤提取物,西药
复方三生注射剂,中成药
膦甲酸钠,西药
头孢呋辛酯,西药
法扎溴铵,西药
矮茶素,西药
平消片,中成药
美替洛尔,西药
溶链菌,西药
卡巴克络,西药
来氟米特,西药
氟康唑,西药
奥马佐单抗,西药
唑比坦,西药
亭扎肝素钠,西药
丙美卡因,西药
Tigecycline,西药
氟哌利多/芬太尼,西药
丙环定,西药
桂枝颗粒,中成药
长春碱,西药
米卡芬净,西药
利托菌素,西药
头孢喹肟,西药
格鲁米特,西药
拉贝洛尔,西药
鱼精蛋白,西药
粉防己碱,西药
祛痰灵口服液,中成药
乙碘油,西药
毒扁豆碱,西药
扎莫特罗,西药
甲醛溶液,西药
罂粟碱,西药
L-门冬氨酸氨氯地平,西药
呋喃妥因,西药
香菇多糖,西药
磷酸竹桃霉素,西药
己酮可可碱,西药
索尼芬新,西药
血管内皮抑素,西药
他扎司特,西药
卡培立肽,西药
六甲蜜胺,西药
氢吗啡酮,西药
奥克太尔,西药
双氢麦角胺,西药
咪达普利,西药
依发韦恩茨,西药
菊乐舒胸片,中成药
群司珠单抗,西药
磺胺嘧啶,西药
金诺芬,西药
纤维蛋白封闭剂,西药
溴甲阿托品,西药
曲昔匹特,西药
奈必洛尔,西药
阿司咪唑,西药
加尼瑞克,西药
复方氨基酸(18F),西药
金霉素,西药
巯嘌呤,西药
匹氨西林,西药
吡咯他尼,西药
假单胞菌菌苗,西药
阿苯达唑,西药
阿司匹林/维生素C,西药
对乙酰氨基酚,西药
雷莫司琼,西药
银黄颗粒,中成药
奥昔拉定,西药
帕马喹,西药
对乙酰氨基酚/伪麻黄碱/氯苯那敏,西药
氯雷他定/伪麻黄碱,西药
贝凡洛尔,西药
抗胸腺细胞球蛋白,西药
贝那普利,西药
赛洛唑啉,西药
莫罗单抗-CD3,西药
人血丙种球蛋白,西药
潘必啶,西药
藿胆丸,中成药
毒毛花苷K,西药
复方红豆杉胶囊,中成药
曲安奈德/益康唑,西药
卡维地洛,西药
磺胺对甲氧嘧啶,西药
哌拉西林舒巴坦,西药
粉尘螨,西药
山莨菪碱,西药
黄根片,中成药
聚明胶肽,西药
阿片全碱,西药
伊马替尼,西药
依托芬那酯,西药
班布特罗,西药
硫柳汞钠,西药
千金茶,中成药
阿米三嗪/萝巴新,西药
六神丸,中成药
罗匹那韦/利托那韦,西药
托烷司琼,西药
碘[125I]植入密封籽源,西药
氯芬那酸,西药
萘夫西林,西药
埃罗替尼,西药
洛度沙胺,西药
氮[13N]氨水,西药
美司坦,西药
强力银翘片,中成药
环氯茚酸,西药
旧结核菌素,西药
小诺米星,西药
依降钙素,西药
组胺,西药
多拉司琼,西药
匹哌氮酯,西药
奥司他韦,西药
洛拉曲塞,西药
厄贝沙坦/氢氯噻嗪,西药
重组人干扰素α2b,西药
腺苷,西药
溴己氨胆碱,西药
氯二甲箭毒,西药
氮芥,西药
弹性酶,西药
普瑞特罗,西药
氯化钠,西药
百日咳菌苗,西药
复方乳酸钠山梨醇,西药
尿激酶,西药
双氯西林,西药
复方麻黄碱色甘酸钠,西药
苯巴比妥,西药
盐酸苯乙哌啶/硫酸阿托品,西药
七叶皂苷,西药
双氢可待因,西药
舍雷肽酶,西药
吡美诺,西药
达替米星,西药
依托度酸,西药
巴美生,西药
考来替兰,西药
养阴清肺丸,中成药
伊米苷酶,西药
碘化油,西药
布库洛尔,西药
碘普罗胺,西药
中分子羟乙基淀粉130/0.4,西药
辛岑颗粒,中成药
环乙米特,西药
特他洛尔,西药
单硝酸异山梨酯,西药
鱼腥草注射液,中成药
环己二胺硫酸铂,西药
磷氟康唑,西药
清开灵注射液,中成药
醋甲胆碱,西药
地美环素,西药
依他佐辛,西药
依奈普特,西药
肿节风,中成药
氯解磷定,西药
替加氟,西药
夫西地酸,西药
伪麻黄碱,西药
西他沙星,西药
生脉注射剂,中成药
戊酸雌二醇,西药
双氯芬酸,西药
桑菊感冒片,中成药
植物血凝素,西药
丁溴东莨菪碱,西药
美普他酚,西药
榄香烯,西药
赖诺普利,西药
硫酸长春碱,西药
法舒地尔,西药
依替米星,西药
纤维蛋白胶,西药
环吡酮,西药
依丽萨,西药
阿米替林,西药
甘草酸二铵,西药
头孢噻肟钠/舒巴坦钠,西药
西拉普利,西药
液状石蜡,西药
贝那替秦,西药
美吡拉敏,西药
昂丹司琼,西药
曲吡那敏,西药
戈拉碘铵,西药
依托咪酯,西药
甘草酸单铵/半胱氨酸/甘氨酸,西药
地贝卡星,西药
灵杆菌素,西药
鱼腥草素片,中成药
基因重组人脑利钠肽,西药
葡庚糖酸锝[99mTc],西药
曲普利啶,西药
尼莫司汀,西药
苯妥英钠,西药
阿佐塞米,西药
甘精胰岛素,西药
吉他霉素,西药
溴新斯的明,西药
替米沙坦,西药
磺胺嘧啶银,西药
去甲肾上腺素,西药
柔红霉素,西药
烯丙吗啡,西药
美司钠,西药
双丹胶囊,中成药
左卡巴斯丁,西药
拉布立酶,西药
垂体后叶素,西药
复方阿替卡因,西药
碘[131I]化钠,西药
白花蛇舌草注射剂,中成药
氨硫脲,西药
养阴清肺膏,中成药
珠黄散,中成药
地夫可特,西药
塞来昔布,西药
氨酚待因[Ⅰ号，Ⅱ号],西药
茶碱葡胺,西药
阿司米星,西药
氨丁洛度沙胺,西药
鼻通滴鼻剂,中成药
固肾定喘丸,中成药
桂龙咳喘宁胶囊,西药
雷马曲班,西药
泼尼莫司汀,西药
他索尔明,西药
门冬酰胺酶,西药
司可巴比妥,西药
维生素K1,西药
单链尿激酶型纤溶酶原激活剂,西药
长春瑞滨,西药
炎消迪娜尔糖浆,中成药
美息伪麻,西药
布拉地新,西药
贝泊斯汀,西药
氯苯达诺,西药
己二酸哌嗪,西药
米那普仑,西药
奥索拉明,西药
地布酸钠,西药
保泰松/地塞米松,西药
紫龙金片,中成药
玉屏风散,中成药
锝[99mTc]甲氧异腈,西药
替洛隆,西药
新雪丹,中成药
麻醉乙醚,西药
羚羊清肺丸,中成药
非普拉宗,西药
萘丁美酮,西药
洋金花总碱,中成药
非奈西林,西药
安贝氯铵,西药
利维霉素,西药
替莫泊芬,西药
硝西泮,西药
吡喹酮,西药
美索必妥,西药
吉美前列素,西药
多价气性坏疽抗毒素,西药
ω-3酸乙酯,西药
芬替康唑,西药
右旋糖酐40,西药
三唑巴坦,西药
己氨胆碱,西药
基因工程干扰素-γ,西药
罗利普令,西药
吗替麦考酚酯,西药
复方桑菊感冒冲剂,中成药
依达曲沙,西药
胶体磷[32P]酸铬,西药
磺达肝素钠,西药
甲麻黄碱,西药
因福利玛,西药
依他尼酸,西药
清气化痰丸,中成药
来曲唑,西药
索米痛,西药
阿扎他定,西药
金青感冒冲剂,中成药
利托君,西药
环孢素,西药
替罗非班,西药
比索洛尔,西药
卤米松,西药
儿感退热宁口服液,中成药
乙羟茶碱,西药
虫草菌发酵制剂,中成药
碘比醇,西药
冻干人血浆,西药
喹奴普丁/达福普丁,西药
复方感冒灵颗粒,中成药
可乐定,西药
东莨菪碱,西药
帕瑞考昔,西药
苯磺顺阿曲库铵,西药
硫酸吗啡,西药
冠心宁注射液,中成药
去氨加压素,西药
噻苯达唑,西药
右吗拉胺,西药
酚麻美敏,西药
芬氟拉明,西药
多黏菌素B滴眼液,西药
替培啶,西药
阿莫沙平,西药
复方氯化钠,西药
氨柔比星,西药
银翘解毒丸,中成药
氟[18F]氟化钠,西药
甲羟松,西药
谷氨酸钾,西药
替尼泊苷,西药
乙胺嗪,西药
泼拉坦阿法,西药
羟蒂巴酚,西药
参苓白术散,中成药
氯丙嗪,西药
麦角晴,西药
美芬新,西药
拉诺康唑,西药
卡莫司汀,西药
乳酸钠,西药
比卡鲁胺,西药
肉毒素A,西药
美舒仿,西药
脉络宁注射液,中成药
阿巴卡韦,西药
福莫司汀,西药
西黄清醒丸,中成药
洛莫司汀,西药
噻吗洛尔,西药
拉隆酶,西药
氨来占诺,西药
罗西维林,西药
长春新碱,西药
金刚烷胺,西药
磺巯嘌呤钠,西药
西曲瑞克,西药
氯美噻唑,西药
多培沙明,西药
硫喷妥钠,西药
卡芦莫南,西药
那托司亭,西药
橘红丸,中成药
匹米诺定,西药
喷替酸锌钠,西药
曲司氯铵,西药
伊法韦恩,西药
酒石酸氢可酮片,西药
依巴康唑硝酸酯,西药
氯吡格雷,西药
清热解毒口服液,中成药
地尼流津地非妥司,西药
卡拉美芬,西药
索布佐生,西药
加压素,西药
水合氯醛,西药
瓜霜退热灵胶囊,中成药
地佐辛,西药
硫酸庆大霉素干糖浆,西药
五味麝香丸,中成药
他克莫司,西药
西司他丁,西药
邻碘[123/131I]马尿酸钠,西药
磺胺甲氧嗪,西药
唑吡坦,西药
氯苯那敏,西药
噻康唑,西药
舍他康唑,西药
新清宁片,中成药
恩卡尼,西药
依索唑胺,西药
西维美林,西药
硫氯酚,西药
万古霉素,西药
板蓝根冲剂,中成药
西瓜霜润喉片,中成药
磺胺异噁唑,西药
替地肝素,西药
西卡宁,西药
托哌酮,西药
鼻炎片,中成药
丙匹西林,西药
铟[113mIn]泮替酸盐注射液,西药
卡巴胆碱,西药
氨丁卡前列素,西药
异丙嗪,西药
去氧肾上腺素,西药
白消安,西药
米力农,西药
氟硝西泮,西药
布托啡诺,西药
环丝氨酸,西药
碘化钾,西药
舒芬太尼,西药
醋胺硝唑,西药
尼莫唑,西药
曲帕胺,西药
黄体酮,西药
美法仑,西药
阿普洛尔,西药
大阴补丸,中成药
麦角新碱,西药
氯沙坦钾/氢氯噻嗪,西药
喷司他丁,西药
健民咽喉片,中成药
依西美坦,西药
柴胡注射剂,中成药
卡立普多,西药
环丙烷,西药
肝素,西药
喹那普利,西药
卡波醌,西药
氟西泮,西药
齐多夫定,西药
阿扎芬,西药
胸腺喷丁,西药
利奈唑烷,西药
滇白珠糖浆,中成药
一清颗粒,中成药
安普那韦,西药
屈平,西药
沙丙蝶呤,西药
镁乳,西药
螺普利,西药
复方氨基酸(3AA),西药
瑞替普酶,西药
氯胺酮,西药
二甲氧香豆素,西药
去氯羟嗪,西药
醋氯芬酸,西药
来昔帕泛,西药
吡维氯胺,西药
止咳酮,西药
多巴酚丁胺,西药
阿西美辛,西药
替喹溴胺,西药
阿巴卡韦双夫定,西药
癸酸氟哌啶醇,西药
索立夫定,西药
鼻炎滴剂,中成药
组胺球蛋白,西药
阿那格雷,西药
泛影酸钠/泛影葡胺,西药
鼻渊通窍颗粒,中成药
五福化毒丸,中成药
甲氧氟烷,西药
替马西泮,西药
培维索孟,西药
六氯对二甲苯,西药
丁酸氢化可的松,西药
穿心莲片,中成药
西拉非班,西药
特康唑,西药
醋竹桃霉素,西药
乌司他丁,西药
三尖杉酯碱,西药
11氨基酸注射液-833,西药
安西他滨,西药
苯乙肼,西药
异米尼尔,西药
双黄连,西药
尼立达唑,西药
前列地尔,西药
通窍鼻炎颗粒,中成药
克拉维酸,西药
精氨加压素,西药
依曲替酯,西药
舒洛地昔,西药
重组人干扰素α2a,西药
清热八味散,中成药
琥珀酰明胶,西药
甲唑醇,西药
异戊巴比妥,西药
波吲洛尔,西药
他利克索,西药
吡哌酸,西药
抑肽酶,西药
利福昔明,西药
磺胺二甲嘧啶,西药
奥沙拉秦,西药
钆喷酸葡胺,西药
瑞巴派特,西药
双嘧达莫,西药
戊四氮,西药
青黛散,中成药
扑米酮,西药
聚肌胞,西药
呱西替柳,西药
果糖二磷酸钠,西药
枸磺新啶,西药
复方阿司匹林,西药
冻干人胎盘血丙种球蛋白,西药
普沙康唑,西药
益康唑,西药
人源化美卡舍明,西药
帕米膦酸,西药
去乙酰毛花苷,西药
煤焦油,西药
甘磷酰芥,西药
美卡拉明,西药
肉毒抗毒素,西药
麦角胺/咖啡因,西药
氧阿托品,西药
更昔洛韦滴眼液,西药
磷霉素,西药
促皮质素,西药
氯化琥珀胆碱,西药
复方氨基酸(18AA-N),西药
间羟胺,西药
磺胺甲噁唑/磺胺嘧啶/甲氧苄啶,西药
利多卡因/丙胺卡因,西药
乙胺嘧啶,西药
克洛曲片,西药
利凡斯的明,西药
鼻炎康片,中成药
云南白药,中成药
甲吲洛尔,西药
丙戎茶碱,西药
莫昔普利,西药
得力生注射液,中成药
奥沙米特,西药
卡替洛尔,西药
复方Ω-3-甘油三酯,西药
氯乙烷,西药
依立替康,西药
恩曲他滨,西药
穿心莲内酯,西药
苄达明,西药
脂肪乳[中链及长链复合剂],西药
纤溶酶,西药
环丙孕酮,西药
阿贝卡星,西药
醋甲唑胺,西药
奈韦拉平,西药
氯帕胺,西药
阿芬太尼,西药
磺胺多辛,西药
硫前列酮,西药
午时茶,中成药
复方碘溶液,西药
链道酶,西药
米托蒽醌,西药
垂体后叶粉鼻吸入剂,西药
碘肽钠,西药
余麦口咽合剂,中成药
异维A酸,西药
噻洛芬酸,西药
米贝拉地尔,西药
复方斑蝥胶囊,中成药
肺炎克雷伯杆菌膜蛋白,西药
替诺福韦酯,西药
二溴卫矛醇,西药
罗沙米星,西药
洛美沙星滴眼液,西药
L-丙氨酰-L-谷氨酰胺,西药
维多美静,西药
缬沙坦,西药
注射用油酸胆胺酯,西药
清瘟解毒丸,中成药
导赤丹,中成药
复方氨基酸(18AA-V),西药
三氯苯达唑,西药
磺胺索嘧啶,西药
奈西立肽,西药
复方氨基酸(17AA-I),西药
替可克肽,西药
二甲茚定,西药
对乙酰氨基酚/特非那定/伪麻黄碱,西药
奥扎格雷,西药
锝[99mTc]泮替酸盐,西药
银杏叶注射制剂,中成药
氯普唑仑,西药
玉屏风丸,中成药
德乐平,西药
考来维兰,西药
丁非洛尔,西药
巴氯芬,西药
维拉帕米,西药
替加氟/尿嘧啶,西药
维奥欣,中成药
安西诺隆,西药
那拉曲坦,西药
鼻窦炎口服液,中成药
磺胺嘧啶锌,西药
喷他佐辛,西药
曲安奈德/咪康唑/新霉素,西药
西洛他唑,西药
四氢帕马丁,西药
西地碘,西药
回春丹,中成药
齐多夫定/拉米夫定/阿巴卡韦,西药
索法酮,西药
对乙酰氨基酚/羟考酮,西药
开胸顺气丸,中成药
比拉米可,西药
卡洛芬,西药
冻干组织胺丙种球蛋白,西药
天麻壮骨丸,中成药
银杏叶提取物/双嘧达莫,西药
复方丹参气雾剂,中成药
右丙氧芬,西药
塞利洛尔,西药
那他霉素,西药
索米奇,西药
胡椒酮,西药
玉露保肺丸,中成药
酒石酸唑吡西坦,西药
千柏鼻炎片,中成药
阿维A,西药
复方扑炎痛,西药
四氯乙烯,西药
复方电解质,西药
厄贝沙坦,西药
清音丸,中成药
秋燥感冒冲剂,中成药
帕米膦酸二钠,西药
西吡氯铵,西药
西罗莫司,西药
氮卓斯汀,西药
右旋糖酐70,西药
丙磺舒,西药
参芪颗粒,中成药
妥拉唑啉,西药
双肼屈嗪,西药
双料喉风散,中成药
复方对乙酰氨基酚,西药
复方氨基酸(14AA),西药
复方醋酸曲安奈德,西药
固表防感冲剂,中成药
氟胞嘧啶,西药
己雷琐辛,西药
三磷酸腺苷,西药
艾迪注射剂,中成药
兰地洛尔,西药
卡马西平,西药
阿普林定,西药
复方过氧化氢,西药
坎地沙坦西来昔替酯,西药
苯酰甲硝唑,西药
胰蛋白酶,西药
雷诺嗪,西药
异环磷酰胺,西药
氟米龙庆大霉素,西药
磺胺间甲氧嘧啶,西药
贝美格,西药
远志,中成药
酚苄明,西药
伊米普利,西药
异康唑,西药
阿那白滞素,西药
甲氯芬那酸,西药
醒脑静,西药
哈拉西泮,西药
群多普利,西药
赖氨匹林,西药
地喹氯铵,西药
去纤酶,西药
胡氏六神丸,中成药
二硫卡钠,西药
普罗吩胺,西药
西维米林,西药
替莫普利,西药
苯丙氨酸氮芥,西药
奈康唑,西药
锝[99mTc]亚乙双半胱氨酸,西药
丹红注射液,中成药
吲哚洛尔,西药
倍他司汀,西药
甘露聚糖肽,西药
地衣芽孢杆菌,西药
锝[99mTc]双半胱乙酯,西药
血凝酶,西药
副醛,西药
酒石酸锑钾,西药
地美索酯,西药
通迪胶囊,中成药
洛沙平,西药
碘海醇,西药
哌喹,西药
二甲啡烷,西药
鸦胆子油口服乳液,中成药
阿托伐醌,西药
半乳糖微粒,西药
格拉非宁,西药
替拉扎特,西药
阿法罗定,西药
雷佐生,西药
佐芬普利,西药
萘啶酸,西药
司莫司汀,西药
地拉卓,西药
精制抗炭疽血清,西药
托泊替康,西药
结合雌激素/甲羟孕酮 + 结合雌激素,西药
坦度螺酮,西药
感冒喷雾剂,西药
阿霉素,西药
雷尼替丁,西药
氯沙坦钾,西药
栀子金花丸,中成药
缬更昔洛韦,西药
阿扎那韦,西药
纳洛酮,西药
对乙酰氨基酚/双氢可待因,西药
吗茚酮,西药
曲匹地尔,西药
犀黄丸,中成药
芬布芬,西药
长春曲醇,西药
羟甲烟胺,西药
美沙拉嗪,西药
阿魏酸钠,中成药
芳维A酸乙酯,西药
蔗糖铁,西药
氯普噻吨,西药
舒必利,西药
小儿热速清口服液,中成药
地丹诺辛,西药
血府逐瘀丸,中成药
二氮嗪,西药
清热解毒注射液,中成药
达那肝素钠,西药
布地品,西药
碳[11C]蛋氨酸,西药
三唑仑,西药
碘克沙醇,西药
复方地芬诺酯,西药
新霉素,西药
萨斯迪瓦,西药
苯甲酸钠咖啡因,西药
屈曲可金α,西药
黛蛤散,中成药
地夫美多,西药
斑蝥素,西药
肉毒素B,西药
布那唑嗪,西药
劳卡尼,西药
常咯啉,西药
金硫葡糖,西药
普莫卡因,西药
甲砜霉素,西药
速感宁胶囊,中成药
氯化钙,西药
对乙酰氨基酚/伪麻黄碱,西药
依那西普,西药
桑麻丸,中成药
托西溴苄铵,西药
达托霉素,西药
亚硒酸钠,西药
美沙唑仑,西药
甘草酸,西药
布洛芬锌,西药
纳米炭,西药
甲乙哌酮,西药
布康唑,西药
吡洛芬,西药
比生群,西药
齐美定,西药
布洛芬/伪麻黄碱,西药
γ-氨酪酸,西药
冬凌草片,中成药
氯霉素,西药
胶体金[198Au],西药
合多肽-1,西药
甲氧芳芥,西药
三氯叔丁醇,西药
乌拉地尔,西药
天津感冒片,中成药
苯甲酸雌二醇,西药
丙泮尼地,西药
锡类散,中成药
地拉普利,西药
依那普利,西药
氨丁三醇,西药
靛胭脂,西药
17种复合结晶氨基酸注射剂,西药
伐地那非,西药
卡麦角林,西药
正柴胡饮冲剂,中成药
乙硫异烟胺,西药
抗凝血酶Ⅲ,西药
山普拉,西药
糜木瓜酶,西药
精制破伤风抗毒素,西药
防治疟,西药
妥卡尼,西药
丹参合剂,中成药
美普地尔,西药
复方聚乙二醇电解质,西药
藻酸双酯钠,西药
左旋韦林,西药
异可利定,西药
碘克沙酸葡胺钠,西药
喜树碱,西药
苦碟子注射液,中成药
替克洛占,西药
哌嗪,西药
薄芝注射剂,中成药
羚羊感冒片,中成药
维他利匹特N,西药
方达帕林,西药
甲麦角新碱,西药
环磷腺苷葡甲胺,西药
小牛血去蛋白提取物,西药
乙氯维诺,西药
二十五味松石丸,中成药
依替唑仑,西药
氟哌啶醇,西药
天花粉蛋白,西药
肺病型肠内营养混悬液,西药
安非他酮,西药
复方氨基酸(18AA),西药
加贝酯,西药
稀氨溶液,西药
复方苦参注射液,中成药
肼屈嗪,西药
泛影葡胺,西药
阿维A酯,西药
维替泊芬,西药
丁丙诺啡,西药
培西洛星,西药
西布曲明,西药
扶正化淤胶囊,中成药
香叶醇,中成药
替美斯汀,西药
胃影葡胺,西药
丹郁骨康丸,中成药
低分子羟乙基淀粉,西药
益多酯,西药
奎尼丁,西药
金钱胆通口服液,中成药
欧车前亲水胶,西药
脉血康胶囊,中成药
磷酸二氢钠,西药
多巴胺,西药
环吡酮氨,西药
恩波吡维铵,西药
奥芬那君,西药
乌诺前列酮,西药
依氟鸟氨酸,西药
葡甘露聚糖,中成药
双氯非那胺,西药
虎红平板凝集试验,诊疗技术及设备（治疗）
痰液中分泌型IgE,诊疗技术及设备（治疗）
前S抗体,诊疗技术及设备（治疗）
副流感病毒抗体,诊疗技术及设备（治疗）
抗PM-1抗体,诊疗技术及设备（治疗）
T4淋巴细胞亚群,诊疗技术及设备（治疗）
尿游离皮质醇,诊疗技术及设备（治疗）
血清白细胞介素8,诊疗技术及设备（治疗）
血氧饱和度,诊疗技术及设备（治疗）
血清免疫球蛋白G亚类,诊疗技术及设备（治疗）
巨噬细胞移动抑制试验,诊疗技术及设备（治疗）
抗Scl-70抗体,诊疗技术及设备（治疗）
胸腹水纤维蛋白降解产物,诊疗技术及设备（治疗）
二氧化碳分压,诊疗技术及设备（治疗）
吞噬白色念珠菌功能试验,诊疗技术及设备（治疗）
半饱和氧分压,诊疗技术及设备（治疗）
抗U1RNP抗体,诊疗技术及设备（治疗）
痰液中细胞分类,诊疗技术及设备（治疗）
呼吸道合胞病毒抗体,诊疗技术及设备（治疗）
糖原染色,诊疗技术及设备（治疗）
痰液中晶体,诊疗技术及设备（治疗）
积液腺苷脱氢酶,诊疗技术及设备（治疗）
纤溶酶,诊疗技术及设备（治疗）
抗隐球菌抗体,诊疗技术及设备（治疗）
实际碳酸氢盐,诊疗技术及设备（治疗）
抗Jo-1抗体,诊疗技术及设备（治疗）
二氧化碳结合力,诊疗技术及设备（治疗）
嗜中性粒细胞核鼓槌小体,诊疗技术及设备（治疗）
组织多肽抗原,诊疗技术及设备（治疗）
血管紧张素转化酶,诊疗技术及设备（治疗）
血管紧张素Ⅱ,诊疗技术及设备（治疗）
积液癌胚抗原,诊疗技术及设备（治疗）
血清白细胞介素6,诊疗技术及设备（治疗）
隐球菌病补体结合试验,诊疗技术及设备（治疗）
苏丹黑B染色,诊疗技术及设备（治疗）
嗜异性凝集试验,诊疗技术及设备（治疗）
唾液氯化物,诊疗技术及设备（治疗）
痰液中寄生虫和虫卵,诊疗技术及设备（治疗）
α1-抗胰蛋白酶,诊疗技术及设备（治疗）
抗角蛋白抗体,诊疗技术及设备（治疗）
中性粒细胞趋化试验,诊疗技术及设备（治疗）
积液溶菌酶,诊疗技术及设备（治疗）
神经元特异性烯醇化酶,诊疗技术及设备（治疗）
痰液量,诊疗技术及设备（治疗）
血清腺苷脱氨酶,诊疗技术及设备（治疗）
结核菌素皮内试验,诊疗技术及设备（治疗）
二氧化碳总量,诊疗技术及设备（治疗）
内皮素,诊疗技术及设备（治疗）
血清-氧化氮,诊疗技术及设备（治疗）
芽生菌补体结合试验,诊疗技术及设备（治疗）
标准碳酸氢盐,诊疗技术及设备（治疗）
嗜中性分叶核粒细胞数,诊疗技术及设备（治疗）
肺炎支原体寒冷凝集试验,诊疗技术及设备（治疗）
白细胞数,诊疗技术及设备（治疗）
菊粉清除率,诊疗技术及设备（治疗）
一氧化碳,诊疗技术及设备（治疗）
血小板活化因子,诊疗技术及设备（治疗）
痰液中柯什曼螺旋体,诊疗技术及设备（治疗）
痰液颜色,诊疗技术及设备（治疗）
氧分压,诊疗技术及设备（治疗）
痰液性状,诊疗技术及设备（治疗）
痰液中弹力纤维,诊疗技术及设备（治疗）
土拉伦斯杆菌凝集试验,诊疗技术及设备（治疗）
积液纤维结合蛋白,诊疗技术及设备（治疗）
血清α1-抗胰蛋白酶蛋白,诊疗技术及设备（治疗）
积液乳酸脱氢酶,诊疗技术及设备（治疗）
抗浸出性核抗原(ENA)抗体,诊疗技术及设备（治疗）
血清免疫蛋白电泳,诊疗技术及设备（治疗）
鳞状上皮细胞癌抗原,诊疗技术及设备（治疗）
肺炎支原体补体结合试验,诊疗技术及设备（治疗）
痰液气味,诊疗技术及设备（治疗）
流感病毒抗体,诊疗技术及设备（治疗）
血液碳氧血红蛋白,诊疗技术及设备（治疗）
抗Ku抗体,诊疗技术及设备（治疗）
阴离子间隙,诊疗技术及设备（治疗）
血清乳酸脱氢酶,诊疗技术及设备（治疗）
可溶性白细胞介素—2受体,诊疗技术及设备（治疗）
纤维蛋白降解产物,诊疗技术及设备（治疗）
糖链抗原50,诊疗技术及设备（治疗）
对氨马尿酸清除率,诊疗技术及设备（治疗）
血氧含量,诊疗技术及设备（治疗）
痰液中分泌型IgA,诊疗技术及设备（治疗）
抗柯萨奇B病毒IgG抗体,诊疗技术及设备（治疗）
积液β2-微球蛋白,诊疗技术及设备（治疗）
羊水卵磷脂/鞘磷脂比值,诊疗技术及设备（治疗）
抗平滑肌抗体,诊疗技术及设备（治疗）
抗SS-A(Ro)抗体,诊疗技术及设备（治疗）
D-二聚体,诊疗技术及设备（治疗）
血清免疫球蛋白G,诊疗技术及设备（治疗）
并殖吸虫后尾蚴膜反应,诊疗技术及设备（治疗）
抗Sa抗体,诊疗技术及设备（治疗）
血清醛缩酶同工酶,诊疗技术及设备（治疗）
免疫抑制酸性蛋白,诊疗技术及设备（治疗）
血清Ⅲ型胶原蛋白,诊疗技术及设备（治疗）
人巨细胞病毒抗体,诊疗技术及设备（治疗）
细胞角质蛋白19片段,诊疗技术及设备（治疗）
抗链球菌壁多糖抗体,诊疗技术及设备（治疗）
淋巴细胞数,诊疗技术及设备（治疗）
军团菌血清学试验,诊疗技术及设备（治疗）
血清免疫球蛋白E,诊疗技术及设备（治疗）
血清蛋白电泳,诊疗技术及设备（治疗）
抗凝血活性试验,诊疗技术及设备（治疗）
剩余碱,诊疗技术及设备（治疗）
抗SS-B(La)抗体,诊疗技术及设备（治疗）
叠氮高铁血红蛋白,诊疗技术及设备（治疗）
T4/T8比值,诊疗技术及设备（治疗）
高铁血红蛋白还原试验,诊疗技术及设备（治疗）
羊水泡沫试验,诊疗技术及设备（治疗）
抗人球蛋白试验,诊疗技术及设备（治疗）
血清粘蛋白,诊疗技术及设备（治疗）
抗着丝点抗体,诊疗技术及设备（治疗）
嗜异性凝集吸收试验,诊疗技术及设备（治疗）
血清癌胚抗原,诊疗技术及设备（治疗）
腺病毒抗体,诊疗技术及设备（治疗）
肺泡气-动脉血氧分压差,诊疗技术及设备（治疗）
酸溶血试验,诊疗技术及设备（治疗）
血栓弹力图,诊疗技术及设备（治疗）
全血铬,诊疗技术及设备（治疗）
烟碱型乙酰胆碱受体抗体,诊疗技术及设备（治疗）
血清Ⅳ型胶原蛋白,诊疗技术及设备（治疗）
中性粒细胞杀菌试验,诊疗技术及设备（治疗）
糖链抗原19-9,诊疗技术及设备（治疗）
抗乙酰胆碱受体抗体,诊疗技术及设备（治疗）
血栓调节蛋白抗原,诊疗技术及设备（治疗）
抗凝血酶-Ⅲ,诊疗技术及设备（治疗）
抗内皮细胞抗体,诊疗技术及设备（治疗）
粒细胞集落刺激因子,诊疗技术及设备（治疗）
迟发性皮肤变态反应,诊疗技术及设备（治疗）
阿利新蓝染色,诊疗技术及设备（治疗）
间α胰蛋酶抑制物,诊疗技术及设备（治疗）
抗核仁抗体,诊疗技术及设备（治疗）
血清免疫球蛋白A,诊疗技术及设备（治疗）
抗网蛋白抗体,诊疗技术及设备（治疗）
血清醛缩酶,诊疗技术及设备（治疗）
抗核仁核糖核酸(RNA)抗体,诊疗技术及设备（治疗）
嗜中性杆状粒细胞数,诊疗技术及设备（治疗）
尿铍,诊疗技术及设备（治疗）
抗链球菌型M蛋白抗体,诊疗技术及设备（治疗）
血液硫化血红蛋白,诊疗技术及设备（治疗）
C反应蛋白,诊疗技术及设备（治疗）
抗热休克蛋白-60抗体,诊疗技术及设备（治疗）
抗肾小球基底膜抗体,诊疗技术及设备（治疗）
透明质酸,诊疗技术及设备（治疗）
糖链抗原72-4,诊疗技术及设备（治疗）
全血镉,诊疗技术及设备（治疗）
乳酸与丙酮酸比值,诊疗技术及设备（治疗）
红细胞烯醇化酶,诊疗技术及设备（治疗）
降钙素,诊疗技术及设备（治疗）
T8淋巴细胞亚群,诊疗技术及设备（治疗）
烟碱,诊疗技术及设备（治疗）
干扰素,诊疗技术及设备（治疗）
β-N-乙酰氨基葡萄糖苷酶,诊疗技术及设备（治疗）
α2-妊娠相关蛋白,诊疗技术及设备（治疗）
血浆鱼精蛋白副凝试验,诊疗技术及设备（治疗）
血清补体C3裂解产物,诊疗技术及设备（治疗）
血清免疫球蛋白M,诊疗技术及设备（治疗）
γ-干扰素,诊疗技术及设备（治疗）
糖链抗原242,诊疗技术及设备（治疗）
酚红排泄试验,诊疗技术及设备（治疗）
肺并殖吸虫病,疾病
老年人院内获得性肺炎,疾病
肺弓形体病,疾病
小儿呼吸衰竭,疾病
腺病毒性肺炎,疾病
老年人吸入性肺炎,疾病
小儿亚硝酸盐中毒,疾病
老年人肺栓塞,疾病
朗汉斯细胞的组织细胞增多症,疾病
运动诱发哮喘,疾病
急性嗜酸性粒细胞性肺炎,疾病
特发性嗜酸性粒细胞增多综合征,疾病
杜波组织胞浆菌病,疾病
支气管扩张,疾病
老年人肺结核,疾病
局限性胸膜间皮瘤,疾病
化学液体吸入,疾病
血外渗性囊肿,疾病
过敏性血管炎和肉芽肿病,疾病
韦格纳肉芽肿,疾病
老年人肺脓肿,疾病
小儿右肺中叶综合征,疾病
闭塞性血栓性脉管炎,疾病
非特异性系统性坏死性小血管炎,疾病
急性呼吸衰竭,疾病
产碱杆菌肺炎,疾病
中毒性高铁血红蛋白血症,疾病
原发气管支气管肿瘤,疾病
老年人睡眠呼吸暂停综合征,疾病
老年人支原体肺炎,疾病
老年人慢性支气管炎,疾病
肺淀粉样变性,疾病
严重急性呼吸综合征,疾病
老年人呼吸衰竭,疾病
老年人肺气肿,疾病
肺泡蛋白沉着症,疾病
慢性呼吸衰竭,疾病
先天性喉软化症,疾病
肺孢子丝菌病,疾病
小儿肺炎链球菌肺炎,疾病
吸入性损伤,疾病
膈肌膨出,疾病
急性脓胸,疾病
煤炭工尘肺,疾病
良性淋巴上皮病,疾病
老年人终末期肺炎,疾病
昏迷,疾病
药物导致的肺部疾病,疾病
肺棘球蚴病,疾病
肺出血-肾炎综合征,疾病
多重肺部感染,疾病
抗胰蛋白酶缺乏症,疾病
老年人厌氧菌性肺炎,疾病
老年人结节病,疾病
巨细胞病毒病,疾病
洛博芽生菌病,疾病
鹦鹉热衣原体肺炎,疾病
血栓形成,疾病
特发性肺含铁血黄素沉着症,疾病
小儿淹溺,疾病
利斯特菌病,疾病
小儿单纯肺动脉口狭窄,疾病
卡氏肺孢子虫肺炎,疾病
恙虫病性肺炎,疾病
小儿结节病,疾病
炭疽,疾病
滑石粉尘肺,疾病
肺转移性肿瘤,疾病
老年人胸腔积液与胸膜炎,疾病
小儿先天性肺囊肿,疾病
烧伤后肺水肿,疾病
小儿外源性变应性肺泡炎,疾病
海鱼分枝杆菌感染,疾病
变态反应性鼻炎,疾病
重症院内获得性肺炎,疾病
血管神经性水肿,疾病
老年人肺结核病,疾病
老年人肺心病,疾病
奈瑟卡他球菌肺炎,疾病
小儿脱屑性肺炎,疾病
急性左侧心力衰竭,疾病
老年人支气管哮喘,疾病
其他病毒肺炎,疾病
小儿喘息样支气管炎,疾病
纵隔囊肿,疾病
光气中毒,疾病
小儿急性呼吸窘迫综合征,疾病
老年人间质性肺炎,疾病
小儿卡肺囊虫肺炎,疾病
呼吸道合胞病毒感染,疾病
系统性血管炎,疾病
螨皮炎,疾病
小儿腺病毒性肺炎,疾病
肺鼠疫,疾病
小儿肺不张,疾病
肺诺卡菌病,疾病
新生儿喉喘鸣,疾病
小儿韦格纳肉芽肿,疾病
先天性胸骨后膈疝,疾病
肺组织细胞增生症,疾病
小儿支气管肺发育不全,疾病
咽后间隙感染,疾病
肺部少见的恶性肿瘤,疾病
肺不发育或发育不全,疾病
嗜酸粒细胞增多症,疾病
脱屑性间质肺炎,疾病
外源性变应性肺泡炎,疾病
出血败血性巴斯德菌感染,疾病
慢性嗜酸性粒细胞性肺炎,疾病
老年人肺炎,疾病
老年人肺性脑病,疾病
小儿军团病,疾病
多杀巴斯德杆菌病,疾病
肺癌皮肤转移,疾病
烧伤后肺部感染,疾病
阻塞性睡眠呼吸暂停综合征,疾病
四川并殖吸虫病,疾病
肺铝土纤维化,疾病
老年人自发性气胸,疾病
烧伤后急性呼吸窘迫综合征,疾病
小肠结肠炎耶尔森菌肺炎,疾病
肺炎链球菌性肺炎,疾病
矽肺,疾病
坏死性结节病样肉芽肿病,疾病
巴德-吉亚利综合征,疾病
肺铁末沉着病,疾病
支气管中心性肉芽肿病,疾病
遗传性高铁血红蛋白血症,疾病
低钾血症,疾病
不动纤毛综合征,疾病
新生儿发热,疾病
老年人支气管扩张,疾病
巨细胞肉芽肿,疾病
小儿急性上呼吸道感染,疾病
小儿急性血行播散型肺结核,疾病
呕吐物吸入,疾病
小儿哮喘,疾病
石棉肺,疾病
小儿继发性免疫缺陷病,疾病
肺芽生菌病,疾病
先天性支气管囊肿,疾病
小儿气管、支气管异物,疾病
先天性支气管肺囊肿,疾病
老年人急性左心衰竭,疾病
肺嗜酸性粒细胞浸润症,疾病
小儿急性喉气管支气管炎,疾病
老年癌症病人的急性感染,疾病
A链球菌群感染,疾病
小儿人类疱疹病毒6，7，8型感染性疾病,疾病
小儿脓胸,疾病
透明丝孢霉病,疾病
化学烧伤,疾病
遗传性血管性水肿,疾病
小儿α1-抗胰蛋白酶缺乏症,疾病
老年人特发性肺纤维化,疾病
新生儿先天性膈疝,疾病
热带性肺嗜酸性粒细胞浸润症,疾病
皮炎芽生菌,疾病
获得性免疫缺陷综合征,疾病
龟分枝杆菌感染,疾病
睡眠呼吸暂停综合征,疾病
片吸虫病,疾病
奇孔古尼亚病毒性疾病,疾病
副流行性感冒,疾病
老年人呼吸性酸中毒,疾病
偶发分枝杆菌感染,疾病
转移性胸膜肿瘤,疾病
老年人急性呼吸窘迫综合征,疾病
小儿急性气管支气管炎,疾病
小儿心搏呼吸骤停与心肺复苏术,疾病
支气管结石,疾病
小儿白细胞黏附分子缺陷Ⅱ型,疾病
新生儿B链球菌感染,疾病
肺胸膜阿米巴病,疾病
单纯性肺嗜酸性粒细胞浸润症,疾病
小儿结节性多动脉炎,疾病
老年人流行性感冒,疾病
结核性淋巴结炎,疾病
查加斯病,疾病
纵隔非霍奇金恶性淋巴肿瘤,疾病
烧伤后肺不张,疾病
绿脓假单胞菌属感染,疾病
米氏链球菌肺炎,疾病
手术后膈疝,疾病
小儿感染性休克,疾病
小儿支气管扩张,疾病
遗传性出血性毛细血管扩张,疾病
类圆线虫病,疾病
肺部钩虫病,疾病
微囊肿腺癌,疾病
小儿休克,疾病
纵隔神经鞘源性肿瘤,疾病
慢性纵隔炎,疾病
先天性风疹综合征,疾病
瓦斯爆炸伤,疾病
烧伤后肺栓塞,疾病
皮肌炎与多发性肌炎,疾病
寇热肺炎,疾病
气管梗阻,疾病
链球菌坏死,疾病
小儿药物变态反应,疾病
吞入异物,疾病
颈部开放性损伤,疾病
老年人感染性休克,疾病
小儿哮喘性肌萎缩综合征,疾病
胸壁深部软组织感染,疾病
生脓性肉芽肿,疾病
肉孢子虫病,疾病
匐行穿孔性弹性组织变性,疾病
喉咽恶性肿瘤,疾病
小儿波—杰综合征,疾病
下肢静脉血栓形成,疾病
缺铁性吞咽困难,疾病
单纯性肺嗜酸性粒细胞增多症,疾病
先天性性联无γ-球蛋白血症,疾病
呼吸性细支气管炎间质肺病,疾病
史—约综合征,疾病
新生儿低镁血症,疾病
妊娠性哮喘,疾病
嗜水气单胞菌感染,疾病
腹膜间皮瘤,疾病
显微型多血管炎,疾病
迪厄拉富瓦病,疾病
多房棘球蚴病,疾病
卡普兰综合征,疾病
小儿海蓝组织细胞增生症,疾病
先天性肺发育不全,疾病
毛盘瘤,疾病
链杆菌病,疾病
始基囊肿,疾病
曲霉球,疾病
挤奶者结节,疾病
老年静脉血栓症,疾病
葡萄球菌中毒性休克综合征,疾病
丛状血管瘤,疾病
嗜碱性粒细胞增多症,疾病
慢性肉芽肿病,疾病
青霉病,疾病
广州管圆线虫病,疾病
新生儿反应低下,疾病
冲浪者结节,疾病
乳头状囊腺癌,疾病
小儿高免疫球蛋白E综合征,疾病
韦格纳肉芽肿性巩膜炎,疾病
肺爆震伤,疾病
黏多糖贮积症I型,疾病
先天性食管闭锁,疾病
流行性出血热,疾病
自发性食管破裂,疾病
基底细胞腺瘤,疾病
遗传性蛋白S缺陷症,疾病
鼻窦气压伤,疾病
老年人尿毒症性肺炎,疾病
血清病和血清病样反应,疾病
科罗拉多蜱热,疾病
鼻真菌病,疾病
呼吸系统疾病伴发的精神障碍,疾病
老年人上腔静脉受压综合征,疾病
多发性肌炎-皮肌炎,疾病
硫化血红蛋白血症,疾病
颚口线虫病,疾病
科干综合征,疾病
未分化结缔组织病,疾病
血栓性静脉炎,疾病
血红蛋白M病,疾病
拉休尤-格拉哈姆-利特尔综合征,疾病
老年人心源性休克,疾病
军刀综合征,疾病
细粒棘球蚴病,疾病
SARS的胃肠道感染,疾病
小儿获得性免疫缺陷综合征,疾病
小儿肝素-血小板减少-血栓形成综合征,疾病
咽异感症,疾病
小儿心力衰竭,疾病
异尖线虫病,疾病
弓形体病,疾病
钩虫皮炎,疾病
先天性腹膜疝,疾病
老年人肥胖症,疾病
黏膜白斑,疾病
微小病毒感染,疾病
白色水肿,疾病
寇热,疾病
妊娠合并重症肌无力,疾病
先天自愈性朗格汉斯组织细胞增生症,疾病
胰腺囊性纤维性变,疾病
嗜酸细胞增多性复发性肉芽肿皮炎,疾病
希尔德病,疾病
遗传性抗凝血酶Ⅲ缺乏症,疾病
埃利希体病,疾病
灼痛,疾病
喉返神经损伤,疾病
病毒性出血热,疾病
麦格综合征,疾病
泛发性特发性毛细血管扩张,疾病
特发性迟发性免疫球蛋白缺乏症,疾病
管状腺瘤,疾病
淀粉样变病和淀粉样关节病,疾病
小儿结节性脂膜炎,疾病
小儿伯-韦综合征,疾病
小儿变应性亚败血症综合征,疾病
赖利-戴综合征,疾病
小儿X-连锁高免疫球蛋白M血症,疾病
纵隔副神经节起源的肿瘤,疾病
胃食管反流病,疾病
小儿出血性休克和脑病综合征,疾病
致命性中线肉芽肿,疾病
小儿原发性免疫缺陷病,疾病
小儿遗传性血管神经性水肿,疾病
平滑肌错构瘤,疾病
急性右侧心力衰竭,疾病
干燥综合征,疾病
冷凝集素综合征,疾病
原发性纤维蛋白溶解症,疾病
小儿雅克什综合征,疾病
人疱疹病毒-6型感染,疾病
膈肌肿瘤,疾病
结节性多动脉炎,疾病
多形性低度恶性腺癌,疾病
侵袭性指趾乳头状腺癌,疾病
嗅觉障碍,疾病
过敏性肉芽肿性血管炎相关巩膜炎,疾病
下肢深静脉血栓形成,疾病
败血症,疾病
漏斗胸,疾病
恙虫病,疾病
癌性疼痛,疾病
咽感觉减退或缺失,疾病
小儿肺炎链球菌脑膜炎,疾病
后天性动静脉瘘,疾病
静脉血栓形成,疾病
心脏骤停与心肺脑复苏,疾病
小儿淋巴样息肉,疾病
小儿抗利尿激素分泌异常综合征,疾病
老年人白细胞减少症和粒细胞缺乏症,疾病
结节性血管炎,疾病
蝎螫伤,疾病
金属性变色,疾病
继发性红细胞增多症,疾病
遗传过敏性皮炎,疾病
小儿干燥综合征,疾病
老年人心力衰竭,疾病
“E”字征,症状
“蝴蝶状”阴影,症状
“咳嗽水”上瘾,症状
CO2潴留,症状
Mackler's三联症,症状
PAS染色阳性,症状
SM累积量升高,症状
癌性发热,症状
阿巴迪征阳性,症状
安-托征阳性,症状
疤痕处破损后出现溃疡,症状
白喉假膜形成,症状
白痰,症状
白天嗜睡夜间失眠,症状
白细胞增多,症状
百日咳,症状
伴高血压,症状
包裹性胸腔积液,症状
爆裂音,症状
贝耳征阳性,症状
贝亚尔惹征阳性,症状
鼻和喉部灼热感,症状
鼻流浊液,症状
鼻塞,症状
鼻塞并排出脓性或血性分泌物,症状
鼻塞排出脓性或血性分泌物,症状
鼻煽,症状
鼻酸,症状
鼻咽腔狭窄,症状
鼻痒,症状
鼻翼扇动,症状
比佛征阳性,症状
毕脱斑,症状
扁平胸,症状
变应性鼻炎,症状
变应性咳嗽,症状
变态反应,症状
表寒里热气喘,症状
表寒里热无汗,症状
憋气,症状
病灶,症状
不典型增生,症状
不典型胸痛,症状
不规则热,症状
不明原因发热,症状
苍白窒息不啼,症状
策玛克-赫林试验阳性,症状
超高热,症状
潮热,症状
潮式呼吸,症状
潮热颧红,症状
陈-施呼吸,症状
持续低烧,症状
持续性弛张热,症状
持续性发热,症状
持续性咳嗽,症状
持续性胸部疼痛或模糊的背部疼痛,症状
持续性胸痛,症状
抽泣式呼吸,症状
出现毒性颗粒,症状
初生不啼,症状
杵状指（趾）,症状
触诊无肺动脉关闭感,症状
喘鸣,症状
喘脱,症状
喘息,症状
串珠肋,症状
创伤性湿肺,症状
唇部发绀,症状
刺痛,症状
打鼾,症状
打呼噜,症状
打喷嚏,症状
打喷嚏时胸口疼,症状
大咯血,症状
大量咯血,症状
大量胸水,症状
大量稀涕鼻堵喷嚏,症状
大疱（含脓性液体）,症状
单发性坚实性结节,症状
但热不寒,症状
低氯性碱中毒,症状
低烧,症状
低通气综合征,症状
低氧血症,症状
第２肋软骨痛,症状
点头征,症状
冬春季的慢性咳嗽咳痰和喘息,症状
动脉血氧饱和度降低,症状
动脉条索状变现象,症状
毒热炽盛脱屑,症状
端坐呼吸,症状
短气,症状
短暂性胸痛,症状
对称性胸痛,症状
多发性结节,症状
恶寒甚则寒战发热,症状
恶寒伴口燥咽干,症状
恶寒无汗较严重,症状
恶性胸水,症状
儿童咯血,症状
儿童呼吸困难,症状
儿童胸廓变形,症状
二氧化碳潴留,症状
发绀,症状
发热伴寒战,症状
发热伴咳嗽、咯痰、胸痛,症状
发热较重微怕风,症状
发热胸闷,症状
发炎,症状
发作性咳嗽,症状
乏力,症状
乏力口渴,症状
反复发烧,症状
反复发作右肺感染,症状
反复肺不张,症状
反复肺炎,症状
反复感染,症状
反复上呼吸道感染,症状
反复高热,症状
反拗危象,症状
放射性胸痛,症状
非对称性胸痛,症状
非感染性喉头水肿,症状
肥胖-换气不良综合征,症状
肥胖性低通气,症状
肥胖性低通气综合征,症状
肺癌胸水,症状
肺不张,症状
肺部出血,症状
肺部感染,症状
肺部化脓性感染,症状
肺部或支气管周围可呈现纹理增粗及浸润现象,症状
肺部啰音,症状
肺部可闻及干湿啰音及哮鸣音,症状
肺部疼痛,症状
肺部小结节,症状
肺部痈脓胸痛,症状
肺部有钙化点,症状
肺部肿块,症状
肺部转移,症状
肺出血,症状
肺动静脉瘘,症状
肺动脉瓣区可听到喷射音,症状
肺动脉闭锁,症状
肺动脉狭窄,症状
肺动脉瓣狭窄杂音,症状
肺动脉杂音,症状
肺动脉楔压（PCWP）降低,症状
肺功能失常,症状
肺过度充气,症状
肺含水量增加,症状
肺化脓,症状
肺寒痰饮,症状
肺火,症状
肺积水,症状
肺间质纤维化,症状
肺经风热失嗅,症状
肺经热盛鼻干,症状
肺经郁热鼻塞,症状
肺门阴影增多,症状
肺经燥热鼻痒,症状
肺门增宽,症状
肺弥散功能障碍,症状
肺内病变,症状
肺内空洞,症状
肺内圆形实质性或囊性肿块,症状
肺泡出血,症状
肺泡破裂,症状
肺泡灌洗液可见大量无定形的碎片,症状
肺泡炎症,症状
肺脾两虚顿咳,症状
肺脾两虚失嗅,症状
肺脾气虚鼻塞,症状
肺气虚便难,症状
肺气失宣鼾眠,症状
肺气虚寒喷嚏,症状
肺气压伤,症状
肺气壅滞小便不通,症状
肺热炽盛壮热,症状
肺热津伤痿废,症状
肺热津伤证,症状
肺热阴虚咽中异物感,症状
肺容量减小,症状
肺肾阴虚,症状
肺肾阴虚声音嘶哑,症状
肺肾阴虚鼻塞,症状
肺肾阴虚小儿音哑,症状
肺实变,症状
肺肾阴虚咽肿,症状
肺受累,症状
肺栓塞,症状
肺水肿,症状
肺外症状,症状
肺通气一血流比例失调,症状
肺胃热盛乳蛾,症状
肺胃热盛咽肿,症状
肺胃热盛咽喉白腐,症状
肺胃虚弱乳蛾,症状
肺胃阴虚低热,症状
肺纹理减少,症状
肺纹理增粗,症状
肺胃蕴热小儿音哑,症状
肺纹理增多,症状
肺下叶周围呈节段性或大叶性模糊阴影,症状
肺纤维化,症状
肺心病,症状
肺性肥大,症状
肺虚感寒鼻痠,症状
肺血流量很多,症状
肺血流量很少,症状
肺血增多,症状
肺炎支原体阳性,症状
肺阴不足顿咳,症状
肺阴虚,症状
肺阴虚喉痒,症状
肺阴虚咽干,症状
肺淤血,症状
肺阴虚妊娠音哑,症状
肺郁血,症状
肺源性呼吸困难,症状
肺源性心脏衰竭,症状
肺燥喉痒,症状
肺燥津亏口渴,症状
肺燥阴虚鼻干,症状
肺中叶纤维灶,症状
粉红色泡沫痰,症状
粉红色泡沫样痰,症状
风寒鼻塞,症状
风寒表实无汗,症状
风寒犯肺,症状
风寒喉痒,症状
风寒咳嗽,症状
风寒妊娠咳嗽,症状
风寒声音嘶哑,症状
风寒束表舌苔白,症状
风寒束表身痛,症状
风寒束肺,症状
风寒痰阻顿咳,症状
风寒袭表恶寒发热,症状
风寒袭肺喷嚏,症状
风寒咽痛,症状
风热犯肺,症状
风热犯肺鼻痒,症状
风热犯肺恶寒发热,症状
风热犯肺喷嚏,症状
风热犯肺咽肿,症状
风热咳嗽,症状
风热侵犯小儿音哑,症状
风热声音嘶哑,症状
风热袭肺咽干,症状
风热壅肺鼻衄,症状
风热壅肺鼻痠,症状
风热壅肺鼻痛,症状
风热郁肺顿咳,症状
风水相博身重,症状
风痰内闭神昏,症状
蜂窝肺,症状
浮脉,症状
腹式反常呼吸,症状
感染性发热,症状
感染性肉芽肿,症状
干咳,症状
干咳连声伴喉痒,症状
干咳气促盗汗颧红,症状
干啰音,症状
干胁痛,症状
干性咳嗽,症状
高度膨胀的毛细血管襻,症状
高镁征,症状
高热,症状
高热不退,症状
高热寒战,症状
高碳酸血症,症状
高通气,症状
高原多血面容,症状
咯暗红色血,症状
咯多量血性泡沫痰,症状
咯粉红色血,症状
咯铁锈色血,症状
咯吐不爽,症状
咯鲜血,症状
咯血,症状
咯血伴发热,症状
咯血伴呛咳,症状
咯血伴胸痛,症状
咯血伴黄疸,症状
咯血伴有皮肤粘膜出血,症状
咯血如注,症状
咯棕红色血,症状
革兰阴性杆菌感染,症状
格里津格征阳性,症状
膈麻痹,症状
膈穹窿变为扁平,症状
膈膨升,症状
沟裂增宽,症状
管性呼吸音,症状
过度换气引起晕厥,症状
过度通气,症状
过度换气综合征,症状
过敏性鼻炎,症状
寒颤,症状
含铁血黄素沉着症,症状
寒凝气滞胸痛,症状
寒热错杂哮鸣,症状
寒热往来,症状
寒湿搏胸胁痛,症状
寒嗽,症状
寒痰阻肺哮鸣,症状
寒邪客肺畏寒,症状
寒邪外束寒战,症状
寒战,症状
黑痰,症状
横膈低平,症状
喉部刺痛,症状
喉部堵塞感,症状
喉部痉挛,症状
喉部淋巴滤泡增生,症状
喉部有痰,症状
喉管阻塞,症状
喉肌无力,症状
喉痉挛,症状
喉裂,症状
喉咙冒黏液,症状
喉咙痛,症状
喉咙痒,症状
喉弥漫性黏膜肥厚，凹凸不平,症状
喉鸣声,症状
喉头发紧,症状
喉头痉挛,症状
喉头水肿,症状
喉头增大,症状
喉痒,症状
喉痒咳嗽,症状
喉中痰鸣,症状
呼气困难,症状
呼气时两颊鼓起和缩唇,症状
呼气时胸口痛,症状
呼吸不规则,症状
呼气性呼吸困难,症状
呼气音延长,症状
呼吸道阻塞,症状
呼吸道狭窄,症状
呼吸反射调节受损,症状
呼吸功能衰竭,症状
呼吸急促,症状
呼吸减慢而不规则,症状
呼吸节律异常,症状
呼吸窘迫综合症,症状
呼吸困难,症状
呼吸困难反复发作,症状
呼吸困难突然发作,症状
呼吸频率变快,症状
呼吸频率减慢,症状
呼吸频率异常,症状
呼吸气为腐臭味,症状
呼吸气为蒜臭味,症状
呼吸浅慢,症状
呼吸浅速,症状
呼吸深快,症状
呼吸衰竭,症状
呼吸深慢,症状
呼吸速率减慢且规则,症状
呼吸微弱,症状
呼吸性碱中毒,症状
呼吸异常,症状
呼吸性酸中毒,症状
呼吸抑制,症状
呼吸音粗糙,症状
呼吸音减弱,症状
呼吸音低,症状
呼吸暂停样现象,症状
呼吸中可有烂苹果味,症状
化学性支气管炎,症状
环甲肌失去收缩或牵引感,症状
黄白色黏痰有水果味,症状
黄色结节,症状
灰白色结节,症状
回声阴影,症状
会厌炎,症状
昏迷,症状
混合性呼吸困难,症状
混合性紫绀,症状
活动后气促,症状
肌痛,症状
鸡鸣样回声,症状
急性病容,症状
急性呼吸窘迫综合征,症状
急性呼吸困难,症状
急性面容,症状
继发感染,症状
间歇性寒颤,症状
肩背痛,症状
浆液脓性分泌物,症状
结核杆菌血行播散,症状
结核中毒,症状
结节,症状
金属音调咳嗽,症状
紧脉,症状
进行性肉芽性溃疡坏死,症状
痉挛性咳嗽,症状
静脉回流障碍,症状
静脉内持续性血流,症状
静脉血氧饱和度（SVO2）降低,症状
镜子征,症状
酒精过敏,症状
局灶症状,症状
剧烈运动后哮喘,症状
抗Jo-1抗体阳性,症状
抗利尿激素(ADH)分泌增多,症状
咳出棕色痰栓,症状
咳泡沫黏液痰,症状
咳声低弱,症状
咳巧克力色痰,症状
咳声嘶哑,症状
咳嗽,症状
咳嗽伴杵状指,症状
咳嗽伴呼吸困难,症状
咳嗽伴体重减轻,症状
咳嗽伴哮鸣音,症状
咳嗽伴胸痛,症状
咳嗽反射,症状
咳嗽痰多,症状
咳痰,症状
咳铁锈色痰,症状
咳血,症状
咳血痰,症状
空洞形成,症状
空气栓塞,症状
口鼻血性分泌物,症状
口鼻周围发绀,症状
口唇发绀,症状
口唇干燥,症状
口唇青紫,症状
口及咽部烧灼感,症状
口吐血沫,症状
口有溴味及咸味,症状
块状痰,症状
库瓦西耶征阳性,症状
劳动后气急,症状
劳累后感觉胸闷,症状
劳累后胸闷,症状
劳累后胸痛,症状
劳力性呼吸困难,症状
老人剧烈咳嗽,症状
肋骨及胸骨下吸入性凹陷,症状
肋间隙变窄,症状
肋间隙可有压痛,症状
肋膜腔积水,症状
类癌面红,症状
粒细胞增多,症状
连枷胸,症状
连续机器样杂音,症状
两肺满布粟粒状阴影,症状
两肺弥漫或散在可逆性哮鸣音,症状
两肺毛玻璃样粟粒样或结节样改变,症状
两下肺纹理增粗,症状
淋巴道转移,症状
淋巴管淤积,症状
淋巴结节,症状
淋巴结结核,症状
流感样症状,症状
瘤体坚硬,症状
瘤细胞浸润,症状
卵石征,症状
啰音,症状
脉浮紧,症状
脉洪而芤,症状
脉氧合不足,症状
慢性咳嗽,症状
毛细血管出血,症状
毛细血管扩张,症状
毛细血管渗漏综合征,症状
煤尘或胆固醇结晶的黏痰,症状
弥漫性鼓音,症状
免疫损害,症状
面赤唇紫,症状
面色苍白,症状
面色青紫,症状
纳差,症状
囊性增生,症状
囊肿壁薄且内含无色液体,症状
囊肿样改变,症状
黏稠或脓性痰伴有腥臭味,症状
黏膜损害,症状
黏液分泌亢进,症状
黏液脓性痰,症状
柠檬色痰,症状
脓气胸,症状
脓痰,症状
脓性分泌物,症状
脓胸,症状
脓性分泌物增多,症状
脓肿破入胸腔,症状
"呕吐,下胸痛,下颈部皮下气肿",症状
排痰无力,症状
泡样水肿,症状
皮肤转移,症状
皮下气肿,症状
频繁吐黏液,症状
频繁性惊醒,症状
频吐白沫,症状
平滑肌痉挛,症状
平卧呼吸困难,症状
奇脉,症状
气喘,症状
气道变窄,症状
气道高反应性,症状
气道和食管之间的瘘管,症状
气短,症状
气道陷闭,症状
气管处可听到异物冲击的拍击声,症状
气管间隙形成肿块,症状
气管和纵隔移位,症状
气管隆突以上的损伤,症状
气管食管树胶样肿,症状
气管受压,症状
气管移位,症状
气管阻塞,症状
气管纵隔和心脏向健侧移位,症状
气过水声,症状
气急,症状
气急喘盛,症状
气逆,症状
气体弥散功能下降,症状
气体弥散障碍,症状
气息异常,症状
气胸,症状
气血虚弱,症状
气阴两虚,症状
前胸压迫性疼痛,症状
强迫侧卧位,症状
轻度中毒,症状
情绪性哮喘,症状
全身皮肤黏膜明显发绀,症状
颧红盗汗,症状
犬吠样咳嗽,症状
缺乏深睡眠,症状
热咳,症状
乳糜胸,症状
乳头样增生变化,症状
三凹征,症状
上肺纤维化明显,症状
上呼吸道卡他症状,症状
上呼吸道粘膜刺激症状,症状
神昏气促,症状
神疲乏力,症状
渗出性胸水,症状
生命体征改变,症状
声门短而窄,症状
声门以上的损伤,症状
声门水肿,症状
声门运动障碍,症状
声音变低,症状
失音,症状
湿咳,症状
湿啰音,症状
湿罗音,症状
湿性咳嗽,症状
湿性体质,症状
食管瘘,症状
食管气管瘘,症状
食物误入气道,症状
嗜睡,症状
嗜酸细胞增加,症状
嗜酸性粒细胞增多,症状
收缩期反流性杂音,症状
收缩早期喀喇音,症状
舒张期哈气样杂音,症状
鼠尾征,症状
双肺的吸气爆裂音,症状
双肺水泡音,症状
水咳,症状
水气胸,症状
水肿伴呼吸困难、紫绀,症状
睡眠呼吸暂停,症状
睡眠猝死,症状
睡眠唤醒反应,症状
睡眠节律紊乱,症状
耸肩喘息,症状
粟粒性结核,症状
锁骨上及前斜角肌淋巴结肿大,症状
胎粪污染,症状
抬肩以助呼吸,症状
苔白而润,症状
苔薄黄,症状
痰多,症状
痰呈白色黏稠胶冻状,症状
痰呈粘液脓性,症状
痰火上壅清窍,症状
痰检或可找到丝状蚴,症状
痰检阴性,症状
痰鸣气急,症状
痰鸣音,症状
痰黏稠或脓性可有腥臭味,症状
痰湿停聚,症状
痰饮,症状
痰有恶臭味,症状
痰中带血丝,症状
痰中带血,症状
痰中或可找到蛔蚴或虫卵,症状
叹息样呼吸,症状
体肺循环栓塞,症状
涕唾稠粘,症状
铁锈色痰,症状
桶状胸,症状
突发的右侧心衰,症状
突发性疼痛,症状
吐白沫痰,症状
吐泡沫痰,症状
吐血痰,症状
吞咽时胸痛,症状
唾血,症状
外寒内热,症状
微炎症状态,症状
卧床不起,症状
无活动性结核病灶,症状
无力,症状
五志化火,症状
吸气困难,症状
吸气时出现连枷胸,症状
吸气时上气道陷闭,症状
吸气时胸口痛,症状
吸气时有蝉鸣音,症状
吸入综合征,症状
吸烟胸痛,症状
细胞感染增大,症状
细菌的混合感染,症状
细菌感染,症状
下肺代偿性气肿,症状
纤毛结构缺陷,症状
纤毛清除功能障碍,症状
纤毛上皮细胞损伤脱落,症状
纤维渗出物,症状
纤维性钙化结节,症状
消耗性体重下降,症状
消瘦,症状
小儿鼻塞,症状
小儿干咳,症状
小儿剧烈咳嗽,症状
小儿咳嗽,症状
小支气管痉挛,症状
小支气管平滑肌挛缩,症状
小支气管粘膜水肿,症状
哮鸣音,症状
心肺栓塞,症状
心慌,症状
心慌气短,症状
心内分流为右向左,症状
心室肥大,症状
心音遥远,症状
心源性呼吸窘迫,症状
心源性呼吸困难,症状
心脏扩大,症状
新生儿鼻塞,症状
新生儿低体温,症状
新生儿发绀,症状
新生儿喉喘鸣,症状
新生儿气促,症状
胸背痛,症状
胸壁浸润,症状
胸壁塌陷,症状
胸壁血管充盈,症状
胸部沉重感,症状
胸部挫伤,症状
胸部大片斑块,症状
胸部紧迫或束带感,症状
胸部瘙痒,症状
胸部隐痛,症状
胸部有过度回响,症状
胸大肌外侧缘处如花生米大小的肿块,症状
胸腹壁浅在条索伴疼痛或牵扯痛,症状
胸骨后不适,症状
胸腹呈矛盾运动,症状
胸膈间烧灼嘈杂感,症状
胸骨后异物阻塞感及隐痛,症状
胸骨隆凸,症状
胸骨下端压痛,症状
胸骨压痛,症状
胸口紧绷,症状
胸口闪电疼痛,症状
胸廓畸形,症状
胸廓塌陷,症状
胸廓塌陷畸形,症状
胸廓狭窄而扁,症状
胸廓也有塌陷畸形,症状
胸廓异常,症状
胸闷,症状
胸闷憋气,症状
胸闷气短,症状
胸膜肥厚,症状
胸膜钙化,症状
胸膜毛细血管通透性增加,症状
胸膜摩擦音,症状
胸膜休克,症状
胸膜增厚,症状
胸膜增厚粘连,症状
胸膜粘连,症状
胸膜转移,症状
胸片示肺内孤立结节,症状
胸前区疼痛,症状
胸腔积液,症状
胸腔疼痛,症状
胸式呼吸,症状
胸水,症状
胸痛,症状
胸痛伴呼吸困难,症状
胸痛伴冷汗,症状
胸痛伴胸闷、心悸,症状
胸窝疼痛,症状
胸膺胀满,症状
血沉增速,症状
血道播散,症状
血骨髓或痰涂片发现疟原虫,症状
血管壁及周围有Ig及补体沉着,症状
血管增生,症状
血流动力学障碍,症状
血流过度,症状
血清抗GBM抗体阳性,症状
血清降钙素水平增高,症状
血清钠增高,症状
血缺氧,症状
血丝痰,症状
血象嗜酸粒细胞增多,症状
血性胸水,症状
血性渗液,症状
血胸,症状
压迫性疼痛,症状
咽部灼热疼痛,症状
咽喉不利,症状
咽喉部充血,症状
咽喉部干燥刺痒,症状
咽喉干燥充血,症状
咽喉干燥及灼热感,症状
咽喉疼痛,症状
咽喉炎,症状
咽痛,症状
咽痛声哑,症状
严重急性呼吸道症,症状
炎性肉芽肿,症状
炎性损害,症状
炎性细胞浸润,症状
颜面充血呈樱桃红色,症状
厌食,症状
羊水中有胎粪,症状
仰卧呼吸,症状
氧分压低,症状
药物过敏反应,症状
噎痛感,症状
叶间裂移位,症状
叶间裂常呈弧形下坠,症状
夜间盗汗,症状
夜间咳嗽,症状
夜间睡眠气短憋醒,症状
液气胸,症状
液体平衡失调,症状
一侧胸廓塌陷,症状
一过性的流感样症状,症状
一咳嗽胸口就疼,症状
异常体位所致的窒息,症状
异型网织细胞,症状
异源性ACTH,症状
音浊不扬,症状
隐球菌囊膜多糖堆积,症状
婴儿睡眠少,症状
右室肥厚,症状
右胸痛,症状
语音震颤增强,症状
晕厥反复发作,症状
孕妇气喘,症状
孕妇胸闷气短,症状
运动气喘,症状
运动耐力降低,症状
运动性疲劳,症状
燥邪犯肺,症状
粘膜充血,症状
粘液腺体肥大,症状
张口呼吸,症状
张力性气胸,症状
张口抬肩,症状
长期发热,症状
真菌感染,症状
阵发性夜间呼吸困难,症状
支气管肺泡音,症状
支气管痉挛,症状
支气管分泌物增加,症状
支气管脓性分泌物增多,症状
支气管平滑肌痉挛,症状
支气管树受压,症状
支气管狭窄,症状
支气管以下的损伤,症状
肢端硬化,症状
指根部疼,症状
指甲呈现青紫色,症状
指甲床发绀,症状
窒息,症状
中度吸入性损伤,症状
中耳和耳咽管纤毛异常,症状
中枢性呼吸暂停,症状
中心性钙化,症状
中性粒细胞增高,症状
肿瘤钙化,症状
钟摆征,症状
种植性结节,症状
周身不适,症状
周身炎症反应,症状
主动脉和肺动脉影偏小,症状
浊气壅滞,症状
紫绀,症状
紫绀和血缺氧,症状
自汗肢冷,症状
纵隔病变,症状
纵隔积气,症状
纵隔淋巴结增生,症状
纵隔囊肿,症状
纵隔纤维化,症状
纵隔阴影,症状
纵隔增宽,症状
纵膈淋巴结肿大,症状
纵隔浊音界扩大,症状
纵膈气肿,症状
组织液渗出,症状
组织细胞增生,症状
左胸痛,症状
交通性,疾病
胎粪吸入性肺炎,疾病
MAS,疾病
体外膜肺,其他治疗
脓气胸,疾病
继发性气胸,疾病
闭合性,疾病
张力性,疾病
开放性,疾病
肺出血,疾病
气管狭窄,疾病
气管狭窄或闭锁,疾病
先天性气管闭锁,疾病
急性呼吸道炎症,疾病
重度狭窄,疾病
轻度狭窄,疾病
长段狭窄,疾病
狭窄段短,疾病
intraparenchymal	hemorrhage,疾病
N-乙酰半胱氨酸,药物
血浆置换,其他治疗
AHF,疾病
真菌感染,疾病
细菌感染,疾病
SID,疾病
右位 心,疾病
磁共振,检查
WD,疾病
血清免疫球蛋白,检查
抗中性粒细胞胞浆抗体,检查
抗神经节苷脂抗体,检查
合并感染,疾病
肺囊虫性肺炎,疾病
补充IgG,其他治疗
肺炎支原体肺炎,疾病
α及δ颗粒同时发生缺陷者,疾病
MP肺炎,疾病
难治性 MP 肺炎,疾病
衣原体肺炎,疾病
HSPN,疾病
部分性肺静脉异位连接,疾病
中型房间隔缺损,疾病
主-肺动脉连接,疾病
喘息性支气管炎,疾病
哮喘性支气管炎,疾病
NEC,疾病
食管气管瘘,疾病
胸部肿瘤,疾病
腺泡型,疾病
非腺泡型肿瘤有效,疾病
IRSⅢ,疾病
原发于肺部的横纹肌肉瘤,疾病
急性感染性喉炎,疾病
喉梗阻,疾病
布地奈德,药物
喉 梗阻,疾病
BMD,疾病
DMD,疾病
血管瘤,疾病
血管瘤性综合征遗传性出血性血管扩张症,疾病
肺内型,疾病
肺内型肺隔离症,疾病
肺内型隔离肺,疾病
肺外型,疾病
肿内型,疾病
肺透明膜病,疾病
RDS,疾病
通气功能障碍,疾病
严重缺氧,疾病
湿肺,疾病
新生儿暂时性呼吸增快,疾病
B	组链球菌肺炎,疾病
膈疝,疾病
氧疗,其他治疗
氨甲蝶呤,药物
成人慢性支气管炎,疾病
呼出气一氧化碳,检查
血液中碳氧血红蛋白,检查
普乐可复,药物
霉酚酸酯,药物
康宁克通A,药物
曲安西龙,药物
泼尼松,药物
曲安奈德,药物
呋塞米,药物
不良组织类型,疾病
良好组织类型,疾病
广泛动脉受累,疾病
肺隐球菌感染,疾病
乳胶凝集试验,检查
新生儿室息,疾病
重症MP肺炎,疾病
mycoplasmal pneumonia,疾病
青紫型先天性心脏病,疾病
开窗,手术治疗
肺部隐球菌病,疾病
隐球菌感染,疾病
间变性或高度恶性肿瘤,疾病
病毒性咽炎,疾病
间变性或高度恶性肿瘤或高度恶性肿瘤,疾病
咽-结合膜热,疾病
上呼吸道感染的并发症,疾病
急性上感,疾病
感冒,疾病
原发性上感,疾病
急性,疾病
慢性,疾病
急性者,疾病
TIN,疾病
HS,疾病
酸化甘油试验,检查
缺铁性贫血,疾病
外周血总淋巴细胞计数,检查
呕吐,疾病
抗胸腺细胞球蛋白,药物
小型缺损,疾病
大型缺损,疾病
中型缺损,疾病
三房心,疾病
肺泡PaCO2增加,疾病
呼吸系统本身疾病,疾病
酸碱平衡呼吸性酸中毒,疾病
呼吸系统紊乱,疾病
呼吸道阻塞,疾病
肺萎缩,疾病
呼吸窘迫综合征,疾病
呼吸受限,疾病
胸部疾病,疾病
血二氧化碳分压增加,疾病
高碳酸血症,疾病
冷凝集素病,疾病
血浆分离法,手术治疗
肺含铁血黄素沉着症,疾病
pRTA,疾病
肺动脉瓣下狭窄,疾病
先天性肺淋巴管扩张症,疾病
Ⅱ型继发于肺静脉阻塞,疾病
流行性毛细支气管炎,疾病
窒息,疾病
急性喉气管支气管炎,疾病
细菌性气管炎,疾病
发热,疾病
肉芽肿病,疾病
高热,疾病
弛张热,疾病
低热,疾病
急性感染,疾病
不伴有局部症状的发热,疾病
呼吸道合胞病毒和流感病毒感染,疾病
粟粒性肺结核,疾病
结核感染,疾病
感染性疾病,疾病
隐匿性细菌性肺炎,疾病
真菌病,疾病
坏死性肉芽肿性血管炎,疾病
脓肿,疾病
呼吸道或泌尿生殖系统感染,疾病
炎症,疾病
巨细胞病毒感染,疾病
真菌或寄生虫感染,疾病
纵隔处的病变,疾病
先锋头,疾病
ACEI,其他治疗
Hb	Bart胎儿水肿综合征,疾病
肺炎链球菌肺炎,疾病
化脓性并发症,疾病
革兰氏阴性杆菌肺炎,疾病
大肠埃希菌肺炎,疾病
铜绿假单胞菌肺炎,疾病
重症肌无力,疾病
Ⅲ型（急性快速进展型）,疾病
依酚氯铵,药物
休克代偿期,疾病
休克失代偿期,疾病
胸部型放线菌病,疾病
病毒感染,疾病
气道异物,疾病
喉部异物,疾病
气管异物,疾病
支气管异物,疾病
继发感染,疾病
LN,疾病
肺动脉狭窄,疾病
伴肺动脉狭窄,疾病
肺动脉高压和高血流量,疾病
血管收缩因子,疾病
上腔静脉-右肺动脉吻合术,手术治疗
Blalock-Taussig手术,手术治疗
Ⅳ型,疾病
典型流感,疾病
新生儿流感,疾病
肺炎型流感,疾病
幼儿流感,疾病
学龄儿及青少年流感,疾病
轻型流感,疾病
甲型流感,疾病
扎那米韦,其他
丙型流感,疾病
甲型和乙型流感,疾病
急性型,疾病
慢性型,疾病
急性期,疾病
相对剂量反应,检查
充血型,疾病
肿胀型,疾病
出血糜烂型,疾病
呼吸暂停症,疾病
EB病毒感染,疾病
气促,疾病
喘鸣,疾病
scimitar syndrome,疾病
PAH的辅酶-四氢生物蝶呤,疾病
严重RDS,疾病
PPHN,疾病
血管紧张素转化酶抑制剂,药物
血管紧张素受体拮抗剂,药物
螺内酯,药物
阿米洛利,药物
ARDS,疾病
溺水,疾病
气管和支气管异物,疾病
SIDS,疾病
小儿呼吸、心搏骤停,疾病
小儿呼吸心搏骤停,疾病
心搏骤停,疾病
集束化治疗策略,其他治疗
免疫疗法,其他治疗
严重的肺炎,疾病
梗阻性休克,疾病
休克,疾病
MOF,疾病
依托泊苷,药物
地塞米松,药物
长春地辛,药物
cytomegalic inclusion disease,疾病
HCMV肺炎,疾病
早发GBS感染,疾病
胸骨后疝,疾病
胸腹裂孔疝,疾病
JAS,疾病
IgA缺陷,疾病
C1脂酶抑制物缺陷,疾病
病因继发性免疫缺陷病,疾病
HIV感染,疾病
小儿AIDS,疾病
深部血肿,疾病
卡介苗,药物
APSGN,疾病
肌注呋塞米,药物
恶性神经鞘瘤,疾病
呼吸困难,疾病
HCM,疾病
轻型,疾病
重型,疾病
中间型,疾病
继发性含铁血黄素沉着症,疾病
SMA-Ⅰ型,疾病
SMA-Ⅱ型,疾病
限制性肺病,疾病
进行性肺不张,疾病
Ⅰ型,疾病
Ⅲ型,疾病
Ⅱ型,疾病
儿童阻塞性睡眠呼吸暂停综合征,疾病
儿童OSAS,疾病
小儿OSAS,疾病
OSAS,疾病
阻塞性呼吸暂停,疾病
屏气发作,疾病
先天性声门蹼,疾病
咽乳头状瘤,疾病
声带襞麻痹,疾病
极重度,疾病
多导睡眠图,检查
平滑肌肉瘤,疾病
血管（肺、脑、肾、肠系膜、脾动脉等）栓塞,疾病
IE,疾病
室间隔完整型肺动脉闭锁,疾病
恶性纤维组织细胞瘤,疾病
差异性发绀,症状
囊性纤维化,疾病
CF,疾病
环磷酰胺,药物
大型室间隔缺损,疾病
中型至大型缺损,疾病
肺出血-贤炎综合征,疾病
假丝酵母菌病,疾病
播散性假丝酵母菌病综合征和假丝酵母菌菌血症,疾病
假丝酵母菌,疾病
呼吸道假丝酵母菌病,疾病
特发性弥漫性肺间质纤维化,疾病
idiopathic diffuse interstitial fibrosis of the lung,疾病
FGR,疾病
潜伏结核感染,疾病
CMV,疾病
性气管支气管炎,疾病
重度出血,疾病
呼吸暂停,疾病
GER,疾病
咽后壁脓肿,疾病
喉气管支气管炎,疾病
酶联免疫吸附试验,检查
水钠潴留,疾病
肺动脉管道狭窄,疾病
周围肺动脉狭窄,疾病
血管炎综合征,疾病
变应性肉芽肿,疾病
原发性血管炎,疾病
锡中卟啉,药物
进行性代谢性酸中毒,疾病
酸中毒,疾病
磁共振影像,检查
NB,疾病
GNB混合型,疾病
荧光原位杂交法,检查
炎性病变,疾病
C反应蛋白,检查
抗中性粒细胞胞质抗体,检查
硫唑嘌呤,药物
先天性通气不足综合征,疾病
原发性肺泡换气不足,疾病
HD,疾病
婴儿型,疾病
间质性浆细胞肺炎,疾病
儿童型,疾病
肺炎衣原体,疾病
沙眼衣原体,疾病
混合感染,疾病
副流感病毒,疾病
卡他莫拉菌,疾病
流感病毒,疾病
呼吸道合胞病毒,疾病
腺病毒,疾病
肺炎克雷伯杆菌,疾病
巨细胞病毒,疾病
人偏肺病毒,疾病
博卡病毒,疾病
麻疹病毒,疾病
新型H1N1流感病毒,疾病
非典型菌,疾病
肺炎链球菌,疾病
B组溶血性链球菌,疾病
流感嗜血杆菌,疾病
金黄色葡萄球菌,疾病
百日咳杆菌,疾病
肺炎支原体,疾病
RSV,疾病
典型肺炎,疾病
bronchopneumonia,疾病
轻度缺氧,疾病
轻症肺炎,疾病
麻疹肺炎,疾病
肺炎链球菌感染,疾病
流感病毒感染,疾病
金黄色葡萄球菌感染,疾病
RSV感染,疾病
单纯呼吸性酸中毒,疾病
已失代偿并合并代谢性酸中毒,疾病
侵袭性肺炎链球菌感染,疾病
磺胺甲基异唑,其他
继发性肾小球疾病,疾病
幼儿型,疾病
聚合酶链反应,检查
渗出性胸膜炎,疾病
气管软化,疾病
吉兰-巴雷综合征,疾病
两性霉素B,药物
呼吸系统假丝酵母菌病,疾病
白色假丝酵母菌,疾病
全身性隐球菌病,疾病
新型隐球菌,疾病
IPA,疾病
Ⅰ度喉梗阻,疾病
Ⅱ度喉梗阻,疾病
Ⅲ度喉梗阻,疾病
Ⅳ度喉梗阻,疾病
Ⅱ度或Ⅱ度以上喉梗阻,疾病
内部浸润型肿瘤,疾病
4-氨基水杨酸,药物
malignant mesothelioma,疾病
呼吸道合胞病毒肺炎,疾病
ADV肺炎,疾病
闭塞性细支气管炎,疾病
合胞病毒RSV)肺炎,疾病
B0,疾病
新生儿呕吐,疾病
螺旋霉素,药物
感染性肺炎,疾病
卡氏肺囊虫,疾病
条件性致病菌,疾病
急性肺损伤急性呼吸窘迫综合征,疾病
无创机械通气,其他治疗
呼气末正压通气,其他治疗
ALI/ARDS,疾病
液体通气技术,其他治疗
体外膜肺技术,其他治疗
高频振荡通气,其他治疗
急性肺损伤,疾病
医源性直接肺损伤,疾病
呼吸机诱发肺损伤,疾病
呼吸机相关肺炎,疾病
泮库溴铵,药物
人粒细胞无形体病,疾病
HGA,疾病
严重狭窄,疾病
狭窄严重,疾病
严重肺动脉瓣狭窄,疾病
儿童支气管扩张,疾病
免疫缺陷,疾病
先天性,疾病
柱状支气管扩张症,疾病
囊状支气管扩张症,疾病
NAIT,疾病
血清乳酸脱氢酶,检查
Hecht巨细胞肺炎,疾病
继发性肺炎,疾病
糖皮质类固醇,药物
CD,疾病
5-ASA,药物
5-氨基水杨酸,药物
IDA,疾病
干性胸膜炎,疾病
肺泡性蛋白沉积症,疾病
pulmonary alveolar proteinosis,疾病
获得性或成人型 PAP,疾病
先天性 PAP,疾病
先天性PAP,疾病
获得性PAP,疾病
急慢性缺氧,疾病
阵发性缺氧发作,疾病
锁骨下动脉-肺动脉分流术,手术治疗
恶性间皮瘤,疾病
急性感染性疾病,疾病
真菌性肺炎,疾病
浆膜炎,疾病
JIA,疾病
非甾体类抗炎药,药物
甲氨蝶呤,药物
磁共振成像,检查
巨噬细胞活化,疾病
人蛔虫病,疾病
嗜酸性肺炎,疾病
过敏,疾病
生理纠治术,手术治疗
MCTD,疾病
上皮样肉瘤,疾病
自主神经症状,疾病
aspergillosis,疾病
肺曲霉病,疾病
曲霉性支气管-肺炎,疾病
球型肺曲霉病,疾病
侵袭性肺曲霉菌病,疾病
变态反应性曲霉病,疾病
全身性曲霉病,疾病
变应性肺曲霉病,疾病
血清半乳甘露聚糖(GM)抗原检测,检查
肺动脉分流术,手术治疗
前驱病毒感染,疾病
RS,疾病
中枢性呼吸衰竭,疾病
纤维结节,疾病
ALL,疾病
生后感染,疾病
CMV感染,疾病
围生期感染,疾病
HCMV感染,疾病
EH,疾病
囊性腺瘤样畸形,疾病
先天性肺叶气肿,疾病
肺发育不全或不发育,疾病
肺未发育或肺发育不全,疾病
蛔幼性肺炎,疾病
蛔虫性嗜酸性粒细胞性肺炎,疾病
Loffler综合征,疾病
非甾体抗炎药,药物
中性粒细胞胞浆抗体,检查
安美汀,药物
肺发育不良,疾病
宫内感染性肺炎,疾病
出生后感染性肺炎,疾病
单纯疱疹病毒性肺炎,疾病
金黄色葡萄球菌合并脓胸,疾病
急性粟粒性肺结核,疾病
急性全身粟粒性结核病,疾病
原发型肺结核,疾病
结核分枝杆菌血症,疾病
血管环,疾病
局限型,疾病
流感嗜血杆菌（Hi）肺炎,疾病
沙门菌肺炎,疾病
肺脓疡,疾病
革兰阴性杆菌肺炎,疾病
L型菌肺炎,疾病
婴儿肺炎链球菌肺炎,疾病
百日咳肺炎,疾病
广泛性毛细支气管炎,疾病
不全性Kartagener综合征,疾病
局灶性支气管扩张,疾病
鼻窦炎或下呼吸道感染,疾病
抗生素相关性腹泻,疾病
侵袭性细菌感染,疾病
"代谢性
酸中毒",疾病
侵袭性炎症病变,疾病
PCR,检查
聚合酶联反应,检查
克拉霉素,药物
meconium aspiration syndrome,疾病
酮症酸中毒,疾病
继发细菌感染,疾病
肺炎合并心力 衰竭,疾病
前降钙素,检查
肺炎合并心力衰竭,疾病
肺炎合并缺氧中毒性脑病,疾病
利巴韦林,药物
恶性间叶瘤,疾病
爽身粉吸入,疾病
食物和呕吐物吸入,疾病
急性Q热,疾病
慢性Q热,疾病
肺动脉吊带,疾病
内脏念珠菌病,疾病
念珠菌肺炎,疾病
念珠菌所致的变态反应,疾病
血清（1-1）-β-D-葡聚糖测定,检查
播散性假丝酵母菌病综合征,疾病
丝酵母菌性肺炎,疾病
假丝酵母菌菌血症,疾病
过敏性疾病,疾病
重症感染性疾病,疾病
酸碱平衡紊乱,疾病
新生儿高镁血症,疾病
混合性酸碱平衡紊乱,疾病
血二氧化碳分压降低,疾病
低氧,疾病
酸碱平衡呼吸性碱中毒,疾病
水杨酸中毒,疾病
CO中毒时呼吸加快,疾病
PaCO2降低,疾病
急性低碳酸血症,疾病
急性坏死型,疾病
朗格汉斯细胞组织细胞增生症,疾病
弥散性LCH,疾病
完全性肺静脉异位连接,疾病
肺静脉异位连接,疾病
心下型,疾病
发生巨细胞病毒感染,疾病
奴卡菌病,疾病
念珠菌感染,疾病
卡氏肺囊虫性肺炎,疾病
韦格肉芽肿,疾病
卡托普利,药物
甲泼尼龙,药物
普洛尔,药物
有肺出血的Goodpasture综合征,疾病
张力性气囊肿,疾病
恶性血管内皮瘤,疾病
Potter综合征,疾病
肺纤维增生,疾病
肺泡微石症,疾病
FD小儿,疾病
反转录聚合酶链反应,检查
加强长春新碱和放线菌素D,药物
阿莫西林,药物
微小病变型,疾病
水肿,疾病
呼吸道感染,疾病
血管紧张素转换酶抑制剂,药物
婴幼儿细菌性肺炎,疾病
原发假丝酵母菌性肺炎,疾病
假丝酵母菌性肺炎,疾病
肺孢子虫病,疾病
婴儿间质性浆细胞肺炎,疾病
淋巴细胞间质性肺炎,疾病
真菌感染性疾病,疾病
血液标本真菌细胞壁成分1，3-β-D葡聚糖抗原,检查
血液标本曲霉半乳甘露聚糖抗原（GM）检测,检查
侵袭性肺部真菌感染,疾病
浆液性胸膜炎,疾病
浆液纤维素性胸膜炎,疾病
浆液血性胸膜炎,疾病
FP,药物
ICS,药物
BDP,药物
轻中度咳喘,疾病
氟地卡松,药物
二丙酸倍氯米松,药物
孟鲁司特钠,药物
budesonide,药物
沙丁胺醇缓释片,药物
Meptin,药物
Bambec,药物
呼吸道病毒感染,疾病
慢性气道变应性炎症,疾病
急性哮喘,疾病
咳喘,疾病
婴幼儿呼吸道慢性感染,疾病
呼吸道局灶性感染,疾病
asthma,疾病
慢性气道炎症,疾病
气道慢性炎症性疾病,疾病
早期一过性喘息,疾病
呼吸道过敏,疾病
急性呼吸道病毒感染,疾病
咳嗽变异性哮喘,疾病
早期起病的持续性喘息,疾病
儿童过敏性哮喘,疾病
气道慢性特应性炎症,疾病
儿童哮喘,疾病
acute upper respiratory infection,疾病
急性呼吸道感染性疾病,疾病
C-反应蛋白,检查
降钙素原,检查
流感,疾病
变应性鼻炎,疾病
病毒性上呼吸道感染,疾病
细菌性上呼吸道感染,疾病
曲霉菌病,疾病
曲霉菌,疾病
侵袭性曲霉菌病,疾病
过敏性支气管肺曲霉菌病,疾病
急性肺部曲霉菌病,疾病
侵袭性曲霉菌,疾病
同位素检查,检查
MG,疾病
新生儿一过性重症肌无力,疾病
呼吸道合胞病毒性肺炎,疾病
新生儿感染性肺炎,疾病
大肠埃希菌等肠道杆菌肺炎,疾病
GBS肺炎,疾病
李斯特菌肺炎,疾病
呼吸急促,
胸闷,
0.25%苯酚作防腐剂,
23—Valent pneumococcal polysaccharide vaccine,
乙类OTC,
23价肺炎球菌多糖,
Pneumococcal Vaccine Polyvalent,
Polysaccharide polyvalent Pneumococcal Vaccine,
呼吸道感染,
国家基本用药； 医保药品,
寒战,
有：活性成份：纯化肺炎球菌荚膜多糖：1,
氯化钠,
分离,
发热,
甲类OTC,
疫苗,
磷,
磷酸一钠,
糖,
磷酸二钠,
血管神经性水肿,
苯酚,
过敏反应,
过敏,
过敏样反应,
头痛,
肌痛,
肌痛神经系统头痛,
肺炎球菌多糖疫苗,
荨麻疹,疾病
刺痛,
计算机体层摄影CT检查,
消旋山莨菪碱,
叔胺基酯类合成抗胆碱药,
益气/其他中成药,
A—V现象,
呼吸道,
化脓性链球菌感染,
呼吸暂停,
低热,
发绀,
流感,
呼噜音,
抗生素,
新生儿,
缺氧,
青霉素,
B链球菌群,
细菌培养,
高热,
血管增生,
血管壁变薄,
Salbutamol Sulfate Sustained Capsules,
平喘药及慢阻肺用药,
硫酸沙丁胺醇,
支气管痉挛,
Goodpasture syndrome,
内科,
反复咯血,
可致,
毒综合征肺的出血,
窒息,
肺活检,
气管镜检查,
抗肾小球基底膜（GBM）抗体,
肺出血—肾炎综合征,
肾活检,
血清学检查,
代谢性碱中毒,疾病
酸中毒,
呼吸困难,
呼吸困难等,
HIV患者,
咳嗽,
干咳,
呼吸内科,
肺动脉栓塞综合征,
肺动脉,
回避疗法,
特异性试验,
过敏原的免疫治疗,
患特应性疾病的患者,
由IgE抗体介导的超敏反应,
15岁前患者,
Kartagener syndrome,
内脏逆位－鼻窦炎－支气管扩张综合征,
反复咳嗽,
可能为隐性或显性遗传,
发绀等,
咳痰,
传导性耳聋,
不孕症,疾病
咳脓痰带血丝,
家族性支气管扩张,
流涕,
头昏,
耳聋,疾病
Marie—Bamberger syndrome,
杵状指,
实验室检查,
结节,
X线检查,
全身性肥大性骨关节病,
慢性肺性骨关节病,
肺,
肺癌等,
肺性肥大性骨关节病,
肿胀,
乳腺癌,疾病
止痛治疗,
肩痛,
眼裂缩小等,
音哑,
原发肿瘤的治疗,
食管癌等引起,
肺尖肿瘤综合征,
上肢麻木,
麻木,
屠宰场工人,
分子生物学检测,
动物接种和病原体分离,
伯纳特立克次体引起,
压痛,
关节疼痛,
乏力,
疼痛,疾病
出汗,
疲倦,
痰液化验,
病原学检查,
肌痛与间质性肺炎,
心脏杂音,
皮疹,疾病
血液化验,
肝脏肿大,
肝脾肿大,
食欲减退,
食欲缺乏,
长期不规则发热,
第一代头孢菌素,
SMZco（Compound Sulfamethoxazole Tablets）,
光敏,
中性粒细胞减少症,疾病
呕吐,
剥脱性皮炎,
咽痛,
恶心,
多形红斑,疾病
幻觉,
甲氧苄啶,
磺胺药,
粒细胞缺乏症,
粒细胞缺乏,
细菌感染,
红斑,
粒细胞减少,
结晶尿,
腹泻,疾病
药物热,疾病
药疹,疾病
血清病样反应,
错乱,
非典,
下呼吸道坏死性肉芽肿,
X线,
纵膈感染,
肿块,
α1—antitrypsin deficiency,
常染色体遗传,
α1 抗胰蛋白酶表型检测,
E88.0,
α—1 抗胰蛋白酶,
尿色深肝肿大门脉高压症等,
患者易并发肝炎,
喘息,
肝肿大,
呕吐呼吸困难头痛,
气促,
哌拉西林和舒巴坦,
广谱青霉素/β—内酰胺酶抑制剂,
Levofloxacin Hydrochloride Capsules,
Levofloxacin Hydrochloride Tablets,
喹诺酮类,
左氧氟沙星,
氟喹诺酮类/氟喹诺酮,
盐酸左氧氟沙星,
白细胞减少,
白细胞减少症,
喉头水肿,
祛痰,
痰盛喘咳,
吸入过多含碳物质燃烧不完全的产物所致,
carbon monoxide poisoning,
口唇呈樱桃红色,
救治措施,
治疗用药,
煤气中毒,
血中碳氧血红蛋白测定,
呼吸异常,
肺功能,
紫绀,
一般摄片不能观察脏器的功能状态,
摄片工序较烦琐，一般不能立即得到结果,
低氧,
呼吸抑制,
发热（0.3%）,
克林霉素磷酸酯,
Clindamycin Phosphate Injection,
嗜酸性粒细胞增多,
1ml：20mg,
丁溴东莨菪碱,
解痉药,
喉水肿,
镇咳平喘,
肺热咳嗽,
23F型各2μg；各型多糖,
各型多糖共16μg（多糖总量）：6B型4μg,
Pneumococcal 7—Valent Conjugate Vaccine,
喘鸣,
CRM197载体蛋白结合后吸附于磷酸铝佐剂（0.5mg）,
疫苗/抗血清/免疫制剂,
注射用水,
年龄,
肺炎链球菌性肺炎,
中医清肺,
急慢性支气管炎,
用于肺热性咳嗽,
用于肺热咳嗽,
气喘,
SEVOFRANE（Sevoflurane）,
心动过速,
心动过缓,
心律不齐,
支气管哮喘样发作,
过度呼吸,
血压下降,
过度换气,
过敏症,
IloprostSolutionforInhalation,
咳嗽加重,
嗜酸性细胞增多症,
嗜酸性细胞增多,
大环内酯类,
乙酰吉他霉素,
过敏性皮疹,
Vecuronium Bromide for Injection,
无力,
类过敏反应,
肌无力,
麻痹,
体重减轻,
厌食,
味觉改变,
国家基本用药； 注射剂为国家医保药物,
干燥,
感觉异常,
心律失常,疾病
重组人干扰素α2a,
瘙痒症,疾病
白细胞降低,
皮肤瘙痒,
Gatifloxacin for Injection,
加替沙星,
味觉丧失,
斑丘疹,
过度通气,
胸骨下胸痛,
低钾,
Salbutamol Sulphate Aerosol,
Salbutamol Sulfate Solution for inhalation,
兴奋,
刺激,
低血压,疾病
亢进,
医保药品,
室上性心动过速,
房颤,疾病
心悸,
多动,
排尿困难,
外用药品,
早搏,疾病
心肌缺血,疾病
外用药物,
沙丁胺醇,
激动,
胃肠道反应,
痉挛,
神经性水肿,
紧张,
虚脱,疾病
血管扩张,
Cefaclor Dispersible Tablets,
血管舒张,
震颤,
肌肉痉挛,疾病
麻醉用药,
头孢克洛,
第二代头孢菌素,
呼吸浅,
气短,
抗结核病药,
布地奈德,
丘疹,
荨麻疹样,
全血细胞减少,
光敏反应,
口腔念珠菌感染,
发热（26%）,
恶心（25%）,
恶心（23%）,
黄疸,疾病
白细胞减低,
糖肽类抗菌药,
盐酸去甲万古霉素,
琥乙红霉素（红霉素的琥珀酸乙酯）,
琥乙红霉素,
呼吸减慢,
血管水肿,
严重甚至呼吸困难,
口服，一次3～4片，一日2～3次,
久咳痰多,
咯吐不利,
肺失宣降所致的咳嗽咯痰,
用于邪热蕴肺或痰热郁肺,
止咳,
口服，一次3片，一日3次,
处方药,
每片重0.45g,
平喘,
薄膜衣片，除去包衣显棕褐色至棕黑色,
镇咳,
用于慢性支气管炎,
祛痰剂—温化寒痰剂,
咳嗽喘逆,
温肺化痰,
口服，一次10克，一日3次,
化痰止咳,
白芥子（炒）,
紫苏子（炒）,
每瓶装200克，每克膏相当于总药量1克,
咯痰,
用于痰湿咳嗽,
遮光，密闭保存,
中成药,
苦杏仁,
桑白皮,
严禁静脉推注,
个别患者调整滴速后仍有胸闷感，禁止滴注,
呼吸短促,
鱼腥草,
抗真菌药,
清化热痰,
口服，一次14～20克，一日3次,
对本品过敏者禁用，过敏体质者慎用,
用于痰热咳嗽,
服用三天病证无改善，应停止服用，去医院就诊,
清热润肺,
J06.9,
upper respiratory tract infection,
呼吸不畅,
中医中药治疗,
URI,
充血,
主要为鼻部症状,
从而诱发本病,
受凉,
免疫功能低下或患有慢性呼吸道疾病的患者,
咽干,
声嘶,
喷嚏,
多发性和未特指部位的急性上呼吸道感染,
急性病毒性咽炎或喉炎,
流清水样鼻涕,
幼,
明显咽痛,
细菌性咽—扁桃体炎,
血常规,
轻度畏寒,
病因治疗,
儿童,
上气道,
上气道异物,
气急,
假膜形成,
听诊可闻及喘鸣音,
俯卧位,
气急等,
咽部水肿,
机械通气的气道管理,
突发性严重呼吸困难,
气管切开术,
鼻咽通气管,
鼻连续正压呼吸机,
口服，一次3粒，一日2次,
每粒装0.35克,
CT表现,
X片表现,
病变处可见丘疹或结节,
"急性或亚急性呼吸困难,面颈肿胀,咳嗽,头痛头胀,恶心",
"血栓形成纤维化,外部压迫,肿瘤侵犯",
上腔静脉血栓形成,
上腔静脉阻塞综合征,
上肢和面部水肿,
上腔静脉造影,
恶性肿瘤侵犯或压迫上腔静脉,
声音嘶哑,
纵隔的原发的或转移性肿瘤,
颈部和胸壁静脉扩张,
不动杆菌,
Acinetobacter Infection,
A49.8,
未特指部位的细菌性感染,
渗出,
不动杆菌院内感染所致,
咳嗽剧烈,
呼吸机管道等传播,
湿化瓶,
痰黏稠,
有,
畏食,
面罩,
通过呼吸道人工管道和雾化器,
长期住院或机体抵抗力降低患者,
Sparfloxacin Tablets,
司帕沙星,
氟喹诺酮类,
浮肿,
间质性肺炎,
嗜酸细胞增多,
头孢地尼,
第三代头孢菌素,
胸部压迫感,
胸部X线异常,
乳酸环丙沙星,
氟喹诺酮类/抗感染药/氟喹诺酮,
胸部烧灼感,
丘疹坏死性结核,
结核分枝杆菌感染,
100ml：20g,
丙氨酰谷氨酰胺,
短暂的呼吸暂停,
丙泊酚,
加强监护病人接受机械通气时的镇静,
丙酸交沙霉素,
丙酸倍氯米松,
Beclometasone Dipropionate Aerosol,
变态反应,
Bedometasone Dipropionate Aerosol,
Beclomethasone Dipropionate Aerosol,
刺激感,
咽部干燥或烧灼感,
口干,疾病
外用软膏、吸入剂为国家医保药物,
烧灼感,
糖皮质类激素类,
鼻出血,
不适,
BeclomethasoneDipropionatePowderInhalation,
分散剂,
常见,
关节痛,
Fluticasone Propionate Inhaled Aerosol,
消化不良,
睡眠紊乱,
易激惹,
氨茶碱,
盐酸溴己新,
茶碱,
咳嗽多痰,
开水冲服，一次11g，一日1～2次,
棕黄色至棕褐色的颗粒,
枇杷叶,
M受体阻断药,
Dexamethasone Palmitate Injection,
糖皮质激素类,
地塞米松棕榈酸酯,
Gatifloxacin and Glucose Injection,
氟罗沙星,
超敏反应,
药热,
Roxithromycin Dispersible Tablets,
罗红霉素,
Middle East respiratory syndrome,
"传染性病原体引起的肺炎,不可归类在他处者",
MERS,
呼吸科,
J16.8,
新型冠状病毒感染引起,
发热伴畏寒寒战,
密切接触,
恶心呕吐,
肌肉酸痛,
Brock综合征或Graham—Burford—Mayer综合征,
middle lobe syndrome,
原发性或转移性淋巴瘤肿大压迫等,
支气管,
肺部可闻及湿啰音,
疲劳,
胸外科,
有时伴咯血或发热,
非特异性炎症或结核性淋巴结肿大压迫,
格拉司琼,
Azithromycin and Glucose Injection,
阿奇霉素,
盐酸洛美沙星,
Doxofylline and Glucose Injection,
多索茶碱,
抗生素治疗,
Fudosteine Tablets,
祛痰药,
福多司坦,
青霉素类,
嗜酸粒细胞增多,
头孢哌酮钠,
Ceftazidime for Injection,
舒巴坦钠,
头孢他啶,
憋气,
静脉炎,疾病
咽痛，声音嘶哑,
嗜酸性粒细胞增生,
支气管痉挛/哮喘,
肺浸润，口腔炎,
本品性状发生改变时禁止使用,
每袋装15克,
口服，一次15～30克，一日2次,
丹皮酚磺酸钠,
口服，一次5g，一日3次，四周为一疗程,
内科用药,
医保工伤用药,
密闭，防潮,
味甜、微苦,
川芎,
枳壳,中草药
每袋装10g,
素体虚寒者慎用,
葶苈子,
麻黄（蜜炙）,
一次5片，一日3次，饭后服用,
每片重0.3g,
薄膜衣片，除去薄膜衣后显棕褐色,
瓜蒌皮,
主—肺动脉窗,
Aortico—pulmonary septal defect,
Q21.4,
易患呼吸系感染和发育不良等,
Cefuroxime Sodium for Injection,
头孢呋辛钠,
氢溴酸右美沙芬,
愈创木酚甘油醚100毫克,
止咳祛痰和感冒药,
氢溴酸右美沙芬15毫克,
重组人干扰素γ,
Azithromycin Dispersible Tablets,
克拉霉素,
呼吸窘迫综合征,
栓塞,
抗病毒药,
白细胞下降,
面潮红,
盐酸伪麻黄碱,
Netilmicin Sulfate for Injection,
氨基糖苷类,
咳嗽，均轻微,
Cefixime Capsules,
呼吸缓慢或急促,
用于肺虚久咳,
中性粒细胞缺乏,
其它抗生素,
Vinorelbine Tartrate for Injection,
酒石酸长春瑞滨,
Roxithromycin Granules,
胸水,
Gatifloxacin Mesilate Tablets,
甲磺酸加替沙星,
喉痉挛,
哮鸣,
Gatifloxacin Injection,
Gatifloxacin and Sodium Chloride Injection,
他唑巴坦0.25g,
抗菌药的复方制剂,
头孢哌酮2.0g,
铜绿假单胞菌,
眼睑和/或唇水肿,
血栓形成,
Azithromycin for Suspension,
Ambroxol Hydrochloride Oral Solution,
盐酸氨溴索,
粘液溶解剂,
氟喹诺酮,
细菌,
纳差,
体重下降,
4.4%,
恶心和呕吐,
安慰剂对照,
肺表面活性剂/其它呼吸系统用药,
肝酶升高,
随机,
血小板减少症,疾病
腹痛,疾病
利福平,
利福平0.12g,
异烟肼,
异烟肼0.12g,
皮疹，血小板减少,
盐酸乙胺丁醇0.25g,
盐酸乙胺丁醇,
发热。罕见：过敏,
吡嗪酰胺200mg,
吡嗪酰胺,
异烟肼37.5mg,
每片含利福平75mg,
盐酸乙胺丁醇137.5mg,
食欲不振,
针刺感,
0.6g,
乙酰半胱氨酸,
24个月,
Acetylcysteine Effervescent Tablets,
其它全身用抗哮喘药,
恶心、呕吐,
痰液,
治疗分泌大量浓稠痰液的慢性阻塞性肺病（COPD）,
白色或类白色片,
胱氨酸,
解毒药,
20ml：4g,
Acetylcysteine Injection,
密闭保存,
偶可见面潮红,
本品不得与氧化性药物包括金属离子、抗生素等配伍,
头晕头痛,
无色澄明液体,
头晕,
本品未经稀释不得进行注射,
氨苄青霉素,
潮红,
红霉素乳糖酸盐,
24个月（二年）,
铜等金属及橡胶,
乙酰半胱氨酸0.2克,
分泌大量粘稠痰液的慢性阻塞性肺病（COPD）,
Acetylcysteine Tablets,
成人：口服，一次0.6g（1片），一日1—2次，或遵医嘱,
慢性支气管炎（CB）,
对乙酰半胱氨酸过敏者禁用,
白色薄膜衣片，除去包衣后显白色,
头孢菌素,
肺气肿（PE）等慢性呼吸感染的祛痰治疗,
0.2g,
糜蛋白酶,
遮光、密封，在干燥处保存,
Acetylcysteine Capsules,
工伤医保乙类双跨,
口服,
腹部不适,
对本品过敏者禁用,
密封，在阴凉（不超过20℃）干燥处保存,
成人，每次0.2g，每日2～3次,
慢性支气管炎急性发作,
支气管哮喘患者慎用或禁用,
过多,
本品内容物为白色颗粒,
是乙酰半胱氨酸,
36个月（三年）,
浓稠痰粘液过多的呼吸系统疾病：急性支气管炎,
OTC甲类,
乙酰半胱氨酸0.1克,
哮喘患者禁用,
Acetylcysteine Granules,
慢性支气管炎等咳嗽有粘痰而不易咳出的患者,
橙色可溶性细颗粒，气芳香，味甜,
甘露醇,
Acetylkitasamycin Troches,
遮光，密封，在干燥处保存,
吉他霉素,
抗生素类,
对本品及其他大环内酯类药物过敏者禁用,
肺炎球菌,
表皮葡萄球菌引起的上下呼吸道感染,
Acetylspiramycin Tablets,
乙酰螺旋霉素,
中度感染,
Aceiylspiramycin Tablets,
乙酰螺旋霉素本品为单乙酰螺旋毒素II,
中乙酰螺旋霉素III,
单乙酰螺旋毒素II,
单乙酰螺旋霉素II,
单乙酰螺旋霉素III,
双乙酰螺旋霉素II,
双乙酰螺旋霉素III四个组分为主的混合物,
双乙酰螺旋霉素III,
国家基本用药,
双乙酰螺旋霉素III四个组份为主的混合物,
密封，在凉暗（避光并不超过20℃）干燥处保存,
对本品、红霉素及其他大环内酯类过敏的患者禁用,
敏感,
本品为单乙酰螺旋霉素II,
敏感葡萄球菌,
肺炎链球菌所致的轻,
糖衣片，除去包衣后，显类白色或微黄色,
Aceiylspiramycin Capsules,
Acetylspiramycin Capsules,
葡萄球菌,
链球菌属,
国家基本用药； 口服常释剂型为国家医保药物,
胶囊剂,
Acetylmidecamycin For Suspension,
麦迪霉素,
咳嗽日久不已,
久咳肺虚证,
敛肺止咳,
固涩剂—敛肺止咳剂,
甚则气喘自汗,
咳吐黄痰,
排出黏液,
儿科,
milk aspiration pneumonia,
喘,
吞咽障碍,
食管功能不全,
食管畸形,
严重腭裂、免唇,
结核杆菌感染,
Clarithromycin Lactobionate Capsules,
乳糖酸克拉霉素,
对大环内酯类抗生素过敏者禁用,
对其敏感的致病菌引起的下列感染,
特非那丁,
甲泼尼龙,
胶囊剂，内容物为白色或类白色的粉末或颗粒,
环孢菌素,
Azithromycin Lactobionate Injection,
医保药品； 国家基本药物,
麦角生物碱,
乳糖酸阿奇霉素,
卡他摩拉菌,
嗜肺军团菌,
敏感病原体所引起的下列感染：1.由肺炎衣原体,
流感嗜血杆菌,
金黄色葡萄球菌,
I89.8,
B型超声检查,
chylothorax,
手术治疗,
淋巴管造影,
外伤；阻塞；先天性胸导管发育不全或形成瘘管,
淋巴管和淋巴结的非感染性疾患,
外伤,
积液多时呼吸困难,
胸膜腔,
消瘦,
胸部X线检查,
胸腔穿刺抽液引流,
胸腔穿刺液检查,
给予相关病因治疗,
100ml：加替沙星0.2g和氯化钠0.9g,
Gatifloxacin Lactate And Sodium Chloride Injection,
副流感嗜血杆菌,
变形杆菌,
卡他莫拉菌或金黄色葡萄球菌所致,
合成抗菌药,
微黄绿色的澄明液体,
本品禁用于对加替沙星或喹诺酮类药物过敏者,
详见说明书,
静脉滴注，每次400mg，每天一次,
Sparfloxacin Lactate Tablets,
剥落性皮炎,
咳嗽加剧,
咳血,
喉头痉挛,
喉或肺水肿,
本品与茶碱,
由敏感菌引起的轻,
中度感染：呼吸系统感染：急性支气管炎,
乳酸左氧氟沙星,
Levofloxacin Lactate Dispersible Tablets,
光过敏,
发热感,
弥漫性细支气管炎,
慢性支气管炎急性期发作,
支气管扩张合并感染,
有中枢神经系统疾病及有癫痫病史患者应慎用,
氧氟沙星,
敏感细菌所引起的下列轻,
类白色至微黄色片,
1,
3,
2,
5,
Levofloxacin Lactate and Chloride Sodium Injection,
Levofloxacin Lactate and Sodium Chloride Injertion,
Levofloxacin Lactate and Sodium Chloride Injection,
倦怠,
光敏/光毒性反应,
多形性红斑,
基本药物,
头晕6,
左氧氟沙星0.1g,
所用辅料为注射用水,
敏感细菌所引起的下列中,
本品为复方制剂,
氯化钠0.9g,
注射剂为国家医保药物,
淡黄绿色的澄明液体,
胸痛1,
重度感染：呼吸系统感染：急性支气管炎,
重症肌无力恶化,
Levofloxacin Lactate Injection,
非处方药 医保,
有中枢神经系统疾病患者慎用,
肾功能不全者应减量或慎用,
遮光，密闭，在阴凉（不超过20℃）干燥处保存,
Levofloxacine Lactate Tablets,
Levofloxacin Lactate Tablets,
对本品及氟喹诺酮类药过敏的患者禁用,
薄膜衣片，除去薄膜衣后显类白色或微黄色,
Levof Loxacin Lactate Capsules,
Daphntaixin（Levofloxacin Lactate Capsules）,
口服，成人每次0.1～0.2g，每日二次，或遵医嘱,
敏感革兰氏阴性菌,
Levofloxacin Lactate and Glucose Injection,
革兰氏阳性性细菌引起的轻,
头痛等症状；皮疹,
弥漫性支气管炎,
呼吸深大,
100ml：0.2g,
200ml：0.4g,
下列致病菌：大肠杆菌（包括继发菌血症）,
乳酸环丙沙星氯化钠,
以下致病菌：大肠杆菌,
其它抗菌药,
呼吸窘迫,
心肺功能停止,
环丙沙星0.2g,
对本品及任何氟喹诺酮类药物有过敏史的患者禁用,
无色或几乎无色的澄明液体,
气急等肺水肿,
用于支气管炎,
对本品或含本品药物过敏者禁用,
二乙酰氨乙酸乙二胺,
力嘎都,
Ershiwuwei Feibing Wan,
宽筋藤,中草药
无茎芥,
悬钩木,
山柰,中草药
巴夏嘎,
檀香,中草药
木香,中草药
榜嘎,
毛诃子,中草药
沙棘膏,
牛黄,
甘肃蚤缀,
獐牙菜,
白花龙胆,
红花,中草药
藏木香,
肉果草,
石灰华,
铁棒锤,
香旱芹,
龙胆,
馀甘子,中草药
口服，一次3粒，一日3次,
气微，味苦,
宣肺化痰,
止咳平喘,
每粒装0.3g,
清热消炎,
密封,
用于肺邪病引起的咳痰不止,
悬构木,
牛黄等25味,
胶囊剂，内容物为灰褐色的粉末,
肺热,
瓜蒌,
桑白皮（蜜炙）,
瓜蒌子,
瓜蒌子（炒）,
甘草（蜜炙）,
久咳不止,
二母宁嗽成方川贝母,
Ermu Ningsou Pian,
口服，一次4片，一日2次,
孕妇禁用,
每片重0.55克,
清肺润燥,
用于燥热蕴肺所致的咳嗽,
痰黄而粘不易咳出,
甘草（炙）,
胸闷气促,
一次1袋，一日2次,
味甜，微苦,
尚不明确,
棕黄色颗粒,
栀子（炒）,
每袋装10克,
儿童、孕妇、体质虚弱者慎用,
用于咳嗽痰黄,
口服，一次1丸，一日2次,
儿童必须在成人监护下使用,
忌食辛辣、油腻食物,
如正在使用其他药品，使用本品前请咨询医师或药师,
每丸重9克,
润肺止咳,
风寒咳嗽、脾胃虚寒者忌服,
清热化痰,
痰涎壅盛,
动脉血气,
吸入过量的NO2,
双肺大量湿性啰音,
发绀明显,
nitrogen dioxide er yang hua dan zhongdu,
对症与支持处理,
咳白色或血性泡沫痰,
急性中毒,
急诊科,
意识障碍,疾病
慢性中毒,
抽搐,
治疗肺水肿,
昏迷等,
胸片,
解除支气管痉挛,
痰中带血丝,
急性肺水肿和死亡等,
老人和呼吸系统疾病患者,
sulfur dioxide poisoning eryanghualiu zhongdu,
虚弱,
打喷嚏,
胸X线片,
T59.1,
亚硫酸酐中毒,
外周血,
躁动,
流泪,
T59.7,
carbon dioxide poisoning,
气体、烟雾和蒸气的毒性效应,
违章操作或意外事故接触二氧化硫,
高压氧治疗,
迅速出现谵妄,
小儿呼吸衰竭,
血,
呼吸变慢变浅,
吸入大量二硫化碳,
100ml：二羟丙茶碱0.25g与氯化钠0.9g,
Diprophylline and Sodium Chloride Injection,
二羟丙茶碱,
喘息型支气管炎,
惊厥,
心源性肺水肿引起的哮喘,
易激动,
心跳骤停,
Oiprophylline Injection,
2ml：0.25g,
Diprophylline Injection,
36个月,
茶碱类,
失眠，心动过速,
呕吐．易激动,
局部疼痛,
心率增快,
无色的澄明液体,
烦躁,
水,
盐酸,
甚至可发生发热,
黄嘌呤类,
0.2克,
Diprophylline Tablets,
胃部不适,
OTC甲类双跨,
二羟丙茶碱0.2克,
口服，成人一次0.1～0.2克（0.5～1片），一日3次,
对其他茶碱类药品过敏者禁用,
密封，在干燥处保存,
林可霉素,
请将本品放在儿童不能接触的地方,
白色片,
Er Qiang Bing Cha Jian Pu Tao Tang Zhu She Ye,
250ml：二羟丙茶碱0.25g与葡萄糖12.5g,
暂定1年,
静脉滴注，一次0.25—0.75g,
避光，密闭，在凉暗处保存,
咳嗽痰多,
祛痰剂—燥湿化痰,
支气管扩张咯血,
Yuncao Shufei Koufuye,
肺热痰嗽,
Wujia Qiju Keli,
补益肺肾,
止咳定喘,
用于肺热久咳,
慢性支气管炎见上述证候者,
肺痨咳嗽,
关木通,中草药
Roxithromycin Capsules,
很少见，偶见皮疹、荨麻疹或哮喘等过敏反应,
很少见，偶见皮疹、荨麻疹或哮喘等其他过敏反应,
广谱青霉素,
Azithromycin Injection,
口腔念珠菌病,疾病
高铁血红蛋白血症,
氰化物中毒解毒药,
嗜酸粒细胞增多症,
交沙霉素,
Josamycin Tablets,
对本品、红霉素或其他大环内酯类抗生素过敏者禁用,
糖衣片，除去糖衣后显白色或类白色,
胶囊剂，内容物为白色或类白色粉末,
产后喘急,
产妇,
气粗胸胀或多咳嗽,
寒邪犯肺,
或气粗胸胀或多咳嗽,
嗅觉丧失,
一次30粒，一日2次，八岁以内小儿酌减,
化橘红（盐炙）,
五味子（醋炙）,
半夏曲（麸炒）,
半夏,中草药
咳嗽痰盛,
宣肺止咳,
Jingzhi Kesou Tanchuan Wan,
半夏曲,
旋复花,中草药
平喘药及慢阻肺用药/其他中成药,
每100粒重21g,
橘红,中草药
气促哮喘,
海浮石,
海浮石（煅）,
款冬花（蜜炙）,
痰热阻肺,
煅蛤壳粉,
白色的浓缩水丸，除去外衣显灰绿色,
百部（蜜炙）,
老年痰喘,
紫菀,
紫苏子,
祛痰定喘,
罂粟壳（蜜炙）,
苦杏仁（去皮炒）,
蛤壳,
马兜铃（蜜炙）,
远志（炒焦）,
Netilmicin Sulfate Injection,
具杏仁香气，味甜，辛凉,
化橘红,中草药
忌烟、酒及辛辣、生冷、油腻食物,
本品适用于伤风咳嗽,
杏仁水,
每瓶装150毫升,
棕褐色稠厚的半流体,
润肺化痰,
痰多气喘,
痰稠,
糖尿病患者忌用,
薄荷脑,
Cefpodoxime Proxetil Capsules,
头孢泊肟酯,
用于肺痿劳热,
气短喘促等症,
津液亏损引起的虚劳久嗽,
止嗽定喘,
用于肺气虚弱,
益气补肺,
补肺平喘,
肺虚喘咳,
甲硝唑0.2g,
甲硝唑200mg,
人禽流感,
influenza in birds,
人感染高致病性禽流感,
人禽流行性感冒,
全身不适,
J09,
avian—human influenza,
可伴有头痛等全身不适,
包括发热,
流感样症状,
禽流感病毒,
禽流感,
直接接触禽类或其排泄物污染的物品,
环境而感染,
老年男性,
脓毒血症,
头孢丙烯（C18H19N3O5S）,
头孢丙烯,
胸部不适,
Compound Salbutamol Sulfate Aerosol,
呼吸紊乱,
COPD症状恶化,
分泌物变干,
气雾刺激,
痰量增加,
矛盾性支气管痉挛,
面部血管水肿,
Gendicine（Recombinant Human P53 Adv Injection）,
Cefadroxil Capsules,
头孢羟氨苄,
皮疹等过敏反应,
Aztreonam for Injection,
肺实质异常,
胸压迫感,
胸部紧迫感,
注射用哌拉西林钠他唑巴坦钠,
哌拉西林钠,
用于咯血,
盐酸头孢他美酯,
Mecobalamin Injection,
呼吸变得深而快,
呼吸系统表现为呼吸加快加深,
全身性荨麻疹,
Salbutamol Orally Disintegrating Tablets,
呼吸功能不全,
三唑衍生物,
伊曲康唑,
真菌感染,
ltraconazole Injection,
丙二醇,
唑类,
开放,
0.1g,
苯巴比妥,
他克莫司,
地塞米松,
密封，在阴凉、干燥处保存,
粉、蓝色胶囊，内容物为类白色丸状颗粒,
西咪替丁,
茚地那韦,
室温保存（15～25℃）,
Gefitinib Tablets,
其它氨基糖苷类,
中性白细胞减少,
QT间期延长,
Ambroxol Hydrochloride Injection,
咳痰带血,
干咳少痰,
用于肺热燥咳,
新疆贝母,
性微寒,
贝母,
阴虚劳嗽,
Cefuroxime Axetil Tablets,
嗜中性粒细胞减少,
头孢呋辛酯,
胆红素升高,
血胆红素升高,
发热（5.7%）,
伏立康唑,
Voriconazole Tablets,
寒战（3.7%）,
200mg薄膜衣片,
皮疹（5.3%）,
50mg薄膜衣片,
Vfend（Voriconazole Tablets）,
中毒性表皮坏死,
光敏性皮肤反应,
可能威胁生命的感染,
吐血,
呼吸功能紊乱,
呼吸系统异常,
呕血,
多中心,
奎尼丁,
畏光,
角膜混浊,
角膜结膜炎,
阿司咪唑,
VoriconazoleCapsules,
50mg,
可能威胁生命的感染的患者,
呼吸窘迫综合症,
本品内容物为白色或类白色颗粒,
胸部X片异常,
口唇或指端发绀,
溶血性链球菌等感染,
外周循环衰竭,
口唇或指端发绀等,
四肢厥冷,
肺炎链球菌,
神志改变,
脉搏细速,
淡漠,
面色苍白,
苍白,
Dexamethasone Sodium Phosphate for Injection,
下肢浮肿,
低血钾,
低血钾综合征,
体重增加,
地塞米松磷酸钠,
易出血倾向,
炎症,
软弱,
骨质疏松症,疾病
Ornidazole Injection,
血清钾浓度升高,
23价肺炎球菌多糖疫苗,
呼吸暂停15%,
咳嗽增加,
咳嗽增多,
喉痉挛（50%）,
窒息（35%）,
其它头孢菌素和青霉烯类,
恶心，血管性水肿,
氨苄西林,
氨苄西林钠,
皮肤反应,
肝功能异常,
血小板减小,
Vinorelbine Bitartrate for Injection,
醋酸地塞米松,
醋酸地塞米松0.75毫克,
新生儿和婴幼儿：呼吸困难甚至喉梗阻,
异物感,
J38.7,
"声带和喉疾病,不可归类在他处者",
乙型流行性感冒杆菌感染,
epiglottitis,
J05.1,
咽喉,
声嘶和气急,
流涎,
锁骨上,
高热等,
急性声门上喉炎,
急性梗阻性喉炎[哮吼]和会厌炎,
斑疹,
上呼吸道异常,
肺部异常,
喉痒咳嗽,
咳嗽痰清稀,
及上呼吸道感染,
愈创木酚磺酸钾,
盐酸异丙嗪,
Beclomethasone Dipropionate,
丙酸倍氯米松50微克,
LDH升高,
高血钾,
重者口唇发绀,
R09.0,
hypoxemia；mionecticblood,
血氧饱和度下降,
无,
氧疗,
血氧分压,
高压氧舱治疗,
累及循环和呼吸系统的症状和体征,
医保药品； 口服常释剂型为国家基本药物,
哮喘样发作,
Levodropropizine Granules,
其它止咳药,
强迫性体位,
被动体位,
被迫体位,
Moxifloxacin Hydrochloride Injection,
盐酸莫西沙星,
Procaterol Hydrochloride Aerosol,
帕珠沙星,
每瓶含甘草酸单铵80mg,
妥布霉素,
地塞米松1.0mg；其辅料为羟丙甲纤维素,
妥布霉素3.0mg,
皮质激素的单方制剂,
味觉异常,
美洛西林钠,
美洛西林1.0g,
药物性发热,
呼吸兴奋剂,
Doxapram Hydrochloride Injection,
口服，一次4～5片，一日3次,
抗菌剂,
Isepamicin Sulfate Injection,
浆膜炎,
白细胞增多,
肌痛/肌炎,
过敏反应如哮喘,
毒性表皮坏死松解,
Etomidate Injection,
10ml：20mg,
依托咪酯,
6个月以内的新生儿和婴幼儿，哺乳妇女禁用,
癫痫病人及肝肾功能严重不全者禁用,
呃逆,疾病
寒颤,
避光密闭，2—25℃保存，避免冰冻,
不得作胸腔、腹腔和鞘内注射,
本品稀释后立即使用，若有沉淀产生严禁使用,
依托泊苷,
化疗用药,
治疗小细胞肺癌,
Erythromycin Estolate Suspension,
依托红霉素,
Erythromycin Estolate Tablets,
大环内酯类/外用抗感染药,
对红霉素类药物过敏者禁用,
本品主要成份为红霉素,
红霉素丙酸酯的十二烷基硫酸盐,
遮光，密封保存,
Erythromycin Estolate Granules,
味甜,
口服常释剂型为国家医保药物,
加矫味剂的颗粒,
咳嗽次数增加,
过敏性哮喘,
急性呼吸窘迫,
肺炎（6%）,
胸痛（5%）,
恶心或呕吐,
意识模糊,
黄疸（包括瘀胆）,
皮疹和咳嗽,
5ml：0.2g,
依诺沙星,
Enoxacin Tablets,
由敏感菌引起的各种感染,
片剂,
薄膜衣片，除去薄膜衣后，显类白色或微黄色,
Enoxacin Capsules,
既往对本品有过敏史的患者,
Yi Jiang Gai Su Zhu She Ye,
支气管哮喘发作,
止咳平喘剂,
气促喘急,
用于小儿肺胃痰热,
苦杏仁（炒）,
Cefepime Hydrochloride for Injection,
盐酸头孢吡肟,
富马酸福莫特罗（4.5μg/吸）,
富马酸福莫特罗（4.5μg/吸）；布地奈德（160μg/吸）,
布地奈德（80μg/吸）,
肾上腺素能药和其它哮喘药,
每片含头孢氨苄0.125g,
每克含头孢氨苄50mg,
过敏性休克。头晕,
Bromhexine Hydrochloride Tablets,
盐酸溴己新8毫克,
肺孢子虫病,
倍松,
Betamethasone Tablets,
0.5mg,
严重支气管哮喘,
倍他米松,
口服起始剂量每日1～4mg，分次给予,
糖皮质激素,
维持量为每日0.5～1mg,
Betamethasone Sodium Phosphate Injection,
亚硫酸氢钠,
倍他米松磷酸钠,
肌注或静脉注射：一日2～20mg，分次给药,
外周水肿,
红斑疹,
不含防腐剂,
劳累性呼吸困难,
静息时呼吸困难,
Meropenem for Injection,
碳青酶烯类,
美罗培南,
pseudomonas infection,
急性肺部感染,
"呕吐,休克",
坏死,
无症状肺浸润,
急性败血症,
绿脓杆菌感染治疗,
绿脓杆菌感染,
铜绿色假单胞菌,
胸和膈：呼吸困难,
Clindamycin Phosphate for Injection,
症状轻,
粒细胞减少症,
Doxofylline for Injection,
克拉维酸钾,
口服，一次1～1.5克，一日3次,
每10丸重1.5克,
止咳化痰,
痰粘或气急干咳,
补气润肺,
用于气阴两虚所致的咳嗽,
冬虫夏草,
开水冲服，一次5～10g，一日2～3次,
气微香，味甜,
益肺,
麦冬,
口服，一次3～4丸，一日3次,
气微，味微甜、苦,
每10丸重3g,
阿胶等28味药,
黄芪,
Bromhexine Hydrochloride for Injection,
儿咳成方枇杷叶,
氯化铵,
肺动脉区听诊可闻及收缩期杂音,
胸部X线平片,
军团菌感染,
军团病菌培养,
尿液军团菌抗原检测,
Ertongke Keli,
儿童咳液成方紫菀,
大青叶,中草药
吸气性呼吸困难,
出冷汗,
喉鸣,
婴幼儿,
犬吠样咳嗽,
恐惧,
烦躁不安,
继发于急性鼻炎,
上肺纤维化明显,
咯血如注,
内窥镜,
咽喉不利,
喘证,
喉中痰鸣,
小儿肺不张,
支气管异物,
唿吸短促,
气急喘盛,
小儿气管,
痰鸣气促,
ICS,
屋尘螨,
安慰剂,
游泳,
猫毛,
痰培养,
情绪,
湿疹,疾病
环孢素,
莫米松,
英国,
运动,
花粉,
过敏原,
美国,
黑人,
齐留通,
Ertong Qingfei Koufuye,
板蓝根,中草药
枇杷叶（蜜炙）,
法半夏,
紫苏叶,
薄荷,中草药
免疫吸附,
少尿,
无尿,
男性,
疲乏,
肾上腺皮质激素,
蛋白尿,
肾内科,
肾脏替代治疗,
血尿,疾病
高血压,疾病
贫血等,
贫血,疾病
发作性咳嗽,
血浆置换,
一咳嗽胸口就疼,
张口抬肩,
小儿剧烈咳嗽,
发热伴咳嗽,
持续性咳嗽,
痉挛性咳嗽,
25～50岁男性,
Wegner granulomatosis,
与自身免疫和对不明抗原的过敏反应有关,
可并发咯血,
咯血等,
流脓涕和鼻出血,
有关节肿痛及脾脏肿大,
鼻窦疼痛,
清肺化痰,
双下肺基底部吸气相细湿啰音,
急性肺水肿,
肺小叶间隔内积液,
Cefazolin Sodium for Injection,
头孢唑林钠,
Cedax（Ceftibuten Capsules）,
第四代头孢菌素,
congenital arteriovenous fistula,
X线平片,
先天性动静脉畸形,
可伴吸气性三凹征,
喉侧位X线拍片正常,
喉骨软化,
喉软骨发育不全,
婴儿出生后有吸气性喉鸣声,
起源于围生期的呼吸性情况,
可能与喉组织的先天性接合不良有关,
呛咳,
喉部,
常导致肺炎,
呼吸困难和发绀等,
轻度喉裂一般无症状,
重度常有喉鸣,
肺不张而死亡,
有呼噜样喉鸣音,
口唇发绀,
吸气有喉阻塞现象,
呼吸困难或窒息,
Q31.8,
喉先天性畸形,
喉,
当胚胎第10周左右,
患儿出生后无呼吸和哭声,
喉腔未形成,
锁骨上窝,
"有吸气性""四凹征""",
congenital cystic adenomatoid malformation,
肋间隙,
胚胎期喉发育受阻,
形成的多囊性不成熟,
新生儿及儿童,
咳嗽和发作性肺部感染,
肺组织结构紊乱,
肺局部发育不全,
终末细支气管过度生长,
外科,
活动或哭闹时呼吸困难等,
严重者可窒息,
因发育异常导致声门下腔狭小,
声门,
呼吸有响声,
Q31.1,
颈胸部CT检查,
颈部触诊,
阻塞,
反复呼吸道感染或喉炎,
先天性疾病,
出生后即有,
喉略小者,
症状与声门下狭窄相似,
甚至窒息,
明显小者,
如有炎症则可引起喉阻塞,
Q32.1,
气管,
喂食困难,
小儿,
生长发育延缓等,
气管和支气管先天性畸形,
先天性胚胎发育异常,
congenital tracheoesophageal fistula,
Q39.2,
长期反复下呼吸道感染等,
食管先天性畸形,
小儿外科,
进食后呛咳,
狭窄环综合征或Streeter畸形,
congenital pulmonary aplasia,
congenital pulmonary arterio—venous fistula,
粗糙,
长期反复呼吸道感染,
运动型呼吸困难,
青少年,
大动脉先天性畸形,
肺芽发育障碍,
Q25.7,
易疲劳,
支气管造影,
肺动脉灌注扫描,
心外科,
杵状指（趾）,
congenital pulmonary cyst,
Q33.0,
发热甚至咯血,
选择性肺动脉造影,
咳嗽；咳嗽,
因气管,
支气管异常的萌芽或分支异常发育所致,
心胸外科,
肺先天性畸形,
液囊肿,
胚胎发育期,
脓痰,
原始横膈与胸腹隔膜不能相互融合,
呼吸,
先天性后外侧疝或Bochdalek 裂孔疝,
在膈肌上形成缺损,
先天性膈肌融合部缺损和薄弱,
Q79.0,
congenital diaphragmatic hernia,
"肌肉骨骼系统先天性畸形,不可归类在他处者",
胸内脏器因受压而引起呼吸循环功能障碍,
胸腹腔内的压力差和腹腔脏器的活动度,
腹腔内脏器疝入胸内而发生的功能变化,
膈肌肌张力减退等,
随着年龄增长,
Cefixime Dispersible Tablets,
哌拉西林钠三唑巴坦钠,
胸部X光片异常,
头霉素类,
头孢美唑钠,
头孢氨苄,
Cefradine for Injection,
头孢拉定,
听力减退,
Favre—Racovchot综合征,
氨茶碱25mg,
每粒胶囊含盐酸甲氧那明12.5mg,
那可丁7mg,
茶碱25mg,
帕尼培南0.25g,
味觉错乱,
意识错乱,
洛匹那韦80mg,
洛匹那韦 100 mg,
洛匹那韦200 mg,
一次2片，一日2次,
Keke Pian,
克咳成方麻黄,
儿童、孕妇及哺乳期妇女忌服,
喘急气短,
用于咳嗽,
止嗽,
定喘,
罂粟壳,中成药
薄膜衣片，除去包衣后显棕黄色,
不宜在服药期间同时服用滋补性中药,
婴幼儿、孕妇及哺乳期妇女禁用,
定喘．祛痰,
每粒装0.3克,
胶囊剂，内容物为棕黄色的粉末或颗粒，味微苦,
Crizotinib Capsules,
克唑替尼,
呼吸困难（1例）,
味觉障碍,
淋巴细胞减少,
缺氧（2例）,
视觉损害,
视物模糊,
视觉异常,
视野缺损,
黏膜炎症,
Clarithromycin Dispersible Tablets,
呼吸加快,
丙酸氟替卡松,
乳酸脱氢酶升高,
低镁血症,
喉咙痛,
感觉减退,
注射部位反应,
气胀,
混乱,
淋巴结病,
眩晕,疾病
精神状态改变,
肌肉疼痛,
肌痉挛,
面红,
咳嗽痰粘,
Clarithromycin Tablets,
Clarithromycin Tablet,
发疹,
肝坏死,
咳嗽（10%）,
咳嗽（7%）,
异常胸音（9%）,
Clarithromycin For Suspension,
口服常释剂型、颗粒剂为国家医保药物,
0.25g,
Ke La Mei Su Pian,
肝功能损害、中度至严重肾功能损害者慎用,
药物不要放在孩童可触及的地方,
血液或腹膜透析不能降低本品的血药浓度,
薄膜衣片，除去包衣后显白色或类白色,
遵医嘱,
0.5g,
Clarithromycin Sustained Release Tablets,
Clarithromycin Sustained—release Tablets,
在室温（10—30℃）干燥处保存,
暂定24个月,
薄膜衣片，除去薄膜衣后片芯显白色或类白色,
Clarithromycin Sustained Release Capsules,
干扰,
0.125g/粒,
Clarithromycin Capsules,
二年,
口服常释剂型、口服液、注射剂为国家医保药物,
味觉失调,
国家基本用药； 国家医保药物,
奥美拉唑,
非处方药,
Clarithromycin Granules,
鸟分枝杆菌感染,
混悬颗粒：味甜，微苦,
遮光，密封，在阴凉（不超过20℃）干燥处保存,
盐酸克林霉素（以克林霉素计）10毫克,
甲硝唑,
盐酸克林霉素,
100ml：克林霉素0.6g与氯化钠0.9g,
遮光，密闭，在阴凉处保存,
Dalacin C（Clindamycin Phosphate Injection）,
同时使用其他药品，请告知医生,
工伤医保甲类双跨,
按C18H33ClN2O5S计算4ml：0.6g,
林可胺类,
苯甲醇；EDTA—2Na；氢氧化钠,
Clindamycin Phosphate Solution,
0.15g,
Clindamycin Phosphate Tablets,
薄膜衣片，除去外包衣后显白色,
链球菌,
Clindamycin Phosphate and Glucose Injection,
Clindamycin Phosphate Glucose Injection,
克林霉素磷酸酯葡萄糖,
厌氧菌引起的各种感染性疾病：脓胸,
厌氧菌性肺炎,
本品开启后不得贮藏再用,
本品每100ml滴注时间不少于30分钟,
磺苄西林钠,
头孢克洛250mg,
盐酸溴己新8mg（以溴己新计）,
Kehuang Jiaonang,
瘀斑,
瘀点,
肝素钠,
克雷白杆菌,
Klebsiella infection,
畏寒,疾病
C2,
感染的病原学诊断,
普通易变免疫缺陷（CVI）,
吞噬作用异常,
免疫治疗,
抗微生物治疗,
先天性X—联无丙种球蛋白血症,
淋巴样组织缺乏,
氧化代谢异常慢性肉芽肿病,
肺脓肿形成,
重度联合免疫缺陷病（SCID）,
选择性免疫球蛋白缺乏症,
补体缺乏症性补体缺乏（非常少见）,
趋化反应异常Job综合征,
有自身免疫系统缺陷疾病者,
肺脏,
消瘦等；急性者咯血,
肺部受到病原体感染,
土拉菌病,
土拉菌病[兔热病],
肺痨咯血,
Tracleer,
中枢神经系统阻抑,
AST,
AST升高,
乳酸脱氢酶,
出汗增加,
乳酸脱氢酶增加,
嘴溃疡,
头疼,
心率失常,
尿深，荨麻疹,
外周局部出血,
心跳停止,
恐慌,
情绪不宁,
情绪激动,
淤斑,
痰液增加,
瞌睡,
皮肤干燥,
皮炎,疾病
皮肤变色,
眼炎,
肾功能不全,
肾衰,
胸痛（非心脏）,
脱水,
血尿素增加,
腹水,疾病
血红蛋白,
血红蛋白减少,
颤抖,
血红蛋白降低,
负重感,
鼻充血,
转氨酶升高,
颤搐,
Pemetrexed Disodium for Injection,
1%人血白蛋白包裹全氟丙烷的白蛋白微球,
全氟丙烷人血白蛋白,
Cefdinir Capsules,
不适感,
Cefdinir Granules,
喘憋,
肺感风寒,
Azithromycin Soft Capsules,
气香，味苦,
胶囊剂，内容物为黄棕色或灰棕褐色的粉末,
补益肺气,
SCLC,
肠溶包衣片，除去包衣后显白色,
嗜酸球增多,
口服，一次4～6片，一日3次,
久咳,
风热犯肺,
用于急慢性支气管炎,
糖衣片，除去糖衣显棕褐色,
Ambroxol Hydrochloride for Injection,
盐酸氨溴索600毫克,
Azithromycin Lactobionate for Injection,
阿奇霉素的乳糖酸盐,
其它氨基糖苷类/皮质激素的单方制剂,
免疫抑制,
灼热,
红肿,
继发感染,
妥布霉素9mg,
地塞米松3mg,
"妥布霉素,地塞米松",
喉头不适,
胸及纵隔呼吸困难,
胸和纵隔呼吸停止,
Yangzheng Xiaoji Jiaonang,
口服，一次2丸，一日3次,
化痰定喘,
孕妇及体质虚弱者慎用,
未成年者禁服,
每丸重6克,
气促作喘,
用于咳嗽痰盛,
润肺止嗽,
高血压、心脏病患者慎用,
胸膈不畅,
Yangyin Qingfei Koufuye,
初起或发热或不发热,
咳或不咳,
养阴清肺,
治燥剂—滋阴润燥剂,
白喉之阴虚燥热证,
喉间起白如腐,
养阴润肺,
孕妇忌服,
少痰或无痰,
气香，味甜、微苦凉,
浅黑色的颗粒,
endogenous cough,
内邪干肺,
咳痰等,
脏腑功能失调,
量,
质,
上皮组织高度增生,
肿瘤科,
inverted papilloma,
M80530/0,
灼热感,
热感,
Cefaclor for Suspension,
Azithromycin Granules,
紫癜,
吸入少量细菌气溶胶,
饮用被细菌污染的水,
免疫功能低下者为高发人群,
legionellosis,
孕妇,
legionnaires' disease,
意识蒙眬,
男性多于女性,
老年,
谵妄等,
化验检查,
嗜肺军团杆菌感染,
非肺炎型（庞蒂亚克热）,
发热等,
革兰染色阴性的嗜肺军团杆菌感染,
神经迟钝,
免疫功能低下者,
颈强直,
肺部,
谵妄,疾病
farmer's lung,
农民或其他劳动群众,
X线胸片检查,
J67.0,
少数可并发,
干咳或少量黏液痰,
多汗,
有机粉尘引起的过敏性肺炎,
心脏病,疾病
最后可因,
汗多,
肺功能检查,
血清免疫学检查,
畏寒高热,
缺氧等,
血管神经性水肿，过敏性哮喘,
冠状病毒,
未特指部位的病毒性感染,
发冷,
分子生物学检查,
咽痛及咳嗽等,
病毒学检查,
B34.2,
感染科,
儿童多见,
血象检查,
本品为镇咳类非处方药药品,
敛肺定喘,
用于气管炎咳痰黄白相兼,
麻黄（蜜制）,
咯痰稀薄色白,
咽痒,
棕黄色或棕褐色颗粒，味甜、微苦,
偶见口干,
急性支气管炎见上述证候者,
每袋装5g,
症见：咳嗽,
用于风寒袭肺证,
辛夷,中草药
苍耳子,中草药
外感咳嗽,
疏风止咳,
冰片,
小儿喘息样支气管炎,
老年人支原体肺炎,
病原体,
胸闷或气喘,
凉燥之邪侵袭,
发热轻恶寒较重；头痛无汗；鼻咽干燥,
犯表伤肺,
唇燥,
寒燥,
咳嗽气急,
咯血伴胸痛,
Inactivated Split Influenza Vaccine,
每0.25ml含： 流感病毒在鸡胚中培养,
欧盟决议的2008/2009季节流感毒株,
每瓶含头孢哌酮0.5g,
舒巴坦0.5g,
舒巴坦0.5g每瓶含头孢哌酮1.0g,
β—内酰胺酶抑制剂,
人尿激肽原酶,
广谱青霉素/对β—内酰胺酶耐受的青霉素类,
Cefprozil Granules,
瘙痒。荨麻疹,
头孢曲松钠,
Doxofylline Capsules,
舒巴坦0.5g；规格为3.0g,
每瓶含氮苄西林1.0g,
他唑巴坦钠0.4g,
头孢哌酮钠为1.6g,
Gatifloxacin Tablets,
Sevoflurane for Inhalation,
盐酸格拉司琼,
头孢噻肟钠,
粘膜念珠菌病,
Icotinib Hydrochloride Tablets,
咳痰困难,
恶心及呕吐,
Beraprost Sodium Tablet,
肾综合征出血热,
其它止咳药与祛痰药的复方制剂,
桉油精,
traumatic injury of trachea and bronchus principalis,
出血等,
穿透性创伤,
气胸或张力性气胸,
CT检查,
气管CT断层检查,
锐性和钝性创伤,
纤维支气管镜检查,
血气胸,
B超检查,
traumatic pneumothorax,
S27.0,
颈部皮下或纵隔气肿,
胸腹腔穿刺,
严重呼吸困难,
脉搏细弱频数,
和未特指胸内器官损伤,
休克等,
交通事故；医源性损伤；坠落伤；刀刺伤；枪伤等,
胸部,
惶恐不安,
X线胸片,
窒息感,
B超,
穿透性伤,
traumatic hemothorax,
等积血中量：内出血症状（面色苍白,
S27.1,
胸部CT,
部钝性伤,
血压下降等）；大量：呼吸与循环功能障碍,
脉细而弱,
坑道塌方,
OSA,
重组人干扰素α2b,
利巴韦林,
Azithromycinand GlucoseInjection,
氢化泼尼松,
Lijunsha（Erythromycin Ethylsuccinate Tablets）,
Erythromycin Ethylsuccinate Tablets,
Erythromycin Ethylsuccinate Granules,
ErythromycinEthylsuccinateCapsules,
喉气管水肿,
Levofloxacin Mesylate Injection,
Levofloxacin Mesylate Tablets,
发痒,
周围神经病,
意识混乱,
甲磺酸左氧氟沙星,
Lidocaine Aerosol,
局部用麻醉药/酰胺类/局麻药,
利多卡因,
传导阻滞,
利多卡因20毫克,
烦燥,
醋酸氯己定5毫克,
300ml：600mg,
Zyvox（Linezolid Injection）,
利奈唑胺,
无色至淡褐色的澄清液体,
600mg,
Linezolid Tablets,
治疗或预防确诊或高度怀疑敏感菌所致感染,
白色或类白色的薄膜衣片,
皮肤发红（过敏）,
肺部二次感染,
肺部感染,
血管精经性水肿,
治疗病毒性上呼吸道感染,
病毒感染,
Ribavirin Buccal Tablets,
溶血性贫血,疾病
Ribavirin Spray,
核苷类,
Ribavirin Aerosol（Suspension）,
Ribavirin and Sodium Chloride Injection,
Ribavirin and Sodium Chloride lnjection,
轻度腹泻,
利巴韦林氯化钠,
对本品过敏者，孕妇及哺乳期妇女禁用,
250ml：利巴韦林0.5g与氯化钠2.125g,
病毒性上呼吸道感染,
遮光、密封，在阴凉处（不超过20℃）保存,
其它抗病毒药,
对本品有过敏史者禁用,
是利巴韦林,
主要成分为利巴韦林,
Ribacirin Injection,
2ml：100mg,
呼吸道合胞病毒引起的病毒性肺炎,
对本品过敏者、孕妇禁用,
红细胞下降,
Ribavirin Nasal Drops,
核苷类/其它呼吸系统用药,
Ribavirin and Glucose Injection,
密闭，在干燥处保存,
对本品中任何成分过敏者禁用,
白色或类白色颗粒,
利托那韦,
主要成分为阿奇霉素,
Gatifloxacin Sodium Injection,
盐酸加替沙星,
荨麻疹（应停药）,
各种结核病的初治,
Rifapentine Capsules,
利福喷丁,
非结核性分枝杆菌感染的治疗,
结核性脑膜炎的治疗,
Rifandine Capsules,
其他结核病,
其它治疗结核病药/治疗麻风病的药物,
Rifandin Capsules,
各型肺结核,
抗结核病药/抗麻风病药/抗真菌药,
链霉素,
利福布汀,
口服，每次服150mg～300mg，每日1～2次,
每粒150mg,
结核病的初治,
非多重性耐药的结核病患者的4个月维持期治疗,
Rifampicin Injection,
不能耐受口服给药治疗的急症患者,
对利福平过敏的患者禁用本品，其它详见说明书,
治疗各种类型结核,
Rifampicin Tablets,
Rifampicin Soft Capsules,
呼吸困难，头昏,
Rifampicin Capsules,
Rifampicin Campules,
军团菌属严重感染,
Rifampicin Capsules（II）,
利福霉素钠,
红色至暗红色的澄明液体,
用药后病人尿液呈红色，属于正常现象,
用药期间应检查肝功能,
有肝病或肝损害者禁用,
密闭，在凉暗（避光，不超过20℃）处保存,
抗生素类/抗生素/抗感染药,
结核杆菌感染的疾病,
过敏性皮炎,
重症耐甲氧西林的金葡菌,
难治性军团菌感染的联合治疗,
Limethason（Dexamethasone Palmitate Injection）,
Li fei Pian,
利肺成方百部,
化痰平喘,
味微苦、酸,
甲类,
利肺成方五味子,
常用量一次5片，一日3次,
用于肺痨咳嗽,
慢性气管炎,
气虚哮喘,
镇咳化痰,
五味子,中草药
蛤蚧粉,
糖衣片，除去糖衣后显棕灰色至灰褐色,
驱痨补肺,
Lifei Jiaonang,
每粒装0.5g,
气微，味微苦后甜,
胶囊剂，内容物为棕褐色的粉末,
口唇浮肿,
过敏症状：休克,
憋喘,
胸部发紧感,
遮光，0—5℃保存，避免冻结,
咯痰黄稠,
风热咳嗽,
风热咳嗽痰多,
用于肺痨咯血,
特殊检查,
恶性胸水,
纵膈气肿,
肺癌胸水,
儿童期感染,
B34.8,
副流感病毒,
周身不适,
大量黏脓痰,
快速病原诊断,
喘息等,
病毒分离鉴定,
病理状态,
20～50岁男性,
B41.9,
慢性肺副球孢子菌病,
病原菌为巴西副球孢子菌,
盗汗,
血清学试验,
破溃,
播散性副球孢子菌病,
组织病理,
Clindamycin Hydrochloride Injection,
紫杉醇,
Mezlocillin Sodium for Injection,
呼吸困难，无力,
镇静过度,
ALIMTA（Pemetrexed Disodium for Injection）,
培美曲塞二钠,
肌酐升高,
抗菌复合剂,
阿莫西林,
每粒装0.5克,
中效皮质激素类药（II 类）,
Gatifloxacin Mesylate Capsules,
头孢泊肟,
全身麻醉时使肌肉松弛,
Pazufloxacin Mesylate Injection,
甲磺酸帕珠沙星,
Gatifloxacin Dispersible Tablets,
Catifloxacin and Sodium Chloride Injection,
Gatifloxacin and Sodium Chloride For Injection,
Gatifloxacind and Sodium Chloride Injiection,
Gatifloxacin Sodium Chloride Injection,
恶心，呕吐,
糖尿病患者禁用,
遮光、密封保存,
血红蛋白下降,
50ml：0.2g,
黄色或黄绿色澄明液体,
不能耐受酒精,
共济失调,
国家基本用药； 运动员禁用药物,
淡黄色片或薄膜衣片，除去包衣后显白色至微黄色,
由敏感病原体所致的各种感染性疾病,
瘙瘁,
Gatifloxacin Capsules,
其它呼吸系统用药,
口服常释剂型、注射剂为国家医保药物,
嗅觉倒错,
念珠菌性口腔炎,
胶囊剂，内容物为白色或类白色颗粒,
100ml：加替沙星0.2g，葡萄糖5g,
淡黄绿色澄明液体,
肺动脉杂音,
肺动脉瓣狭窄杂音,
肺动脉瓣区可听到喷射音,
急性呼吸衰竭,
慢性呼吸衰竭,
老年人急性呼吸窘迫综合征,
动静脉瘘,疾病
肺动静脉瘘,
睡眠呼吸暂停恶化,
Ceftezole Sodium for Injection,
头孢替唑钠,
咳嗽痰喘,
用于肺痨咳血,
包虫病,
肺包虫病,
口服，一次4～6片，一日2次,
HUA TAN PING CHUAN PIAN,
Huatan Pingchuan Pian,
Huatan Pianchuan Pian,
味微苦,
化痰平喘成方南沙参,
棕褐色的片,
浮海石,
用于急,
地龙,
暴马子皮,
胸满气喘,
紫花杜鹃,
鱼腥草素钠,
Carbocisteine Tablets,
羧甲司坦,
毛细血管扩张性肉芽肿,
下呼吸道感染,
Isoniazid Rifampicin and Pyrazinamide Tablets,
吡嗪酰胺0.25克,
痰和泪液变成红色,
Isoniazid and Rifampicin Tablets,
喘鸣等,
治疗过程中所引起的气管的器质性损伤,
Oxygen,
Oxygen（Liquidness）,
其它药物,
作用于呼吸系统的其它药物,
氧气,
嗜睡,
轻咳，进而胸闷,
镇静,
食欲下降,
医院获得性感染,
医院感染,
支原体,
口服，一次5片，一日3次,
每片重0.33克,
适用于脾虚湿痰咳嗽,
祛痰止咳,
Shiwei xihuangcao Keli,
Shiwei Yuquan Jiaonang,
一次4粒，一日4次,
口服，一次2粒，一日3次,
胶囊剂，内容物为棕色粉末,
胶囊剂，内容物为棕黄色至褐色的颗粒,
三岁以下婴幼儿、孕妇及哺乳期妇女禁用,
用于痰热壅肺所致的咳嗽,
疗程7至14天,
3岁以下婴幼儿、孕妇及哺乳期妇女禁用,
痰黄,
肺脓疡、肺心病、肺结核患者应在医师指导下服用,
口服，一次3g，一日2次,
宜肺化痰,
用于外感风寒咳嗽,
肺痨病及体虚者忌服,
痰热内蕴,
黄芩（酒蒸）,
Banxia Zhike Tangjiang,
姜半夏,
陈皮,中草药
薄荷油,
Banxialu Tangjiang,
批把叶,
一次7g，一日4次,
味甜、具清凉感,
每袋装14g,
息风化痰,
淡黄棕色的颗粒,
用于咳嗽多痰,
生半夏,
Cefminox Sodium for Injection,
头孢米诺钠,
平喘止咳,
用于寒痰喘咳,
温肺祛痰,
西地碘,
Cydiodine Buccal Tablets,
Cefuroxime Axetil Dispersible Tablets,
发烧,
口面部水肿,
嗜曙红细胞增多,
Clindamycin Hydrochloride for Injection,
先天性肺叶气肿,
J43.0,
unilateral emphysema,
先天性肺组织及肺循环发育异常,
吸气和呼气性哮鸣音,
放射学检查,
支气管镜检查,
进行性呼吸困难,
特异性肺气肿（Swyer—James综合征）,
吕弗琉综合征,
微热,
寄生虫感染,
疲倦及轻微干咳等,
药物反应,
免疫受损患者,
呼吸功能不全等,
单纯疱疹病毒（HSV）感染,
烧伤患者,
氮质血症,
肺部啰音,
酒精中毒患者,
Ribavirin Dispersible Tablets,
细辛脑,
不安,
Terbutaline Sulphate Solution for Nebulization,
坐立不安,
Terbutaline Sulphate Tablets,
强直性痉挛,
强直,
心房颤动,疾病
硫酸特布他林,
行为异常,
皮肤瘙痒或荨麻疹,
秃发,
轻度头痛,
托西酸舒他西林,
咽喉发紧,
喉炎；罕见—咯血,
肺炎；少见—哮喘,
Azithromvcin Aspartate for Injection,
发热（14%）,
严重,
含磷酸可待因8.4mg,
磷酸可待因,
三个月为一个疗程,
每次1ml，每周2—3次,
Purified Protein Derivative of BCG（BCG—PPD）,
Moraxella catarrhalis infection,
卡他莫拉菌,
多种感染,
有活动性心肺肾肝疾病的患者禁用,
头孢孟多酯钠,
一次0.2ml,
1ml：0.1mg,
禁忌口服、肌内及静脉注射,
卡氏肺囊虫感染所致,
免疫低下儿童,
流行型呼吸增快,
病原治疗,
发绀等；散发型起病急骤,
病原检查,
散发型（现代型）,
流行型（经典型）,
血象,
鼻翼扇动,
肺卡波西肉瘤,
150mg/15mg/支,
寒战，呼吸,
无色或淡黄色澄明液体,
铂化合物类,
甘草酸苷40mg,
paragonimiasis westermani,
免疫学检查,
人类及其他动物生食或半生食含有囊蚴的石蟹,
吸虫感染,
B66.4,
感染和临床微生物科,
影像学检查,
外周血象,
感觉障碍,
皮下结节或肿块,
经口食入,
蝲蛄或溪水感染,
胸闷及上腹痛,
对碘过敏患者禁用,
Erdosteine Dispersible Tablets,
厄多司坦,
Erdosteine Tablets,
150mg,
口服，一次2片（150mg*2），一日2次,
不足15岁的儿童、严重肝肾功能不全者禁用,
慢性支气管炎痰液粘稠所致的呼吸道阻塞,
粘液溶解药,
Erdosteine Capsules,
0.3g,
口服，成人一次1粒（0.3g），一日2次,
是厄多司坦,
对本品过敏者以及严重肝肾功能不全者禁用,
硬胶囊，内容物为白色颗粒,
支气管痉孪,
厌氧菌,
anaerobic infections,
以及长期应用免疫抑制剂,
糖皮质激素的患者,
吞咽困难患者,
老年脑血管病患者,
50岁以上老年人,
Anaerobic Bacteria Pneumonia,
内科治疗,
伴胸痛；肺脓肿或脓胸有体重下降或贫血,
厌氧菌培养,
厌氧菌感染肺部,
咳黄脓性恶臭痰,
局部治疗,
药物治疗,
冷冻疗法,
手指及足趾呈杵状,
光动力疗法,
具有完整的基底膜,
5—氟尿嘧啶,
刮除术,
外科切除,
放疗,
基底膜,
激光疗法,
破坏性的治疗,
电流干燥术,
ECT全身骨扫描,
PET–CT,
D02.2,
8–14天,
上腔静脉压迫综合征,
动脉血气分析,
Horner's征,
凝血功能,
头颅MRI或CT,
影像学检查：胸片正侧位,
头颅MRI或增强CT,
小细胞肺癌治疗原则,
心电图检查,诊疗技术及设备（治疗）
没有需要继续住院处理的并发症,
生命体征平稳,
晚期非小细胞肺癌治疗原则,
病理学检查：痰脱落细胞学检查,
有手术治疗指征需外科治疗者，转入外科治疗路径,
痰血,
纤维支气管镜活检,
中耳和呼吸系统原位癌,
肺穿刺活检等确诊,
胸部影像学检查,
肝肾功能,
肿瘤标志物检查,
肾上腺CT,
腹部超声或CT,
胸部CT（平扫＋增强扫描）,
腹部CT或超声,
电解质,
非小细胞肺癌治疗原则,
超声心动图,
体位改变,
不活动,
淡红色,
气管良性肿瘤的临床特点,
气管恶性肿瘤的特点,
基底宽,
气管低度恶性肿瘤特点,
质硬,
灰白色,
色红,
表面光滑,
质软,
浆膜腔积液,
胸腔积液和心包积液,
上腔静脉梗阻症状等,
反复发热,
因真菌,
有的出现吞咽困难,
治疗原则,
特发纤维性纵隔感染,
胸骨后剧烈疼痛,
结核等病因所造成,
纵横肿瘤,
纵横囊肿,
6分钟步行距离（病情许可时）,
7－15天,
5肋间闻及全收缩期吹风样杂音,
D－二聚体,
A峰消失,
7－14天,
D—二聚体,
依病情严重程度不同出现相应的胸部X线表现如肺淤血,
主要并发症有心律失常（以房性心律失常多见）,
C反应蛋白,
原发病得到有效控制,
劳累或情绪激动等可诱发急性肺水肿,
I27.0,
可表现为痰中带血,
交界处粘连融合,
介入和外科治疗,
右下肺动脉增宽,
则第一心音减弱,
可触及舒张期震颤,
以房性心律失常多见,
右心室扩大,
右心导管检查证实平均肺动脉压力≥25mmHg,
多为干咳,
后叶活动度减弱,
右心室肥厚,
吸气时增强,
多在劳力后或夜间睡眠时发生,
如心房颤动等。重度二尖瓣狭窄可见二尖瓣型p波,
尿常规,
大量咯血或粉红色泡沫痰,
如瓣叶钙化僵硬,
左心房扩大,
生命体征稳定,
心尖区可闻及第一心音亢进和开瓣音,
并发感染时可咳粘液样痰或浓痰,
电轴右偏和右心室肥厚,
并测量瓣口面积。典型者为舒张期前叶呈圆拱状,
心力衰竭症状得到基本控制,
心尖搏动正常或不明显,
无其他需要继续住院的情况,
活动度好,
潜血,
甚至咳粉红色泡沫痰,
急性肺水肿时可伴剧烈咳嗽,
第一诊断必须符合ICD－10：I27.0肺动脉高压疾病编码,
症状缓解,
瓣叶增厚和瓣口面积缩小,
日常活动引起气短及端坐呼吸,
心电图示电轴右偏,
第二心音亢进。由于肺动脉扩张,
晕厥,疾病
病情进展时可出现右心衰竭,
类风湿因子,
经胸超声心动图,
肺动脉高压时,
肺动脉段突出,
肺动脉压力增高,
胸片呈肺动脉段突出,
胸片及超声心动图,
胸骨左缘第4,
血气分析,
脑利钠肽,
血栓栓塞和感染性心内膜炎,
超声心动图提示右心房室扩大,
胸骨左下缘可扪及右心室收缩期抬举样搏动,
间质性肺水肿或肺泡性肺水肿,
表现为少尿,
血沉,
9 Gy 放疗,
23.4 Gy 剂量,
神经内分泌肿瘤,疾病
Tranilast Capsules,
曲尼司特,
醋酸曲安奈德,
有助于提高原发性肺癌,
有出血倾向者忌用,
口服，每次6粒，每日3次，疗程42天,
每粒装0.4g,
胶囊剂，内容物为黄棕色粉末,
气香，味微苦,
气香，味苦、甘,
每瓶装250ml,
补脾益肺,
益气健脾补肺,
一次1袋，一日3次,
用于肺经痰湿,
气微香，味微苦,
每100粒重6g,
白色光亮的水丸，除去外衣后，显黄褐色,
口服，一次4粒，一日2次,
每粒装0.45克,
疏散外风/息风化痰/散寒止咳,
开水冲服，一次1包，一日2次,
咳嗽痰白,
热毒内阻而致的中晚期肺癌,
口服，一次2～4粒，一日3次,
用于肺肾不足所致的气喘,
痰多,
感冒、实热及痰湿内盛之喘咳忌服,
口服，一次3~4粒，一日1次，早晨或晚上睡前空腹服用,
滋补肺肾,
纳气平喘,
Shenchan Xiaojie Jiaonang,
口服，一次1粒，一日3次,
用于肺,
口服，一次15克，一日3次,
胶囊剂，内容物为棕黄色的粉末,
平喘化痰,
本品适用于肺脾气虚者，哮病发作期禁用,
用于哮喘气急,
肺虚咳嗽,
哮病发作期禁用,
开水冲服，每次8克，一日3次,
用于肺脾气虚之咳嗽,
口服，一次40丸，一日3次,
棕色至棕褐色的浓缩水蜜丸,
孕妇忌用,
每10丸重1g,
气微，味酸、微苦,
白芥子,
中医：清肺,
用于慢性支气管炎咳嗽,
糖尿病患者禁服,
人参,
儿童禁用,
健脾益肺,
关黄柏,
枸杞子,
气短喘促,
每粒装0.25克,
益气,
白术,
鹿茸,
远志,
咳嗽气喘,
用于肺肾两虚,
呼吸困难，恶心,
口唇紫绀,
呼吸道梗阻,
静脉炎；憋气,
Shenmai Keli,
黄褐色的颗粒，气芳香，味微苦,
不能同时服用含有与本品成份相似的其他抗感冒药,
盐酸伪麻黄碱30毫克,
双束支阻滞,
轻度喉头水肿,
轻度支气管痉挛,
Shuangshan Keli,
对本品中任一组份过敏者禁用,
盐酸伪麻黄碱7.5毫克,
主要成份色甘酸钠20毫克,
色甘酸钠20毫克,
血管神经水肿,
金银花,
咳逆痰多,
口服，一次3粒，一日2～3次,
用于肺经郁热引起的鼻窦炎,
儿童、年老体弱者应在医师指导下服用,
咳嗽痰鸣,
每袋装9克,
开水冲服，每次9克，一日4次,
服药3天后或服药期间症状无改善者应立即去医院就诊,
用于热哮证,
症见：喘息气粗或哮鸣,
清热宣肺,
血绀,
LPR,
咽喉反流,
pH监测和阻抗监测,
喉镜检查,
癔球感,
抑酸治疗联合生活方式改变,
广谱抗生素,
紫绀—杵状指—肝病综合征,
proteus pneumonia,
原有慢性肺部疾病,
并发,
少见,
抗感染治疗,
咳黏稠的黄痰,
糖尿病等的老年男性,
糖尿,
胸膜腔积液罕见,
较多见,
醉酒,
菌血症,疾病
通过工作人员的手部及器械传播,
甲硝唑0.1g辅料为：甘油,
急性喉水肿,
Cravit（Levofloxacin Tablets）,
Levofloxacin and Sodium Chloride Injection,
Levofloxacin Tablets,
瘙痒感,
Colistin Sulfate Granules,
乳糖,
周围性水肿,
喉部水肿,
嗜酸粒细胞升高,
咽喉部不适感,
Codeine Phosphate and Platycodon Tablets,
咽喉炎所致的咳痰或干咳,
困倦,
桔梗流浸膏,
桔梗流浸膏50mg,
Compound Ipratropium Bromide Aerosol,
阿片生物碱及其衍生物,
磷酸可待因（c18H21N03·H3PO4·3/2HO2）12mg.桔梗流浸膏50mg,
麻醉药品,
发声困难,
眼痛,
肌肉无力,
硫酸沙丁胺醇3.000毫克（相当于沙丁胺醇碱2.5毫克）,
瞳孔散大,
血钾,
Nikethamide Injection,
尼可刹米,
呼吸中枢过度兴奋,
呼吸加深,
甚至发生呼吸困难,
Procaterol Hydrochloride Tablets,
选择性β2肾上腺素能受体激动剂,
肌颤,
盐酸丙卡特罗,
下肢水肿,
Ibuprofen ＆ Pseudoephedrine Hydrochloride Disper,
羧甲淀粉钠,
肾功能衰竭,
Levodropropizine Tablets,
Levodropropizine Oral Solution,
Cefaclor Capsules,
Benproperine Phosphate Oral Solution,
苯丙哌林,
咽喉炎,
室颤,
循环衰竭,
浸润,
电解质紊乱,疾病
盐酸胺碘酮,
Compound Codeine Phosphate Syrup,
寒战或发热,
有支气管哮喘病史者，有可能诱发支气管痉挛,
愈创甘油醚100毫克,
祛痰药/阿片生物碱及其衍生物,
主要成份氢溴酸右美沙芬6毫克,
氢溴酸右美沙芬6毫克,
ALF,
Suxamethonium Chloride Injection,
心搏停止,
氯化琥珀胆碱,
骨骼肌松弛药,
Sparfloxacin Dispersible Tablets,
喷他脒,
既往有光敏性的患者禁用,
诺氟沙星,
黄色或淡黄色片,
淡黄色或黄色片或薄膜衣片，除去包衣后显黄色,
遮光、密闭保存,
Sparfloxacin Capsules,
不舒服感,
胶囊剂，内容物为黄色颗粒,
0.1g/袋×6袋0.1g/袋×12袋,
SparfloxacinGranules,
由敏感致病菌引起的感染,
哮喘样呼吸困难,
唇水肿,
Houttuynin Tablets,
30mg×12片×3板/盒,
口服，一次2～3片，一日三次,
为白色结晶或结晶性粉末,
糖衣片，除去糖衣后显白色,
能溶于水，易溶于乙醇,
鱼腥草素,
醋酸曲安奈德1.1毫克,
易患上呼吸道感染,
Budesonide Aerosol,
标准桃金娘油,
胃肠道不适,
面部浮肿,
GemifloxacinMesylateTablets,
甲磺酸吉米沙星,
Iressa（Gefitinib Tablets）,
30℃以下保存,
一面印有IRESSA250,
吉非替尼,
抗肿瘤药,
蛋白激酶抑制剂,
褐色，圆形，薄膜衣片,
Levofloxacin Hydrochloride for Injection,
Ribavirin Granules,
富马酸酮替芬,
每次0.5～1ml，皮下注射,
Molisidomine Aerosol,
本品主要成份为吗多明,
吗多明,
面部潮红,
低血压患者禁用,
硫酸小诺霉素,
Imipenem and Cilastatin Sodium for Injection,
亚胺培南0.5g,
注射用亚胺培南西司他丁钠,
克拉维酸0.125g,
嗜酸性细胞减少,
混淆,
阿莫西林和克拉维酸钾,
"阿莫西林,克拉维酸",
Cefixime Tablets,
法罗培南钠,
对本品和喹诺酮类药物过敏患者禁用,
其它不包括在G04AB类中的喹诺酮类药,
淡黄色片或薄膜衣片，除去包衣后显淡黄色,
本品主要成份为吡哌酸,
吡嗪甲酰胺,
Pyraz inamide Tablets,
本品亦可采用间歇给药法，每周用药2次，每次50mg/kg,
Pyrazinamide Capsules,
胶囊剂，内容物为白色粉末,
Pemirolast Potassium Tablets,
医保药物,
吡嘧司特钾,
片剂：10mg,
支气管哮喘的长期治疗,
白三烯受体拮抗剂,
禁用于对本品有过敏症的患者,
禁用于孕妇或可能怀孕的妇女,
白色椭圆形片,
Pirfenidone Capsules,
ALT,
其它免疫抑制剂,
丙氨酸氨基转移酶,
晕眩,
肝功能损害,
肝功能衰竭,
行走不稳,
抑制呼吸,
咳嗽不爽,
严重低氧血症,
体温中高热,
Aspiration Pneumonia,
两肺湿啰音和哮鸣音,
J69.0,
呼吸窘迫征,
吸入性和继发性肺炎,
喉反射性痉挛和喘鸣剧咳,
痉挛性咳嗽伴气急,
固体和液体引起的肺炎,
经皮胃造瘘管,
主要成分为七氟烷,
中度,
LDH增高,
卤烷烃类,
体温降低,
唾液增多,
完全的房室阻滞,
室上性期前收缩,
室性期外收缩,
本品主要成份为七氟烷,
搔痒,
期外收缩,
激动不安,
肌酐增高,
肌肉抽搐,
精神混乱,
Beclomethasone dipropionate inhalation suspension,
激越,
类库欣综合征,
精神障碍,
肾上腺功能抑制,
骨密度降低,
红斑，以及眼晴,
精神病,
Acetylcysteine solution for inhalation,
乙二胺四乙酸二钠,
口腔炎,
氢氧化钠,
氧化钠,
抗血小板凝集药，不包括肝素/其他周围血管扩张药,
血肿,
尿潴留,疾病
焦虑症,疾病
眼内压增高,
硫酸,
青光眼,疾病
双盲,
厌食症,
接触性皮炎,疾病
情绪不稳,
攻击性反应,
耳痛,
窦炎,
脓疱疹,
Ipratropium Bromide Solution for Inhalation,
便秘,疾病
口腔水肿,
异丙托溴铵,
常见口干,
心率加快,
结膜充血,
鼻用制剂/抗胆碱药,
不得突然停药，以免引起哮喘复发,
孕妇、哺乳期妇女及肝肾功能不全者慎用,
每粒20毫克,
本品应在哮喘易发季节前1—2周用药,
过敏介质阻释药,
色甘酸钠,
预防哮喘,
吸烟,
尼古丁中毒症,
增快心率,
缩短寿命,
诱发癌症发病率增加,
南美洲,
亚洲,
吡喹酮,
肺部症状,
一般不宜用于溃疡病或支气管哮喘患者,
对呋喃类药物过敏患者禁用,
呼吸不规则,
脸色青紫,
大气污染,
职业和环境接触,
既往肺部慢性感染,
电离辐射,
遗传等因素,
显微镜检查,
呼吸微弱,
反复肺不张,
液气胸,
水气胸,
慢性化脓性胸膜炎,
E87.3,
respiratoryalkalosis,
人工呼吸过度,
中枢神经系统疾患,
乏氧性缺氧,
代谢性过程异常,
呼吸浅而慢,
液体-电解质及酸碱平衡的紊乱,
手,
水杨酸中毒等,
甚至四肢抽搐,
水杨酸中毒,
精神性过度通气,
面部特别是口周麻木并有针刺样感觉,
肝、肾功能检查,
血气分析检测,
支气管肺泡灌洗,
胸闷、胸痛、头昏、恐惧，甚至四肢抽搐,
吸入刺激物,
30～40岁吸烟者或曾经吸烟者,
J84.8,
呼吸中枢抑制药,
上气道阻塞,
接触环境和工业污染物的人群,
活动性低氧血,
急性呼吸性酸中毒,
呼吸中枢抑制药物,
E87.2,
呼吸肌或胸壁障碍,
慢性呼吸性酸中毒,
上气道阻塞等,
呼吸肌无力,
碱性药物的应用,
烦躁不安等,
呼吸中枢驱动不足,
呼吸肌负荷增加,
吸气时腹壁向内运动,
呼吸不同步等,
吸气时上部肋骨失去上下运动,
相关检查,
机械通气,
氧自由基的作用,
膈神经损伤,
能量供应不足,
并发膈肌疲劳,
呼吸频率加快,
代谢因素,
神经肌肉疾病,
J96.9,
主要为缺氧和二氧化碳潴留,
respiratory failure,
急促,
呼衰,
呼吸肌麻痹,
肌肉初长和形状的改变,
呼吸道病变,
神经肌肉接头传导障碍等,
无创正压通气,
胸式呼吸与腹式呼吸的交替变化,
"呼吸衰竭,不可归类在他处者",
痰液检查,
球结膜充血,
神经中枢及其传导系统呼吸肌疾患,
肺组织病变,
肺血管疾病,
胸廓病变,
除原发病症状外,
中枢性呼吸暂停,
呼吸浅慢,
呼吸道阻塞,
咳嗽伴呼吸困难,
心源性呼吸困难,
严重急性呼吸综合征,
呼吸道合胞病毒感染,
老年人呼吸性酸中毒,
睡眠呼吸暂停综合征,
水肿伴呼吸困难,
老年人呼吸衰竭,
肺源性呼吸困难,
高原适应不全症,
腹式反常呼吸,
小儿急性上呼吸道感染,
respiratory tract foreign body,
T17.9,
儿童喜将小物置口中戏弄,
呼吸道异物的特征性表现,
喉异物,
呼吸困难及喘鸣等,
呼吸道内异物,
气管异物,
异物本身光滑,
多与儿童喜将小物置口中戏弄,
工作时的不良习惯,
生活中的不良习惯,
低烧,
住院治疗,
咽、喉和鼻黏膜的假膜,
生活中的不良习惯等有关,
产外毒素的白喉杆菌菌株,
老年人及某些疾病的患者,
发音困难,
呼吸道隔离,
语颤减弱,
复盖扁桃体,
支持治疗,
白喉抗毒素,
白喉抗毒素（马源）,
剧烈运动后哮喘,
老年人支气管哮喘,
情绪性哮喘,
不能同时使用与本品成份相似的其他抗感冒药,
盐酸伪麻黄碱20毫克,
咪达唑仑,
昏睡,
避光，密闭保存,
镇静药,
体格检查,
全身出血倾向性疾病等,
Hemoptysis,
R04.2,
呼吸道出血,
呼吸系统疾病,
咳嗽而出血,
循环系统疾病,
大咯血的抢救,
器械检查,
或大量咯吐鲜血,
痰少血多,
病史询问,
Kekeping Jiaonang,
咳克平成方百部,
Benproperine Phosphate OralSolution,
马来酸氯苯那敏,
磷酸苯丙哌林,
上晒干为末，水泛为丸，如榧子大，二十个,
咳哮气喘,
每次一丸，海蜇皮一两煎汤送下,
川朴,
沈香片,
苏梗,
口服，一次15克，一日2次,
止咳理气平喘,
本品适用于伤风咳嗽痰多，寒热症状不明显者,
长期服用，应向医师或药师咨询,
清热止咳/化痰平喘,
口服，一次2—4片，一日2次,
宣通肺气,
每片重0.6g,
用于支气管哮喘,
Kechuanning,
口服，一次3—4粒，一日2次，或遵医嘱,
喘促胸闷,
褐色片，味苦,
孕妇忌服，儿童禁用,
咯痰色黄,
每粒装0.32g,
痰喘见于痰热证候者,
硬胶囊剂，内容物为褐色颗粒，气微香，味苦,
用于久咳,
症见咳嗽频作,
开水冲服，一次15克，一日3次,
用于伤风咳嗽,
味苦,
灵芝,
用于治疗慢性支气管炎,
薄膜衣片，除去薄膜衣显深棕色,
燥湿化痰,
麻黄（炙）,
连翘,
Compound Placenta Hominis Pheretima Tablets,
Kechuan Gao,
Ke chuan shu Pian,
气微，味苦、微甜,
白果,
白果（去壳）,
糖衣片或薄膜衣片，除去包衣显棕褐色,
紫苏子（去油）,
薄膜衣每片重0.25g,
Kechuanshun Wan,
瓜蒌仁,
Cough Type Asthma,
半夏（制）,
以及变应原,
Cough Variant Asthma,
中年女性,
内分泌和健康状态,
冷空气,
J45.0,
气候,
免疫状态,
CVA,
咳嗽变异性哮喘,
气道炎症的评估,
抗过敏药物,
接触变应原,
肺功能和气道反应性测定,
运动和饮食等,
药物,
长期顽固性干咳,
遗传,
职业,
R05,
中年男性,
精神心理状态,
剧烈咳嗽,
过敏病史,
Kesou Tangjiang,
沙参,
咳嗽成方枇杷叶,
儿童、年老体弱者、孕妇应在医师指导下服用,
口服，一次4粒，一日3次,
服药3天症状无缓解，应去医院就诊,
猪胆汁,
猪胆汁提取物,
用于风热,
痰色黄白或粘稠不畅,
风寒、寒痰咳嗽患者禁服,
及慢性支气管炎,
咳喘胸满,
感冒咳嗽,
止咳祛痰,
中医：润肺止咳,
用开水冲服，一次10克 ，一日3次,
口服，一次2～3粒，一日3次,
用于感冒引起的咳喘,
咳喘,
含服，一次1～2片，一日3～4次,
每片重0.85克,
中医：止咳化痰,
用于风热所致的咳嗽,
润肺平喘,
Pentoxyverine citrate tablets,
喷托维林,
口服，一次3～4片，一日3次,
用于肺热咳嗽及气管炎咳嗽,
儿童、孕妇、哺乳期妇女禁用,
降气平喘,
Ke ling Jiao nang,
矮地茶,
人参保肺成方罂粟壳,
五味子（醋制）,
气微香，味甘苦,
气短胸满,
津液亏损所致的咳嗽喘促,
胶囊剂，内容物为棕褐色颗粒,
口服，一次3片，一日2次,
小叶榕干浸膏,
每片含小叶榕干浸膏180毫克，马来酸氯苯那敏0.7毫克,
润肺止咳/化痰平喘,
黄色的薄膜衣片，除去包衣后，呈红棕色,
主要成份为小叶榕干浸膏,
主要成份小叶榕干浸膏360毫克,
咳特灵成方 小叶榕,
化痰平喘/其他中成药,
小叶榕干浸膏360毫克,
小叶榕干浸膏0.36克,
每粒含小叶榕干浸膏360毫克，马来酸氯苯那敏1.4毫克,
胶囊剂，内容物为棕色至红棕色粉末,
通用名称：通用名称：咳特灵胶嚢,
马来酸氯苯那敏1.4毫克,
口服，一次10克，一日2次,
Keliting Tangjiang,
川贝母流浸膏,
湖北贝母流浸膏,
盐酸麻黄碱,
咳舒成方枇杷叶,
《丹溪心法》,
咯吐不爽,
凉血止血,
咳嗽痰稠带血,
理血剂—止血剂,
血证,
Kesuting Tangjiang,
肝火犯肺,
清肝宁肺,
胸胁作痛,
肝火犯肺之咳血证,
吉祥草,
Ke su ting Jiao nang,
紫苑,
苯甲酸,
蜂蜜,
苯甲酸钠,
上呼吸道的疾病,
foreign object in throat,
咽部异物感或刺痛,
电子纤维喉镜,
哭闹或者跌倒时异物坠入；进食仓促,
喉咽部炎症,
咽喉疼痛,
呼吸困难及胸闷等,
咽部,
咽黏液囊炎,
用力吸咳时可咳出脓性物或脓痂,
J02.9,
抗炎治疗,
用于喉痹（急慢性咽炎）,
刺激性咳嗽,
刺激性咳嗽等症,
pharyngeal diphtheria,
1～7岁儿童,
密切接触传播,
咽痛剧烈,
发绀及循环衰竭等,
忌烟酒、辛辣、鱼腥食物,
颈部皮下气肿和纵隔气肿,
喘鸣或呼吸困难等,
声嘶和呼吸困难等,
tuberculosis of pharynx,
A16.8,
"呼吸道结核,未经细菌学或组织学所证实",
规范名称：咽结核,
SaIbutamol SuIfate Sustained—release Tablets,
哈西奈德,
痨嗽咳血,
Halcinonide Solution,
名称：亚硫酸氢钠,
超强效皮质激素类药（IV 类）,
"哌拉西林,他唑巴坦",
吸氧,
大气道,
家族史,
尘螨,
戒烟,
寂静肺,
肥胖症,疾病
减肥,
猫,
色甘酸,
肺活量,
胸平片,
狗,
颗粒物,
五味子等20味,
镁剂,
蟑螂,
口服，一次10g，一日2次,
年久痰喘,
每8丸重1g,
诃子肉,
白果仁,
麻黄（制）,
Xiaochuanning Keli,
清热平喘,
牡丹皮,中草药
黄棕色的颗粒,
用于肺热哮喘,
哮喘发作,
可咳出黏液痰栓,
不能平卧,
status asthmaticus,
咳嗽较剧烈,
大汗淋漓,
有时发热,
J46,
屋螨,
抗生素等,
过敏性支气管肺曲霉菌病,
大汗,
动物皮毛,
曲霉菌感染,
真菌,
Xiaochuan Pian,
口服，一次1～2片，一日3次,
哮喘成方罂粟壳,
讲话不连贯等,
片芯重0.28g,
口服，一次1～2粒，一日3次,
糖衣片，除去糖衣后显棕黑色,
气微，味甜、微苦,
胶囊剂，内容物为灰褐色至灰棕色粉末,
磺胺甲恶唑,
单侧喉上神经损伤,
声音变低,
双侧喉上神经损伤,
J38.1,
任克氏层水肿所致,
发声易疲劳,
laryngeal polypus,
声带游离缘前1/3与中1/3处,
发高音困难；重：沙哑甚至失声,
青壮年男性,
音色粗糙,
颈部增强CT,
轻：间歇性声嘶,
喉活检,
颈部肿物,
腺癌,
癌前病变,
发声改变,
发音不清,
Q31.3,
喉肿瘤等所致,
喉室小囊先天性异常,
常伴有咳嗽,
声嘶或无声,
喉膨出,
喉憩室或喉气性疝,
先天性疾病等引起,
呼吸与心跳加快,
声嘶或失声,
咳嗽伴黏稠痰,
特殊感染,
tracheoesophageal cleft,
患儿出生后口腔及咽部有大量黏稠泡沫,
声低弱或无声,
胎儿前肠头端气管食管纵隔发育异常所致,
laryngitis,
主要为病原菌感染,
急性喉炎和气管炎,
J04.0,
用声过度，发声不当。常见于教师、演员、歌唱家,
耳鼻喉科,
用声不当等,
急性喉炎反复发作或迁延不愈的结果,
真菌性喉炎,
酌情应用雾化吸入法,
鼻、鼻窦、咽部的感染亦是喉部慢性刺激的来源,
气微香，味苦、麻、微辛凉,
会厌,
吸入高热蒸气,
口腔黏膜充血,
吸入火焰或干热空气等,
口腔黏膜,
形成白膜,
烧伤整形科,
瘢痕等,
糜烂,
表现有纤维素渗出,
误饮沸水,
黏膜充血,
慢性咽炎急性发作,
上呼吸道炎,
不适用于外感风寒之咽喉痛者,
throat obstruction；pharyngitis,
肺卫失固,
失声,
喉入口,
室带,
沙哑,
声带,
真声带,
创口处理,
内镜或气管插管等所致,
交通事故,
呼吸困难和喉喘鸣；发音改变或失音；咳嗽,
急救措施,
拳击,
术后处理,
球击,
CT扫描,
X线摄片,
颈部疼痛和吞咽疼痛,
低位气管切开术,
内镜检查,
勺状软骨脱位,
咳嗽和咯血,
声嘶和失声,
喉喘鸣及呼吸困难等,
工业创伤,
喉部疼痛,
喉喘鸣及呼吸困难,
喉外形解剖标志不清,
复位与固定术,
喉部闭合性损伤,
间接喉镜检查,
皮下气肿,
laryngeal obstruction,
血肿形成,
J38.6,
吸气性喉鸣,
喉梗阻,
吸气性软组织凹陷,
喉外伤,
喉麻痹等因素引起,
喉畸形和瘢痕狭窄,
喉肿瘤,
喉麻痹,
喉部异物,
根据病情轻重，喉阻塞可分为四度,
声音嘶哑等,
难以入睡,
每支2ml,
如果发现变色沉淀、异物或浑浊，不可使用,
孕妇慎用,
淡黄色的澄明溶液,
chuan ke ning pian,
Chuankening Pian,
阴虚火旺者慎用,
外又感受风寒所致的咳喘病,
儿童、孕妇、体质虚弱者及脾胃虚寒者慎用,
喘咳宁成方桔梗,
服药期间忌食辛辣、油腻食物,
桔梗143毫克,
甘草143毫克,
苦杏仁霜38毫克,
苦杏仁霜,
Chuansouning Pian,
麻黄214毫克,
味酸涩、苦回甜,
喘嗽宁成方白果,
肺心病早期,
Chuansouning Jiaonang,
薄膜衣片，除去薄膜衣后显黑褐色,
Bricasol（Terbutaline Sulfate Aerosol ）,
Isoprenaline Hydrochloride Injection,
轻度胸闷,
肾上腺素,
1～3岁小儿,
盐酸异丙肾上腺素,
发病年龄较小，多见于1～3岁小儿,
伴有哮鸣音及粗湿啰音,
asthmatic bronchitis,
中医疗法,
呼气时间延长,
过敏体质因素,
常继发于上呼吸道感染,
感染因素,
部分病例可有复发，大多因再次感染引起,
经治疗后，在第5～7天症状减轻,
一日4次，一次3g,
口服，温开水冲服,
解剖特点,
棕色至棕褐色颗粒,
偶见恶心、便溏,
每袋装3g,
密封，置阴凉干燥处,
Bambuterol Hydrochloride Capsules,
班布特罗,
中医益肺健肾,
Chuanluotong Jiaonang,
孕妇禁服,
忌烟、酒、辣椒、生冷、油腻等食物,
用于虚劳久咳及支气管哮喘,
每粒装0.25g,
肺气肿见以上症状者,
胶囊剂，内容物为黄棕褐色至棕褐色粉末或颗粒,
气特异，味咸、微苦,
Chuanshu Pian,
喘舒成方黄芩提取物,
黄芩苷,
盐酸克仑特罗,
黄芩提取物,
淡黄色至橙黄色的澄明液体,
每支装5ml：125mg,
穿心莲内酯磺化物,
药物性状改变时禁用,
呼吸抑制严重,
Tabellae Pentoxyverini Et Ammonii Chloridi,
各种原因引起的咳嗽,
复方,
成人，一次1片，一日3～4次,
氯化铵300毫克,
枸橼酸喷托维林25毫克,
白色片，片心为类白色滴丸,
Pentoxyverine Citrate and Ammonium Chloride Syrup,
氯化铵3g,
每瓶含枸橼酸喷托维林0.25g,
东方人,
R59.1,
妊娠性哮喘,
血清IgE升高,
嗜酸细胞增加,
嗜麦芽黄单孢菌感染,
嗜麦芽窄食单孢菌,
Tiotropium Bromide Powder For Inhalation,
心率增加,
噻托溴铵,
室性心动过速,疾病
视力模糊,
Tiotropium sprays,
抗胆碱药,
Spiriva（Saituoxiu'an Fenxiruji）,
反流,
皮肤溃疡,
舌炎,
年龄为59岁左右,
无症状的肿块,
无性别差异,
M84400/3,
四环素类,
Azithromycin for Injection,
肉芽肿病,
Polyvalent Virosomal Influenza Vaccine,
乙醇,
Curosurf（Poractant Alfa Injection）,
蛋白质,
Guben Kechuan Pian,
一次3片，一日3次,
动则喘剧,
儿童、孕妇、哺乳期妇女应在医师指导下服用,
党参,
味甜、微酸、微苦、涩,
喘息气促,
每片重0.4克,
感冒发热病人不宜服用,
服药4周症状无缓解，应去医院就诊,
本品仅用于慢性支气管炎缓解期，发作期不宜服用,
炙甘草,
肾气不固所致的咳嗽,
OTC乙类,
Guben Kechuan Jiaonang,
薄膜衣片，除去包衣后显棕褐色,
补骨脂,
每粒装0.4克,
忌不易消化食物,
益气活血,
补骨脂（盐水炒）,
醋五味子,
口服，一次12g，一日3次；或遵医嘱,
棕褐色至褐色稠厚的半流体,
每瓶装150g,
气微香，味酸甜、微辛,
补肺止咳,
肺痨咳血,
温肺化饮,
四环素及其衍生物/四环素类/抗生素,
1ml：5mg,
对阿片类镇痛药过敏的病人禁用,
地喹氯铵0. 25毫克,
地喹氯胺0.25毫克,
地喹氯铵0.25毫克与短杆菌素1毫克,
短杆菌素1毫克,
稍带粘性的白色乳浊液，稍有特臭,
Dexamethasone Tablets,
Dexamethasone Sodium Phosphate Injection,
剂量,
无水亚硫酸氢钠,
无水亚硫酸钠,
某些严重感染,
渗透性泻药/皮质激素的单方制剂,
磷酸氢二钠,
苯甲醇,
辅料：丙二醇,
长期服药后，停药前应逐渐减量,
运动员慎用,
地奈德,
病情加重,
清肺,
用于肺热咯血,
Desflurane,
喉痉挛50%,
头晕呼吸：哮喘,
屏气30%,
屏气,
屏气68%,
心电图异常,
Suprane（Desflurane Liquid）,
增加分泌物,
急性缺氧,
地氯雷他定,
12岁以上患者,
0.125g,
Dirithromycin Enteric—coated Tablets,
中度感染：慢性支气管炎急性发作：由流感嗜血杆菌,
地红霉素,
治疗下列敏感菌引起的轻,
肠溶薄膜衣片，除去包衣后显白色或类白色,
肺炎链球菌引起,
Dirithromycin Enteric—coated Capsules,
肠溶胶囊，内容物为白色或类白色粉末,
用于肺结核咳嗽,
肺虚气喘,
肺痨草,
益肾润肺,
服用本品时应避免与抗菌药合用,
制霉菌素,
严重免疫缺陷的患者,
Geotrichosis,
地霉菌由口腔,
唑类药,
咳痰及咯血,
支气管及肺部,
喉烧灼感等,
碘化物,
肺地霉菌病,
醋酸铝溶液,
用于支气管哮喘所致的咳嗽,
润肺益肾,
盐酸环丙沙星,
Ambroxol Hydrochloride Capsules,
支气管出血（如咯血）,
肺浸润,
角膜浸润,
角膜着染,
伴或不伴咳嗽,
分枝杆菌感染,
夜汗,
A31.0,
胸痛和呼吸困难,
40mg,
口服，成人一次2片（2×40mg），每日一次，或遵医嘱,
中度支气管哮喘,
Seratrodast Tablets,
塞曲司特,
妊娠妇女禁用,
本品应在晚饭后服用,
治疗轻,
80mg,
口服，成人一次1包（80mg），每日一次，或遵医嘱,
Seratrodast Granules,
室温，密封保存,
轻中度支气管哮喘的治疗,
黄色颗粒,
支气管痉挛恶化,
歌唱者小结,
盐酸头孢替安,
Cefotiam Hydrochloride for Injection,
包括肺炎,
喉、气管及支气管树软骨病变,
其它免疫刺激剂,
但病理生理变化比较复杂,
阻塞性肺疾病,
酸碱紊乱,
酸碱中毒,
一次1片，一日2～3次,
Compound Dioxopromethazine Hydrochloride Tablets,
多痰,
支气管炎等引起的咳嗽,
盐酸克仑特罗15μg,
糖衣片，除去糖衣显白色,
盐酸二氧丙嗪,
茶碱55mg,
并含有灭菌缓冲剂,
复方公英成方 蒲公英,
不能同时服用与本品成份相似的其他抗感冒药,
口服，一次4～5片，一日4次,
用于咳嗽痰多,
每片相当原药材0.3克,
Compound Codeine Phosphate Oral Solution,
喉干,
盐酸曲普利啶0.14mg,
盐酸麻黄碱0.6mg,
磷酸可待因1.0mg,
鼻干,
愈创木酚磺酸钾14mg,
肺炎所引起的咳嗽,
忌烟、酒及辛辣、生冷、油腻性食物,
偶有恶心、胃部不适,
用于治疗慢性支气管炎咳嗽,
降气祛痰,
口服，一次2粒，一日3次，饭后服用,
不宜用于痰热证、火郁证、瘀热证等有热象者,
胶囊剂，内容物为淡黄色至棕黄色的粉末,
每粒装0.28g,
多粘菌素类,
Compound Cefaclor for Suspension,
每包含头孢克洛0.25g,
每片含头孢克洛0.25g,
Fu Fang Tou Bao Ke Luo Pian,
Compound Cefaclor Tablets,
头孢克洛500mg,
对头孢菌素类抗生素或溴己新过敏的患者禁用,
每片含头孢克洛500mg，溴己新16mg,
白色至微黄色片,
Compound Cefaclor Capsules,
如气管炎,
复方制剂，每粒含头孢克洛250mg，溴己新8mg,
每粒含头孢克洛250mg,
硬胶囊剂，内容物为白色至微黄色粉末,
严重肺心病、消化性溃疡及甲亢患者慎用,
可可碱12.5毫克,
可可碱 12.5mg,
慢性喘息型支气管炎所致支气管痉挛,
盐酸麻黄碱5毫克,
缓解支气管哮喘,
盐酸麻黄碱 5mg,
茶碱 12.5mg,
茶碱12.5毫克,
BERGENINI COMPOSITAE TABLETS,
Tabellac Bergenini Compositae,
TABLLAE BERGENINI COMPOSITAE,
Tabellae Bergenini Compositae,
口服，一次1片，一日3次,
岩白菜素125mg,
每片含岩白菜素125mg,
每片岩白菜素125mg,
Fufang Chuanbei Zhike Tangjiang,
杏仁香精,
防腐剂（苯甲酸）,
Fufang Chuanbeijing Pian,
川贝母（0.025克）,
桔梗（0.094克）,
甘草浸膏（0.015克）,
甘草浸膏,
Fufang Chuanbeijing Jiaonang,
麻黄浸膏适量（相当于盐酸麻黄碱0.0021克）,
口服，一次2～3粒，一日3次，小儿酌减,
味苦、微辛,
用于风寒咳嗽,
胶囊剂，内容物为浅棕色的粉末,
痰喘引起的咳嗽气喘,
麻黄浸膏,
Fufang Pingbei Koufuye,
白前（蜜炙）,
紫菀（蜜炙）,
抗感染药,
局部用抗生素/其它氨基糖苷类/抗感染药,
硫酸庆大霉素1000单位,
硫酸庆大霉素,
硫酸庆大霉素1000单位盐酸丁卡因4毫克,
醋酸地塞米松0.12毫克,
愈创木酚磺酸钾250毫克,
愈创木酚磺酸钾1.25克,
氯化铵100毫克,
氯化铵0.5克,
盐酸异丙嗪10毫克,
愈创甘油醚150毫克,
枸橼酸喷托维林15毫克,
薄荷脑1毫克,
马来酸氯苯那敏3毫克,
每粒胶囊含曲尼司特80mg，硫酸沙丁胺醇2.4mg,
切勿接触眼睛，鼻粘膜损伤者慎用,
胶囊剂，内容物为棕黄色至棕褐色的颗粒和粉末,
口服，一次4片，一日3次,
气特异，味涩、苦,
用于慢性气管炎,
薄膜衣片，除去薄膜衣显棕色至棕褐色,
口服，一次9～15克，一日3次,
化痰,
咯痰不爽,
用于风热咳嗽,
10g/袋,
口服，一次1～2袋，一日3次，开水冲服,
枸橼酸喷托维林2mg,
小儿减半服用或遵医嘱,
糊精350mg,
支气管炎等引起的干咳或咳嗽少痰,
蔗糖粉适量,
浅黄色的颗粒，味香甜带苦,
糖精钠1.5mg,
薄荷脑7.5mg,
川贝枇杷成方川贝母,
服用一周病证无改善，应停止服用，去医院就诊,
开水冲服，一次10～20克，一日3次,
吐根流浸膏,
樟脑,
枇杷叶流浸膏,
糖浆,
香精,
香精（香蕉）,
Fufang Jiegeng Pipa Tangjiang,
愈创木酚甘油醚,
FufangJiegeng Zhike Pian,
本品适用于咳嗽痰多，寒热症状不明显者,
桔梗冬花成方桔梗,
每片重0.25克,
Compound Ammonium Chloride Oral Solution,
远志（蜜炙）,
吐根酊,
吐根酊0.48ml,
愈创木酚磺酸钾180mg,
氯化铵840mg,
桔梗流浸膏1.2ml,
百部流浸膏1.2ml,
薄荷脑24mg,
喘息性支气管炎引起的咳嗽,
远志流浸膏2.4ml,
成人，一次1片，一日2～3次,
甘草粉50毫克,
盐酸麻黄碱10毫克,
桔梗粉100毫克,
用药7天，症状未缓解，请咨询医师或药师,
老年患者慎用,
桔梗流浸膏0.08毫升,
甘草浸膏55毫克,
远志流浸膏0.05毫升,
复方制剂,
成人，一次1～2片，一日3次，饭后服用,
Compound Balloonflower and Ephedrine Syrup,
用药3—7天，症状未缓解，请咨询医师或药师,
氯化铵30毫克,
桔梗流浸膏0.045毫升,
紫菀流浸膏0.025毫升,
盐酸麻黄碱0.365毫克,
远志流浸膏0.015毫升,
Fufang Jiegeng MahuangjianTangjiang（II）,
桔梗流浸膏0.03毫升,
氯化铵15mg,
氯化铵15毫克,
盐酸麻黄碱0.8mg,
盐酸麻黄碱0.8毫克,
薄荷脑0.15mg,
苯甲酸1.5mg,
口服，每一次20克，一日3～5次,
用于阴虚久咳,
肺燥咳嗽,
Fufang Qiguanyan Pian,
磺胺类药物过敏者及孕妇忌用,
痰多属痰浊阻肺者,
糖衣片或薄膜衣片，除去包衣显棕黄色至棕灰色,
味微甜、微苦,
每粒装0.33g,
胶囊剂，内容物为棕黄色的颗粒及粉末,
24小时不超过4次,
孕妇及哺乳期妇女慎用,
不得与其他药物混合注射,
呼吸系统有严重疾病及呼吸困难者慎用本品,
氨茶碱0.02g,
氨茶碱20mg,
一次1粒，一日2～3次,
2年,
暴马子浸膏25mg,
钙或镁的碳酸盐,
迁延型急性支气管炎,
胶囊剂，内容物为淡黄色颗粒及粉末,
盐酸去氧肾上腺素,
马来酸溴苯那敏,
氢溴酸右美沙芬0.6mg,
愈创甘油醚4毫克,
氢溴酸右美沙芬0.75毫克,
服用本品期间不得饮酒或含有酒精的饮料,
Compound Clorprenaline and Bromhexine Tablets,
平喘药及慢阻肺用药/止咳祛痰和感冒药,
一次1片，一日1～3次,
手颤,
偶有嗜睡,
暂定二年,
对本品成分过敏者禁用,
每粒胶囊含盐酸氯丙那林5mg,
盐酸氯丙那林5mg,
遮光，密封，在阴凉干燥处保存,
盐酸溴己新10mg,
盐酸溴已新10mg,
盐酸去氯羟嗪25mg,
糖衣片，除去糖衣后，呈白色,
Compound Clorprenaline and Bromhexine Capsules,
口服，1次1粒，一日1－3次,
高血压和心、肾功能不全者慎用,
Compound Clorprenaline Hydrochloride Tablets,
喘息性支气管炎,
α和β肾上腺素能受体激动剂,
孕妇和2岁以下小儿禁用,
成人，一次1片，一日3次,
用药7天，症状不缓解，请咨询医师或药师,
盐酸氯丙那林4毫克,
盐酸溴己新4毫克,
马来酸氯苯那敏1.5毫克,
鱼腥草素钠20毫克,
盐酸去氯羟嗪,
CompoundChlorhexidineandDexamethasonePellicles,
地塞米松磷酸钠0.05毫克,
盐酸氯己定1.5毫克,
聚山梨酯—80,
胸部发紧,
祛痰止咳清热,
Fufang Manshanhong Tangjiang,
Fufang Manshanhong Jiaonang,
桔梗提取物,
满山红总黄酮,
清热止咳,
Compound Theophylline Sodium Glycinate Tablets,
不适用于哮喘持续状态患者,
对茶碱或愈创木酚甘油醚有过敏史者禁用,
慢性阻塞性肺气肿,
慢性喘息型支气管炎,
愈创木酚甘油醚100mg,
甘氨酸茶碱钠（按无水茶碱计150mg）,
避免在6小时内重复服用,
胶囊，内容物为白色或类白色粉末,
Compound Glycyrrhiza Oral Solution,
Compound Glycyrrhiza Solution,
复方樟脑酊1.8ml,
复方樟脑酊32. 4ml,
愈创木酚甘油醚0.05g,
愈创木酚甘油醚0.9g,
愈创木酚甘油醚5g,
愈创木酚甘油醚0.5g,
愈创甘油醚5g,
愈创甘油醚,
愈创甘油醚0.05g,
每1000ml中含甘草流浸膏120ml,
浓氨溶液,
每10ml中含甘草流浸膏1.2ml,
浓氨溶液适量,
每180ml中含甘草流浸膏21.6ml,
甘草流浸膏1.2ml,
甘草流浸膏120ml,
镇咳祛痰,
八角茴香油,
成人，一次1～2片，一日3～4次,
桔梗流浸膏0.06毫升,
每片含氯化铵50毫克,
慢性支气管炎引起的咳嗽,
氯化铵50毫克,
浙贝母流浸膏0.04毫升,
气芳香,
甘草流浸膏0.1毫升,
甘草浸膏40毫克,
薄膜衣片，除去包衣后显淡棕色,
远志流浸膏0.06毫升,
口服或含化，成人一次3—4片，一日3次,
对本品成份过敏者禁用,
每片含甘草浸膏粉（中粉）112.5毫克,
甘草流浸膏粉112.5毫克,
甘草浸膏粉0.1125g,
甘草浸膏粉112.5mg,
甘草流浸膏粉112.5mg,
甘草浸膏粉112.5毫克,
甘草浸膏粉（中粉）112.5毫克,
甘草浸膏粉（中粉）112.5mg,
阿片粉或罂粟果提取物粉4毫克,
阿片粉4毫克,
阿片粉4mg,
水钠潴留,
甘草酸单铵（C42H65NO16·2H2O）为36～44mg,
心肺衰竭,
Compound Liquorice and Ephedrine Tablets,
单纯性支气管炎引起的咳嗽,
如用药7天，症状未缓解，请咨询医师或药师,
密封保存,
杏仁5毫克,
淡黄褐色片,
甘草浸膏8.75mg,
甘草浸膏8.75毫克,
盐酸麻黄碱10mg,
苦杏仁5mg,
Compound Methoxyphenamine Capsules,
Compound Methoxyphenamine Hydrochloride Capsules,
Fu Fang Jia Yang Na Ming Jiao Nang,
哮喘危象、严重心血管疾病患者禁用,
发红,
哺乳期妇女禁用,
抗感冒药,
服用本品后，有时引起困倦，故不要驾驶或操作机械,
未满8岁的婴幼儿童禁用,
抗组胺药,
盐酸甲氧那明12.5mg,
瘙痒，恶心,
马来酸氯苯那敏2mg,
Fufang Baibu Zhike Tangjiang,
枳壳（炒）,
Fufang Baibu Zhike keli,
一次1—2袋，一日2—3次，小儿酌减,
浅黄色至黄褐色的颗粒,
痰黄粘稠,
清肺止咳,
严禁注入血管、椎管内,
味微苦、涩,
糖衣片，除去糖衣后显棕褐色,
Fufang Shiwei Pian,
石韦,中草药
每粒装0.35g,
硬胶囊，内容物为浅褐色至棕褐色粉末,
棕褐色颗粒，味苦,
CNS刺激,
协调运动困难,
心绞痛,疾病
烧心,
粘膜溃疡,
神经质,
愈创木酚甘油醚100.0mg,
每5ml含马来酸溴苯那敏2.0mg,
氯化铵（NH4Cl）1.32g；,
盐酸麻黄碱5.0mg,
盐酸麻黄碱（C10H15NO·HCl）48mg,
盐酸麻黄碱（C10H15NO·HCl）96mg,
磷酸可待因（C18H21NO3·H3PO4·1.5H2O）120mg,
COFETOLCough Syrup,
马来酸氯苯那敏（C16H19ClN2·C4H4O4）12mg,
马来酸氯苯那敏（C16H19ClN2·C4H4O4）24mg,
磷酸可待因4.5mg,
愈创木酚甘油醚1200mg,
磷酸可待因54mg,
盐酸麻黄碱60mg,
Compound Codeine Phosphate Solution（II）,
Compound Codeine Phosphate Tablets,
嗜睡。偶有恶心,
勿超剂量使用,
12岁以下儿童不宜使用,
对本品任一成分过敏者禁用,
孕妇及哺乳期妇女禁用,
本品应置于小儿触及不到的地方,
盐酸苯海拉明5 mg,
磷酸可待因10 mg,
磷酸可待因10mg,
欣快,
烦躁感,
磺胺嘧啶0.4g,
其他局部用抗生素,
甲氧苄啶80mg,
白色片剂，味微苦,
磺胺甲恶唑0.4g,
SMZco,
Compound Sulfamethoxazole Injection,
复方磺胺甲恶唑,
无色或微黄色的澄明液体,
Compound Sulfamathoxazole Tablets,
含甲氧苄啶（TMP）80mg,
活性成份磺胺甲唑0.4g,
活性成份磺胺甲恶唑0.4g,
活性成分磺胺甲恶唑0.4g,
活性成分磺胺甲日恶唑0.4g,
甲氧苄啶0.08g,
磺胺甲恶唑（SMZ）400mg,
Compound Sulfamethoxazole Capsules,
三甲氧苄氨嘧啶及其衍生物,
每袋含磺胺甲恶唑0.8g、甲氧苄啶0.16g,
甲氧苄啶160mg,
甲氧苄氨嘧啶,
磺胺药与三甲氧苄氨嘧啶（包括衍生物）的复方制,
磺胺甲恶唑800mg,
磺胺甲恶唑和甲氧苄啶,
Compound Pholcodine Oral Solution,
120ml/瓶：每瓶含福尔可定120mg,
180ml/瓶：每瓶含福尔可定180mg,
60ml/瓶：每瓶含福尔可定60mg,
思睡,
愈创木酚甘油醚1800mg,
愈创木酚甘油醛600mg,
愈创木酚甘油醚300mg,
愈创木酚甘油醚50.0mg,
每5ml含福尔可定5.0mg,
海葱流浸膏0.03ml,
盐酸伪麻黄碱15.0mg,
盐酸伪麻黄碱180mg,
海葱流浸膏0.18ml,
海葱流浸膏0.06ml,
盐酸伪麻黄碱360mg,
海葱流浸膏0.12ml.远志流漫膏0.12ml,
盐酸伪麻黄碱90mg,
盐酸伪麻黄碱540mg,
盐酸曲普利啶0.6mg,
盐酸苯丙烯啶21.6mg,
盐酸苯丙烯啶14.4mq,
盐酸苯丙烯啶3.6mg,
盐酸苯丙烯啶7.2mg,
福尔可定30mg,
Compound Pholcodine Syrup,
胃肠不适,
远志流漫膏0.18ml,
愈创木酚甘油醚0.25g,
福尔可定0.1g,
盐酸麻黄碱0.2g,
滋阴润肺,
Fufang Luohanguo Zhike Keli,
开水冲服，一次10克，一日3次,
用于肺热,
糖尿病患者慎用,
肺气不足，感冒风寒者忌服,
每袋装14克,
适用于咳嗽痰黄,
咯痰不畅,
糖尿病及寒痰咳嗽患者禁服,
二羟丙茶碱0.1g,
其内容物为白色或类白色的颗粒或粉末或疏松柱状物,
每胶囊含二羟丙茶碱,
硬胶囊剂,
盐酸去氯羟嗪30mg,
盐酸溴己新8mg,
青光眼患者禁用,
脑出血急性期患者禁用,
每片含氨茶碱50mg,
可可碱25mg,
咖啡因,
咖啡因15mg,
每片含茶碱25mg,
Compound Theophylline and Methylephedrine Tablets,
颠茄浸膏粉2mg,
盐酸甲麻黄碱25mg,
茶碱0.13g,
Compound Theophylline and Ephedrine Tablets,
每片含茶碱0.13g,
Compound Theophylline and Ephedri ne tablets,
盐酸甲麻黄碱,
可可碱25毫克,
咖啡因15毫克,
咖啡因l5mg,
盐酸麻黄破10mg,
盐酸麻黄碱lomg,
每片含茶碱25毫克,
颠茄浸膏粉2毫克,
黄嘌呤类衍生物/黄嘌呤衍生物/黄嘌呤类,
化痰利咽,
胶囊剂，内容物为褐色的粉末,
咳嗽痰黄,
对鱼腥草类药品有过敏或严重不良反应病史者禁用,
本品含苯甲醇，孕妇、儿童禁用,
过敏体质者慎用,
一次2～4粒，一日3次，饭后服用或遵医嘱,
蒲公英提取物,
北豆根提取物,
硬胶囊，内容物为棕黄色至棕褐色的颗粒或粉末,
Fufang Shedan Chuanbei San,
马兜铃,
蛇胆川贝成方蛇胆汁,
十天为一疗程，疗程间隔3～5天,
喘息性支气管炎更宜,
密封，避光,
每支装2ml,
气喘痰多,
用于肺虚咳嗽,
肌内注射，一次2～4ml，一日1～2次,
Compound clam green capsules,
老年慢性气管炎,
黄棕色的澄明液体,
孕妇、哺乳期妇女慎用,
感冒引起的频繁的咳嗽,
成人一次1～2片，一日3～4次,
按规定剂量服用，过量则可能引起恶心、呕吐,
桉叶油0.002毫升,
止咳祛痰和感冒药/清化热痰,
桔梗粉225毫克,
用药3～7天，症状未缓解，请咨询医师或药师,
甘草粉12毫克,
用药期间禁烟、禁酒、禁食辛辣食物,
Fu fang Bei mu Pian,
贝母粉150毫克,
远志流浸膏0.075毫升,
肝肾功能不全者禁用,
口服，一次3～6片，一日2～3次,
蜜百部,
成人一次2粒，一日3次,
盐酸伪麻黄碱15毫克,
盐酸氯哌丁6毫克；盐酸伪麻黄碱15毫克,
胶囊剂，内容物为白色或微黄色粉末,
Compound Triamcinolone Acetonide Acetate Solution,
醋酸,
Fufang Yemazhui Tangjiang,
野马追,中草药
每袋装6g,
痰多咳喘,
浅黄色至棕黄色的颗粒,
开水冲服，一次1袋，一日3次,
对阿司匹林过敏的哮喘患者禁用,
Compound Almitrine Tablets,
开水冲服，一次1袋，一日2—3次,
气腥臭，味微咸,
既往有蛋白过敏史者，请警惕发生过敏的可能,
胶囊剂，内容物为棕褐色粉末,
请在医生指导下使用，必要时应配合西药使用,
复方鱼腥草成方鱼腥草,
金银花；辅料为蔗糖,
Compound Houttuynia Drip Pills,
每粒装0.52克,
不宜在服药期间同时服用温补性中成药,
口服，一次1袋，一日3次,
Fufang Yuxingcao Keli,
忌辛辣、鱼腥食物,
按照用法用量服用，儿童应在医师指导下服用,
服药3天症状无改善，或出现其他症状，应去医院就诊,
每袋装6克,
薄荷素油,
支气管哮喘患者慎用,
间甲酚（2.4mg/ml－3.3mg/ml）,
淋巴细胞增多,
traumatic chylothorax,
使乳糜液外溢入胸膜腔所致,
严重脱水,
胸内手术引起胸导管或其分支的损伤,
胸闷气急和呼吸困难等,
开水冲服，一次12克，一日3次,
退热止咳,
用于感冒引起的咳嗽,
宣肺祛痰,
肺热喉痛,
嗜睡症,疾病
睡眠呼吸暂停,
老年人睡眠呼吸暂停综合征,
缺乏深睡眠,
阻塞性睡眠呼吸暂停综合征,
鼾症,
多烯酸乙酯,
芬太尼,
Doxofylline Oral Solution,
上腹部疼痛,
易怒,
腹部疼痛,
100ml：多索茶碱0.3g与氯化钠0.9g,
Doxofylline sodium chloride Injection,
Doxofylline and Sodium Chloride Injection,
多索茶碱0.3g,
10ml：0.1g,
Doxofylline Injection,
期前收缩,疾病
Doxofylline Tablets,
Doxofylline Tabletｓ,
上腹不适,
暂定36个月,
窦性心动过速,疾病
每粒0.2g,
100ml：多索茶碱0.3g，葡萄糖5g,
5—10日为一个疗程,
及其化学名称为：多索茶碱,
本品辅料为：注射用水,
每次100ml（300mg），每日一次，缓慢静脉滴注,
玻璃输液瓶24个月,
葡萄糖,
5g：0.2g,
Doxofylline Granules,
白色或类白色颗粒，味甜,
肺部病变,
嘶哑,
纤维支气管镜,
鼻窦压痛,
耳/鼻窦痛,
韦格纳肉芽肿病,
2—8℃，密闭、遮光保存,
名称：柠檬酸；吐温—80；无水乙醇,
多西他赛,
有20mg无水多西他赛,
有40mg无水多西他赛,
淡黄色至黄棕色澄明的粘稠液体,
紫杉烷类,
细胞毒性药物,
Doxycycline Hyclate Dispersible Tablets,
night asthma,
与气道嗜酸细胞性炎症有关,
流清涕,
眼痒和流泪等,
咳铁锈色痰,
J18.1,
呕吐等,
肺炎链球菌感染,
肺炎球菌肺炎,
辅助检查,
"肺炎,病原体未特指",
部分病例有恶心、呕吐、腹胀、腹泻,
失血性休克,疾病
支气管动脉壁破裂,
止血治疗,
Azithromycin Tablets,
氟康唑,
用于肺热吐血,
于2～8℃避光保存和运输，严禁冻结,
每人每次接种0.5ml,
本品严禁静脉注射！,
本品严禁冻结,
发绀及呼吸困难等,
大肠埃希杆菌感染,
心肺功能不全,
胸腔积液或脓胸,
在宫内或分娩过程中吸入较大量羊水,
羊水吸入综合征,
胎儿,
胎儿出现呼吸困难,
用于肺痈,
肺痈,
Tianyi Zhike Tangjiang,
Biapenem for Injection,
比阿培南,
清肺生津,
用于肺燥干咳,
制天南星：用于顽痰咳嗽,
胶囊剂，内容物为黄褐色的粉末,
洛美沙星,
气微，味甜微苦涩,
哮喘，皮肤瘙痒,
硫酸奈替米星,
巴洛沙星,
肺热燥咳,
盐酸赛洛唑啉1毫克,
Xylometazoline Hydrochloride Nasal Drops,
Prulifloxacin Tablets,
门冬氨酸洛美沙星,
用于小儿痰多咳喘,
Roxithromycin for Suspension,
生津润肺,
肺燥干咳,
角菜酸酯0.3克,
Cefprozil Dispersible Tablets,
敏感菌所致的下列轻,
禁用于对头孢菌素类过敏患者,
Cefprozil Chewable Tablets,
Cefprozil For Dry Suspension,
Cefprozil Tablets,
量约占90%,
橙色椭圆形薄膜衣片，除去包衣后显类白色或淡黄色,
遮光密封，在阴凉干燥处（不超过20℃）保存,
Cefprozil Capsules,
按C18H19N3O5S计算0.25g,
主要成份为头孢丙烯,
对本品及其他头孢菌素类过敏者,
愈创木酚甘油醚200毫克,
125mg：6s，250mg：6s,
敏感菌所致的呼吸道感染如肺炎,
Cefaclor Tablets,
Cefaclor Sustained Release Tablets,
Cefaclor Sustained—Release Tablets,
Cefaclor Sustain—released Tablets,
卡它莫拉菌（包括产β—内酰胺酶菌株）,
副流感嗜血杆菌（包括产β—内酰胺酶菌株）,
慢性支气管炎急性发作：肺炎链球菌,
敏感病原菌所致的下列感染：1．急性支气管炎,
流感嗜血杆菌（包括产β—内酰胺酶菌株）,
金黄色葡萄球菌所致,
CECLOR（Cefaclor Sustained Release Tablets（II））,
Cefaclor Sustained Release Capsules,
Cefaclor Sustained—Release Capsules,
对头孢克洛和其它头孢菌素过敏的患者禁用本品,
摩拉克菌属（包括β—丙酰胺酶产酶菌）,
敏感菌引起的下列轻,
肺炎双球菌所引起的慢性支气管炎,
CECLOR（Cefaclor Capsules）,
对头孢克洛和其它头孢菌素过敏者禁用,
Cefaclor Granules,
Cefaclor Effervescent Tablets,
Cefixime Dispersion Tablets,
Cefixime Disper Sible Tablets,
对本品或其他头孢类抗生素过敏者,
是头孢克肟,
薄膜衣片，除去包衣后显白色或微黄色,
克雷伯杆菌属,
变形杆菌属,
卡他布兰汉球菌,
对头孢克肟敏感的链球菌属（肠球菌除外）,
支气管扩张症（感染时）,
对本品及其成分或其他头孢菌素类药物过敏者禁用,
沙雷菌属,
流感杆菌等引起的下列细菌感染性疾病：1．支气管炎,
Cefixime for Oral Suspension,
Cefixime for Suspension,
由于有可能出现休克，给药前应充分询问病史,
Cefixime capsule,
100mg,
主要成份是头孢克肟,
头孢克肟三水合物,
本品的内容物为白色或淡黄色粉末,
流感杆菌等引进的下列细菌感染性疾病：1,
咳嗽，呼吸困难,
对本品及其成份或其他头孢类药物过敏者禁用,
混悬颗粒,
按C20H22N4O10S计算，0.125g,
对头孢菌素类抗生素过敏者禁用,
Cefuroxime Axetil For Suspension,
Zinacef（Cefuroxime Axetil Tablets）,
Cefuroxine Axetil Tablets,
对头孢菌素类抗生素过敏的患者禁用,
按C20H22N4O10S算，0.25g,
敏感细菌造成的感染的治疗,
纳入,
薄膜衣片，除去包衣后显类白色,
药物引起的发热,
Cefur0xime Axetil Capsu1es,
Cefuroxime Axetil Capsules,
按C16H16N4O8S计算0.125g,
本品内容物为白色或类白色粉末或颗粒,
Cefuroxime axetil particles,
白色或类白色混悬颗粒，气芳香，味甜,
Cefdinir Dispersible Tablets,
Cefdinir tablets,
剂量可依年龄、症状进行适量增减，或遵医嘱,
出疹,
成人服用的常规剂量为一次0.1g，一日3次,
对本品有休克史者禁用,
对青霉素或头孢菌素有过敏史者慎用,
硬胶囊，内容物为淡黄白色或浅黄色粉末或小块,
本品主要成份头孢地尼,
胸部X射线异常,
颗粒，气芳香、味甜,
Cefditoren Pivoxil Tablets,
对本剂成份有休克既往史患者禁用本剂,
头胞菌素类及相关物质,
常用量：一次200mg，1日2次，饭后服用,
头孢妥仑匹酯,
随年龄及症状适宜增减,
头孢布烯,
胶囊：0.2g，0.4g,
敏感菌引起的呼吸系统感染如咽炎,
严重感染,
肺炎等呼吸道感染,
Cefradine for Suspension,
Cefradine Tablets,
过敏休克,
薄膜衣片，除去包衣后显类白色或微黄色,
Cefradine Capsules,
CEFRADINE Capsules 0.25g,
主要成份为头孢拉定,
按C16H19N3O4S计算0.25g,
Cefalexin Tablets,
糖衣片，除去包衣后显白色或乳黄色,
头孢氨苄62.5mg,
头孢羟氨苄0.0625g,
头孢氨苄0.125g,
成人，一次1～2片，一日4次，小儿酌减或遵医嘱,
本品为口服制剂，不宜用于严重感染,
甲氧苄啶25mg,
甲氧苄啶0.025g,
甲氧苄啶12.5mg,
Compound Cefalexin Capsules,
头孢氨苄0.125mg,
头孢氨苄0.0625g,
头孢氨苄125mg,
头孢羟氨苄0.125g,
头孢羟氨苄62.5mg,
每粒含头孢氨苄0.125g,
每粒含头孢氨苄0.125g，甲氧苄啶25mg,
每粒含头孢氨苄62.5mg,
"甲氧苄啶,头孢氨苄",
头孢氨苄50mg,
甲氧苄啶10mg,
0.25g/片,
支气管扩张感染以,
手术后胸腔感染,
流感杆菌,
肺炎杆菌,
以C16H17N3O4S计算0.25g,
中度感染：1,
Cefalexin Granules,
Cefalexin Capsules,
按C16H17N3O4S计算0.25g,
口服：1次250mg，1日3次,
胶囊：每胶囊250mg,
Cefpodoxime Proxetil Dispersible Tablets,
喘呜,
对本品敏感菌引起的下述轻到中度感染症：1,
是头孢泊肟酯,
支气管扩张症继发感染,
对本品或头孢烯类抗生素有既往过敏史者患者禁用,
慢性呼吸道疾病继发感染,
Cefpodoxime Proxetil for Suspension,
Cefpodoxime Proxetil Tablets,
对本品敏感菌引起的下述轻到中度感染症：1.肺炎,
对本品或头孢烯类抗生素有既往过敏史患者禁用,
慢性呼吸道疾患继发感染,
按头孢泊肟计算50mg,
薄膜衣片，除去薄膜衣后显类白色或淡黄色,
对头孢泊肟过敏的患者禁用,
对青霉素或β—内酰胺类抗菌素过敏的患者禁用,
硬胶囊剂，内容物为类白色至微黄色颗粒,
Cefteram Pivoxil Tablets,
Celfteram Pivoxil Tablets,
对头孢特仑或本剂成分过敏的患者,
头孢特仑新戊酯,
富山龙,西药
Cefadroxil Dispersible Tablets,
Cefadroxil Tablets,
对本品及头孢类抗生素过敏者禁用,
三甲氧苄氨嘧啶及其衍生物/第一代头孢菌素,
每粒含头孢羟氨苄0.125g,
硬胶囊，内容物为淡黄色粉末,
夸赛纳森林病病毒,
Ribavirin for Injection,
Azithromycin Fumarate Capsules,
胸内苦闷感,
毒性表皮坏死松懈,
Azlocillin Sodium for Injection,
阿洛西林钠,
本品主要成份为细辛脑,
Gatifloxacin Mesylate Injection,
过敏性反应,
瞳孔缩小,
Amoxicillin and Clavulanate Potassium Tablets（7：1）,
克拉维酸125mg,
嗜酸性粒细胞减少,
阿莫西林875mg,
每克含匹伐酸氟米松0.2mg,
Levofloxacin Mesylate for Injection,
硝基咪唑衍生物,
硬胶囊剂，内容物为白色或微黄色颗粒,
局部用抗生素/甾体抗菌药,
Levofloxacin Lactate for Injection,
Gatifloxacin Mesylate For Injection,
一次1～2mg，每隔6小时注射一次，或按病情给药,
1ml：2mg,
手术前患者禁用,
一次5～10mg，一日3次,
5mg,
口服，一次2～4丸，一日3次,
气微，味微甜、微苦,
杏仁,
每丸相当于原药材0.7g,
Ruyi Dingchuan Pian,
如意定喘成方蛤蚧,
呼气性呼吸困难,
妊娠的处理,
哮喘发作的处理,
bronchial asthma,
产科,
阵发性喘息,
胸闷和咳嗽,
遗传和环境因素为主,
pregnancy combined with pulmonary embolism,
以起病突然、脑缺氧等一系列表现为主,
呼吸困难者,
本病发病急，须做急救处理,
咳嗽等,
心脏赘生物等,
妇产科,
外科治疗,
抗凝疗法,
突然发生不明原因的虚脱,
栓子来源,
羊水,
空气栓,
肝大,
胸膜摩擦音,
脂肪栓,
细菌栓,
pregnancy combined with pneumonia,
静脉血栓形成的条件,
转移性癌,
颈静脉怒张,
妊娠期肺炎,
咳黏液脓性或铁锈色痰等,
原虫,
小叶性肺炎,
支持疗法,
病毒,
最常见肺炎球菌和水痘病毒,
pregnancy associated with pulmonary tuberculosis,
产科处理,
痰抗酸杆菌涂片,
消瘦等,
加强产前保健,
妊娠期出现低热,
结核菌素试验,
asthma in pregnancy,
妊娠期的生理改变,
妊娠时血流,
发音改变等鼻炎样症状,
妊娠对哮喘的影响,
引起组织黏膜充血水肿,
哮喘对妊娠的影响,
毛细血管充血,
耗氧量,
雌激素分泌增多等因素,
"黏液腺肥厚,肺功能改变",
鼻腔阻塞,
Amiaid（Tulobuterol Patch）,
Tu10buterol Patch,
干姜,中草药
气微香，味苦,
糖衣片或薄膜衣片，除去包衣后显黄褐色,
祛风化痰,
猪胆粉,
外周神经炎,
Voriconazole For Injection,
出血时间延长,
呕吐（4.4%）,
多器官衰竭,
外周性水肿,
恶心（5.4%）,
Pazufloxacin Mesilate for Injection,
Pazufloxacin Mesilate Injection,
Sulbactam Sodium Amoxicillin Sodium For Injection,
右胸痛,
左胸痛,
天竺黄,中草药
半夏（姜制）,
紫苏梗,
2岁以下幼儿,
fibrous hamartoma of infancy,
大多数结节小于5厘米,
迅速给氧,
伴张口呼吸甚至憋气等,
唇面发绀,
无法经鼻呼吸,
小儿脓胸,
甚至不能出声,
咽干口燥,
妊娠咳嗽,
干咳少痰或痰中夹血丝,
痰饮内停,
肺气不宣而咳嗽,
导致肺失宣肃,
阴虚火旺,
喘息不得卧,
硫酸多粘菌素B 15000单位,
Cefamandole Nafate for Injection,
15—30℃室温保存，防潮和避光,
Montelukast Sodium Chewable Tablets,
2岁至14岁儿童哮喘的预防,
夜梦异常和幻觉,
孟鲁司特,
对本品中的任何成份过敏者禁用,
夜梦异常,
本品5mg为粉红色圆形片，4mg为粉红色椭圆形片,
激惹,
特非那定,
泼尼松,
瘙痒，皮疹,
长期治疗,
兴奋，激惹,
Montelukast Sodium Tablets,
孟鲁司特钠,
抗组胺和抗过敏药,
肝损害,
记忆损伤,
Montelukast Sodium Oral Granules,
Sporotrichosis,
肺孢子丝菌病,
播散性孢子丝菌病,
播散型孢子丝菌病,
淋巴皮肤孢子丝菌病,
未特指的孢子丝菌病,
淋巴管型孢子丝菌病,
申克孢子丝菌感染,
肺型孢子丝菌病,
薄壁空洞,
黏膜型孢子丝菌病,
胸痛等,
solitary pulmonary nodule,
轻微症状如咳嗽,
制半夏,
宣肺利气,
热咳,
Ningsou Lu（Tangjiang Ji）,
Ning sou Lu,
咳嗽有痰,
作呕,
喉部充塞感,
晕厥。呼吸：咳嗽,
通气过度,
溴己新8mg,
ZafirlukastTablets,
一次1丸，一日2次,
风寒咳嗽忌服,
口服，一次3～6片，一日3次,
黑褐色的大蜜丸,
Ceftriaxone Sodium for Injection,
头孢哌酮0.5g,
舒巴坦0.5g；2.0g每支分别头孢哌酮1.0g,
舒巴坦1.0g,
克拉维酸0.0625g,
克拉维酸0.1g；1.2g含阿莫西林1g,
声门水肿,
亚硫酸钠,
Inactivated Influenza Vaccine（Split Virion）,
用于肺癌,
Ambroxol Hydrochloride Tablets,
盐酸氨溴索30毫克,
Recombinant Human Adenovirus Type 5 Injection,
非感染性发热,
美沙拉秦,
低体温,
免疫系统异常,
凝血障碍,
出血点,
单水乳糖,
呼吸道异常,
咳嗽加剧，鼻衄,
大疱疹,
死亡,
注射部位炎症,
注射部位疼痛,
瘀点疹,
粘膜异常,
精神错乱,
纤维蛋白原增加,
背痛,
高血容量,
重组人干扰素α2b注射液,
治疗有WHOII级或III级症状的肺动脉高压患者（WHO组1）,
B017708,
氧气饱和度下降,
贝伐珠单抗治疗,
Alutard SQ（Mites Allergens Alk（503）D.P）,
Theophylline and GuaiFenesin Soft Capsules,
愈创甘油醚90mg,
每粒含无水茶碱150mg,
无水茶碱150mg,
Formoterol Fumarate Tablets,
富马酸福莫特罗,
过敏性肺泡炎,
闭塞性细支气管炎,
X线片,
total anomalous pulmonary venous drainage,
先天畸形,
心跳加速,
婴儿生长缓慢,
心血管,
轻度发绀等,
氨曲南,
Dingchuan Zhisou Wan,
久嗽痰喘,
一次7.5g，一日2次,
难辩梭菌腹泻,
梨汤或温开水送服,
每100粒重10g,
润肺,
定喘止嗽成方罂粟壳,
感冒咳嗽忌服,
咳痰稠粘,
用于阴虚肺热,
气微香，味甜而微辛,
黄棕色的水蜜丸,
现代用法：水煎服,
宣降肺气,
咳喘痰多气急,
理气剂—降气,
Dingchuan Gao,
痰热内蕴证,
风寒外束,
宣肺平喘,
肺热喘逆等症,
美洛西林0.5g,
Baokening Keli,
宝咳宁成方紫苏叶,
炒苦杏仁,
Xuanfei Zhisou Heji,
罂 粟壳（蜜炙）,
荆芥,中草药
蔗糖,
呼吸衰竭等患者,
细辛油,
血吸虫病,疾病
片吸虫病,
桉油,
富马酸氯马斯汀,
痰液粘稠,
本品不能用于新生儿及早产儿,
支气管哮喘的抗过敏治疗,
兴奋剂,
倦怠感,
40μg,
硬胶囊，内容物为白色或类白色粉末,
密封，室温保存,
精神药品； 口服常释剂型、注射剂为国家医保药物,
1毫克/片,
盗汗，偶见耳鸣,
肾上腺素受体激动药,
颜面潮红,
口服或含于口中吮服，也可加水分散后服用,
富马酸酮替芬1.38毫克（相当酮替芬1毫克）,
每次半片或1片，一日2次，早晚服,
Ketotifen Fumarate Nasal Drops,
富马酸酮替芬（以酣替芬计）15毫克,
富马酸酮替芬2.07毫克（相当于酮替芬1.5毫克）,
抗过敏药，不包括皮质激素,
Ketotifen Fumarate Tables,
Ketotifen Fumarate Tablets,
主要成份富马酸酮替芬1.38毫克（相当酮替芬1毫克）,
口服，一次1片，一日2次，早晚服,
富马酸酮替芬1.38毫克（相当于酮替芬1毫克）,
Ketotifen Fumarate Capsules,
口服，一次1粒，一日2次，早晚服,
富马酸酮替芬1.38毫克,
Ketotifun Fumarate Aerosol for Nasal,
其它全身用抗组胺药,
Ketotifen fumarate nasal spray,
鼻腔干燥,
酮替芬16.7毫克,
Ketotifen Fumarate Nasal Sprays,
口服，一次6g，一日2次,
忌烟、酒及辛辣油腻食物,
气香，味甜，微苦,
服用一周，症状无改善者，应去医院就诊,
周围神经炎,
Isoniazid Aminosalicylate Tablets,
严重肝功能障碍患者禁用,
免疫抑制治疗的结核感染,
对氨基水杨酸异烟肼,
支气管内膜结核,
治疗各型肺结核,
对氨水杨酸钠,
结核分枝杆菌所致的肺,
Shegan Liyan Koufuye,
活动后呼吸困难等,
活动后呼吸困难,
脱离中毒环境,
血中一氧化碳浓度测定,
临床症状、体征,
3岁以上儿童,
人呼吸道冠状病毒感染,
喉痛,
治疗方案,
粪—口途径和直接接触传播,
重症病例的处理,
年龄、性别、流行病史,
低血氧,
仰卧位,
婴幼儿和儿童,
低体温低血钙,
患侧胸廓呼吸运动减弱,
心脏向健侧移位等,
胸腹裂孔疝,
肋间隙增宽,
腹胀,
膈肌,
饱满,
酸血症,
单纯性嗜酸细胞增多性肺浸润征,
针对病原菌治疗,
Legionnaires' Disease,
特殊实验室检查,
肌痛等,
血常规和生化检查,
副流感病毒感染引起,
内闻及干湿啰音及哮鸣音等,
Xiao'er HuaTan Zhi Ke Keli,
不能过量服用，可引起严重的恶心呕吐,
严格按照用法用量服用，本品不宜长期服用,
婴儿及糖尿病患儿应在医师指导下服用,
忌食辛辣、生冷、油腻食物,
Xiao'er Hua tan Zhi ke Ke li,
柠檬酸,
桑白皮流浸膏,
每袋装5克,
淡黄色的颗粒,
白皮流浸膏,
先天发育异常,
pediatric unilateral hyperlucent lung syndrome,
偶见咯血,
单侧支气管受压迫,
支气管阻塞,
男性儿童,
复感染病史,
过度透亮综合征,
可发生淋巴气管瘘,
可有局部肺气肿或含气不良,
甚至肺不张,
疲乏等,
结核杆菌首次侵入机体肺部所引起,
轻咳,
原发性纤毛不动综合征,
中耳炎,疾病
咳痰咯血等,
呼吸性疾患,
J98.8,
学龄儿童及青年,
慢性肺炎,
支气管扩张等所致,
囊性纤维性变,
男性不育,
智力障碍,疾病
纤毛不动综合征,
鼻窦炎和支气管炎,
鼻脓性分泌物,
耳道流脓,
Xiao'er Shuangqing Keli,
呼吸道感染以,
磺胺甲恶唑0.1g，磺胺嘧啶0.1g，甲氧苄啶40mg,
呼吸加快加强,
亚急性变应性热,
变态反应性鼻炎,
夜间突然咳嗽,
呼吸道合胞病毒,
病毒学及血清学检查,
鼻堵塞,
抗病毒治疗,
对羟基苯甲酸乙酯,
山梨酸钾,
甘草；辅料为甜菊糖,
瓜蒌；辅料为甜菊素,
甜菊素,
味微酸甜,
防腐剂（苯甲酸钠）,
每片重1.5克,
棕色至棕褐色的泡腾片,
瓜蒌；辅料为酒石酸,
瓜蒌；辅料为蔗糖,
柠檬酸和碳酸氢钠,
xiao er ke chuan ling Ke li,
Xiao'er Ke chuan ling Ke li,
Xiao`er Kechuanling Keli,
味甜、微苦、辛,
咳嗽久治不愈，或频咳伴吐，应去医院就诊,
发热体温超过38.5℃的患者，应去医院就诊,
小儿咳喘灵成方麻黄,
开水冲服,
忌辛辣、生冷、油腻食物,
每袋装2克,
瓜萎,
甘 草,
糊精和蔗糖粉,
先天性呼吸道疾病,
即咳嗽是这些诊断明确的疾病的症状之一,
糊精和蔗糖,
蔗糖粉,
呼吸道感染与感染后咳嗽,
上气道咳嗽综合征,
infantile cough,
异物吸入,
咳嗽伴有能够提示特异性病因的其他症状或体征,
嗜酸粒细胞性支气管炎,
心因性咳嗽,
胃食管反流性咳嗽,
药物诱发性咳嗽,
或是咳嗽为主要或惟一表现,
胸X线片未见异常的慢性咳嗽,
上呼吸道感染史,
免疫疗法,
pediatric haemophilus influenzan pneumonia,
嗜血流感杆菌,
细菌抗原检查,
血清学检测,
空气飞沫或接触分泌物,
cystic fibrosis,
低蛋白血症,
呕吐和胎便排出延迟等,
唇及指甲发绀,
常染色体隐性遗传性疾病,
生长发育迟缓,
痰为脓性,
维生素缺乏,
肋间及锁骨上凹陷,
营养不良性贫血,
营养不良,疾病
黏滞病,
黏液黏稠病,
鼻塞和流涕,
病毒分离,
儿童一次1片，一日3次，喘息缓解后每日改服1～2次,
3个月以下的婴儿禁用,
已知对吩噻嗪类药高度过敏的人，也对本品过敏,
如出现过敏反应，应立即停药,
盐酸异丙嗪3.0mg,
盐酸丁氯喘0.5mg,
盐酸溴己新5.0mg,
异丙肾上腺素,
对磺胺类药过敏者禁用,
含：磺胺嘧啶0.8g,
每袋含磺胺嘧啶0.8g，甲氧苄啶0.1g,
Pediatric Compound Sulfanmethoxazole Tablets,
磺胺甲恶唑0.1g,
Pediatric Compound Sulfsmethoxazole Granules,
Pediatric Compound Sulfamethoxazole Granules,
2～5岁；一次1～2袋；5～12岁；2～4袋，一日2次,
每袋含磺胺甲恶唑0.1g,
甲氧苄啶20毫克,
甲氧苄啶（TMP）0.02g,
甲氧苄啶20mg,
磺胺甲恶唑0.1克,
磺胺甲恶唑（SMZ）O.lg,
严重缺氧,
未与原始心房融合而致,
生长缓慢,
肺总静脉发育障碍,
心跳加速和轻度紫绀等,
Xiao'er Xuanfei Zhike Keli,
宣肺解表,
每袋装8克,
咳痰不爽,
山药,
痰热壅肺所致的咳嗽痰多,
用于小儿外感咳嗽,
竹叶防风,
西南黄芩,
马兰,中草药
防风,中草药
呼吸急促等,
出生前炎症过程或血流动力学改变所致,
中心性发绀,
CMV感染的实验室检查,
巨细胞病毒感染引起,
肝脾大,
预防性治疗,
呼吸停止等,
呼吸停止,
超声多普勒检查,
人工辅助呼吸,
呼吸兴奋剂应用,
口唇变红,
气道阻塞性疾病,
保持气道通畅,
呼吸节律不整,
并发症治疗,
头痛等,
胸闷及脑功能障碍,
胸膜胸壁疾病,
肺实质和间质性疾病,
按病变部位分,
神经肌肉系统疾病等疾病引起的,
按病原分,
2岁左右幼儿,
血、尿、便常规检查,
肝功、肾功及电解质检查,
保持呼吸道通畅,
抗生素应用,
小儿急性气管支气管炎,
5岁以下儿童,
infantile acute laryngitis,
精神萎靡,
肾上腺皮质激素的应用,
吸气性呼吸困难等,
急性喉炎常继发于急性鼻炎、咽炎,
小儿内科,
耳鼻咽喉头颈外科,
acute bronchitis in infant,
儿科；呼吸科,
J20.9,
婴幼儿时期发病较多,
之后以咳嗽为主要症状,
大多先有上呼吸道感染症状,
或为其混合感染,
控制感染,
肺炎支原体或细菌,
病原为病毒,
较重,
A19.0,
气促和发绀等,
急性血行播散型肺结核,
脾肿大,
脑膜炎症,疾病
粟粒性结核,
结核杆菌侵入机体所致,
上感,
辛凉解表/清热止咳,
止咳祛痰和感冒药/清热解毒,
与免疫功能缺陷,
咳,
提高患儿非特异性免疫力,
潜在疾病治疗,
气道畸形等有关,
痰等,
病毒感染者,
炎,
以及贫血,
阻塞性病变的治疗,
先天性气管、支气管、肺发育异常,
先天性气管,
免疫功能检查,
先心病,
免疫缺陷,
反复吸入,
免疫缺陷等,
可发展为肺源性心脏病,
病情恶化后呼吸功能不全,
幼儿,
有发绀,
纤毛功能障碍,
肺发育异常,
肺功能不全,
肺源性心脏病和肝功能障碍,
维生素及微量元素,
营养性疾病,
肺部疾病未痊愈,
胸廓变形和杵状指（趾）,
血生化,
咽炎和肺炎等,
肺动脉狭窄,
呼吸和发音困难,
mycoplasma pneumonia,
冷凝集阳性肺炎,
原发性非典型肺炎,
可经飞沫和直接接触传播,
学校,
幼儿园密集人群,
由肺炎支原体感染引起,
持续剧烈咳嗽,
咳嗽和喘息,
吸入过敏原,
infantile bronchial asthma,
哮喘急性发作期治疗,
哮喘慢性持续期治疗,
嗜酸细胞计数,
端坐呼吸,
精神因素,
过敏原检查,
自觉胸部不适等,
遗传因素,
遗传因素等,
CT,
非特异性刺激物质,
foreign bodies in bronchus,
剧烈呛咳,
吸气性三凹征,
发卡,
咳嗽及咳脓痰,
异物的大小、异物的停留部位、时间有关,
支气管内,
干痂,
或声音嘶哑,
或外源性物质误入气管,
瓜子,
干酪样物等堵塞,
痉挛性高调咳嗽,
三凹征,
胸透+胸片,
严重腹胀,
发凉,
bronchopneumonia,
2岁以内儿童,
反应迟钝,
一般肺炎,
好发因素,
口周灰白,
常由细菌,
气促等,
病原菌,
重症肺炎,
病毒或霉菌及肺炎支原体等病原引起,
呼吸困难；足月儿出生7天后发病,
辛凉解表,
氯化铵10毫克,
甘草流浸膏0.15毫升,
杏仁（炒）,
1～6个月婴儿,
III型副流感病毒,
呼肠病毒及鼻病毒感染引起,
流感病毒,
持续性干咳和发作性呼吸困难,
由呼吸道合胞病毒,
腺病毒,
苍白及发绀,
重症患儿有明显梗阻性肺气肿,
取出异物,
出现发热,
甚至呼吸困难等,
外伤或手术后,
胸腔内气量多少,
憋气和发绀等,
胸部摄片,
自发性或继发于疾病,
高铁血红蛋白症,
深长呼吸,
Xiao'er Zhixiaoling Pian,
喘等症,
哮喘性支气管炎,
止哮,
用于小儿哮,
发病急,
喘息严重,
呼吸道传播,
弥散性血管内凝血,疾病
尿液检查,
抗病毒药物治疗,
弱小婴幼儿,
惊厥等,
流感病毒感染所致,
病毒分离和血清学检查,
高热不退,
血生化检查,
减轻,
发作性喘憋,
鼻扇,
流鼻涕,
病原为合胞病毒,
润燥化痰/润肺止咳,
用于急慢性气管炎,
痰热或燥痰咳嗽,
葶苈子（炒）,
HIV伴发EB病毒感染等,
婴儿,
人类免疫缺陷病毒（HIV）感染,
进行性呼吸困难及体重下降,
本品的处方组成为麻黄,
Xiao'er Qingyan Keli,
牛蒡子（炒）,
解表剂,
6×8cm[sup]2[/sup]/贴,
棕红色至棕褐色贴膏,
风寒证者忌用,
黄芩（酒炙）,
Xiao'er Qingre Zhike Keli,
淡黄色至棕黄色颗粒，味甜，微苦,
XiaoerQingfei Huatan Koufuye,
黄色或棕黄色的片,
xiao'er qingfei huatan paotengpian,
辛凉解表/清热止咳/化痰平喘,
沉香,中草药
清热,
清半夏,
用于咳嗽喘促,
胆南星,
脾虚、便溏者慎用,
气微香，味甜、微苦,
Xiao'er Reke Koufuye,
生石膏,
Tropical Eosinophilia,
与寄生虫病和寄生虫感染有关,
咳嗽；严重者可哮喘,
器官,
甚至咯血,
组织,
血液检查,
土黄色至棕褐色的颗粒,
请将该药品放在儿童不能接触的地方,
出现高热，或喘促气急者，应到医院就诊,
与遗传,
免疫,
哮喘等,
牛乳过敏,
环境因素和铁代谢异常有关,
可能与病毒和细菌感染,
呼吸困难且快,
吸入粉尘,
干咳；婴儿为三凹征,
年长儿不耐受运动；还有咳血,
弥漫性间质性纤维化,
患自身免疫性疾病等有关,
弥漫性间质性肺炎,
病因不明,
肺功能测定,
特发性间质性肺炎,
生长发育停止,
常有杵状指（趾）等,
肺内可闻及Velcro啰音,
肺部浸润,
Xiao'er Baibei Zhike Tangjiang,
白屈菜,
半夏（矾制）,
早产儿、新生儿应禁用,
精神萎靡或烦躁不安等,
真菌引起的肺部感染,
对本品或其他氨基糖苷类抗生素过敏者禁用,
吞咽困难和咽部疼痛等,
因胸腺,
淋巴结病变,
脓肿或消化道重复畸形等压迫造成,
呼吸困难和发绀咯血,
纵隔,
tuberculous pleuritis,
初起胸痛以后减轻,
包裹性积液和肺底积液,
咳嗽和气促等,
可形成叶间胸膜炎,
由结核菌感染引起,
纵隔胸膜炎,
粘连,
胸液的常规检查,
低热和结核中毒,
呼吸道传染,
由结核杆菌引起,
消化道传染等,
呼吸困难；病情进展可间歇或潮式呼吸,
全身水肿,
嗜睡或昏睡等,
换气功能受限等有关,
极度肥胖儿童,
患儿胸腔,
神志不清,
肥胖性心肺功能不全综合征,
肥胖症伴心肺功能衰竭,
肺部通,
便血,疾病
腹腔内和全身脂肪组织增多,
膈肌运动受限,
致胸腔容积缩小,
通气不足,
尿少,
心脏扩大,
皮肤紫癜,
肾脏,
肾切除,
肾移植,诊疗技术及设备（治疗）
pulmonary artery hypertension,
透析,
心内科,
先天性心脏病或肺部疾病,
起病可能和感染有关,
Xiao'er Fei ke Ke li,
"活动后气急和乏力,心动过速,晕厥",
北沙参,
地骨皮,
小儿肺咳成方人参,
大黄（酒炙）,
大黄,
桂枝,中草药
附子（制）,
茯苓,中草药
青蒿,中草药
pulmonary embolism,
呼吸困难及气促,
各种栓子阻塞肺动脉系统,
肺动脉造影,
磁共振成像（MRI）,
螺旋CT和电子束CT造影,
核素肺通气/灌注扫描,
惊恐或濒死感等,
非特异性检查,
心跳较快,
严重低蛋白血症,
肺内血管与组织间液体交换,
淋巴回流障碍等,
阵阵剧咳,
阵阵剧咳等,
运行出现障碍,
伴发热,
pulmonary alveolar pProteinosis,
C反应蛋白试验,
咯血及食欲减退,
进行性呼吸困难和咳嗽,
infantile pneumonia,
口周发绀,
肺泡磷脂沉着症,
其他系统的症状与体征,
拒食,
困难,
肺部啰音等,
真菌性肺炎,
病毒等感染所致,
衣原体肺炎,
肺炎支原体感染,
肺外并发症的治疗,
Xiao'er Feire Kechuan Keli,
化咳平喘,
棕黄色的颗粒，味甜,
每袋装3克,
支气管肺炎属痰热壅肺证者,
清热解毒,
肠胃不适,
糊精,
胃不适,
人工麝香,
北寒水石,
寒水石,
柴胡,中草药
牛胆粉,
Xiao'er Feireqing Keli,
麝香,
紫草,
黄连,中草药
羚羊角,中草药
僵蚕,中草药
僵蚕（炒）,
B超和CT检查,
轻度恶心,
喘憋胸痛或腹痛等,
并发症,
急性期,
抗生素疗法,
由各种细菌感染引起的,
手术疗法,
反复性或持续性进行性肺部感染寒战,
体重减轻等,
痰液显微镜检,
本病病因未明,
支气管肺组织分离,
蛔虫性嗜酸性粒细胞性肺炎,
X线胸片表现,
咳嗽和气促,
偶有恶心,
新生儿及小婴儿,
结膜炎,疾病
消炎止咳,
密封，防潮,
棕褐色颗粒,
清热剂,
每袋装2g,
症见：发热咳嗽,
变应性鼻炎激发试验,
支气管扩张等,
肺部X线检查,
宫内感染,
其他无创性显像,
可闻及收缩期杂音,
房缺,
心导管,
呻吟,
呼吸和心率增速,
幼婴及新生儿,
心包炎,疾病
心内膜炎感染,疾病
脓疱,
呼吸障碍等,
多导睡眠图,
多因耳鼻咽喉部慢性病变引起,
情绪问题,
睡眠过程中出现呼吸暂停,
晨起头痛,
免疫球蛋白,
重组干扰素γ,
棕黄色的颗粒,
用于小儿肺炎喘咳,
啰音,
检查无绝对或相对禁忌症,
不舒服,
卡铂,
右肺,
活检,
端坐呼,
氡气,
类癌瘤,
肝,
肾上腺,
胸壁,
胸膜,
血清钠,
骨痛,
顺铂,
骨,
超声,
骨扫描,
脑,
可发生淋巴管炎,
潜伏期1～4周,
突然发生高热,
祛痰剂—清热化痰,
喘咳,
外寒里饮证,
痰饮喘咳,
痰涎清稀而量多,
J64,
查体,
吸烟史,
排风罩,
暴露史,
喷砂,
桶状胸,
吸烟者,
灌洗,
滑石肺,
石棉肺,
职业史,
肺容量,
铁尘症,
钡尘肺,
铸造厂,
铁尘肺,
支气管激发试验,
黑肺病,
尘螨诱发气道炎症,
鼻痒,
血清中特异性IgE测定,
揉眼睛,
皮肤点刺试验,
揉鼻子等,
丁酸氢化可的松5毫克（10毫克）,
Azithromycin Dispirsible Tablets,
甘草酸单铵S（C42H65NO16·2H2O）40mg,
Methylprednisolone Sodium Succinate For Injection,
甲泼尼龙琥珀酸钠,
Methylprednisolone Tablets,
胸部痛,
尼古丁,
戒烟药,
Nikethamide lnjection,
中枢性呼吸抑制,
主要兴奋延髓呼吸中枢的药物,
各种原因引起的呼吸抑制,
抽搐及惊厥患者禁用,
其它氨基糖苷类/抗生素,
奈替米星,
胸膜疼痛,
胸膜积液,
间质性肺病,
劳力性呼吸困难,
眩晕。呼吸：哮喘,
肺功能检测,
肺泡—毛细血管通透性增加,
胸痛伴呼吸困难,
口服，一次3粒，一日2——3次,
胶囊剂，内容物为灰褐色粉末,
Lobeline Hydrochloride Injection,
洛贝林,
Rifapentin Capsules,
清热解毒/疏风利咽,
Yanguo Zhike Ye,
盐酸托烷司琼,
肺病热咳,
肺出血,
梨清膏,
Chuanbei Banxia Ye,
川贝半夏成方川贝母,
口服，一次1～2克，一日3次,
阴虚久咳,
Chuanbeimo Jiaonang,
每粒重0.5克,
川贝母成方川贝母,
Chuanbei Pipa Tangjiang.,
CHUANBEIPIBA capsule,
Chuanbei Pipalu,
ChuanbeiPipa Keli,
开水冲服，一次3克，一日3次,
Chuanbeili Tangjiang,
用于感冒咳嗽,
川贝雪梨成方川贝母,
雪梨清膏,
薄荷脑；辅料为蔗糖,
3～10g；研粉冲服，一次1～2g,
川贝,
痰中带血,
雪山被,
Chuanbei Xueli Gao,
Chuanbei Xueli Tangjiang,
川贝雪梨成方梨清膏,
Levofloxacin Hydrochloride Injection,
100ml：左氧氟沙星0.5g与氯化钠0.9g,
呕吐（0.5%）,
呕吐（0.4%）,
有中枢神经系统疾病及癫痫史患者应慎用,
淡黄色的澄明液体,
遮光，室温密闭保存,
静脉滴注，成人一次0.5g（1瓶），一日1次,
Levofloxacin Injection,
重度感染：1.呼吸系统感染：急性支气管炎,
静脉滴注：成人一次0.5g，一日1次,
中度感染：1.呼吸系统感染：急性窦炎,
口服，成人一次0.5g（1片），一日1次,
Levodropropizine Buccal Tablets,
急性支气管炎引起的干咳,
Clavulanate Patassium and Amoxicillin Capsules,
克拉维酸钾31.25mg,
克拉维酸钾（两者之比为4∶1）,
克拉维酸钾（两者之比为4：1）,
cytomegalovirus pneumonia,
B25.0,
巨细胞病毒病,
活动力下降,
巨细胞病毒,
B25.9,
年龄愈小,
巨细胞包涵体病,
易感性愈高,
胎盘；主要通过飞沫或经口感染,
阿昔洛韦,
己酮可可碱,
低血压，血压不稳或肾功能不全者慎用,
加重,
呼吸困难加重,
pneumonic pasteurellosis,
患者可出现发热,
患者可出现,
甚至大,
甚至高热,
脓痰增多,
胸膜受累时可出现胸痛,
有支气管扩张和慢性支气管炎的患者,
除基础疾病症状加重外,
通过动物传播,
禁用于支气管哮喘史者,
Balofloxacin Tablets,
Balofloxacin capsule,
Budesonide Inhalation Powder,
忧虑,
精神不定,
精神压抑,
青光眼骨骼肌,
过敏性休克骨骼肌,
时间,
Budesonide Nasal Spray,
轻微的血性分泌物,
布氏菌属细菌感染,
关节摄片,
如正在使用其它药品，使用本品前请咨询医师或药师,
成人一次1包，一日3次，24小时内不得超过4次,
哮喘加重,
有支气管哮喘病史患者，可能会引起支气管痉挛,
舌肿胀,
Terbutaline Sulfate for Injection,
2ml：0.5mg,
胆汁郁积性黄疸,
低分子肝素钠,
Zithromax（Azithromycin for Suspension）,
厌食（1.9%）,
全身无力,
头晕/眩晕,
恶心（6.6%）,
昏厥,
精神异常,
粘膜炎,
给药部位反应,
肝衰竭,
阿奇霉素二水合物,
声门和/或咽喉,
Bambuterol Hydrochloride Tablets,
盐酸班布特罗,
常年性变应性鼻炎,
开水冲服，一次20克， 一日2～3次,
Changtongshu Keli,
常期服用易致高氯酸血症，代谢性酸血症患者忌用,
味苦、涩,
桃儿七,
肠溶胶囊剂，内容物为灰褐色颗粒,
Pingchuan Yiqi Keli,
厚朴,中草药
平喘益气成方麻黄,
红参,
痰粘胸闷,
Bleomycin A5 Hydrochloride for Injection,
肺热咳喘,
硫酸庆大霉素1万单位,
2ml：硫酸庆大霉素3万单位与甲氧苄啶20mg,
卷曲霉素,
密闭，在凉暗处保存,
肌内注射或稀释后静脉滴注,
革兰阴性杆菌的感染,
头孢地嗪钠,
穿琥宁,
胶囊剂，内容物为棕黄色至棕褐色的粉末,
Kenacort—A（Triamcinolone Acetonide Injection）,
曲安奈德,
Salbutamol Sulfate Orally Disintegrating Tablets,
消旋山莨菪碱1.0mg,
抗生素类/抗生素,
曲安奈德1.0毫克,
禁止和含有藜芦的制剂配伍使用,
Theophylline Sodium Glycinate Capsules,
西吡氯铵,
血管紧张素转换酶抑制剂,
山豆根,中草药
发绀和休克,
open pneumothorax,
火器伤或锐器伤造成胸壁缺损创口,
主要成份为氯雷他定10毫克；辅料为：一水乳糖,
氯雷他定,
10mg,
Ibudilast Sustained Release Capsules,
口服：吞服，禁止嚼碎,
中度支气管哮喘的治疗,
异丁司特,
治疗轻、中度支气管哮喘：一日2次，一次1粒,
胶囊，内容物为白色球型小丸,
遮光、密闭室温储存,
颅内出血尚未完全控制的患者禁用,
Ipratropium Bromide Metered Dose Inhaler,
Ipratropium Bromide Aerosol,
异丙托溴铵一水合物,
眼部不适,
胃肠道蠕动紊乱,
眼部调节障碍,
Forane（Isoflurane）,
Isoflurane,
本品主要成份为异氟烷,
250ml：异烟肼0.3g与氯化钠2.25g,
治疗重症或不能口服给药的各型结核病患者,
Isoniazid Injection,
各种类型结核病,
本品主要成份为异烟肼,
酰肼类,
各型结核病的治疗,
oreign body grannuloma,
异物过敏素质者,
玻璃,
棉丝物质,
植物性淀粉,
化纤,
物理性爆炸粉尘,
寄生性幼虫,
囊肿或畸胎瘤破裂后内容物,
L92.3,
组织坏死钙化沉积物等,
金属碎片,
非金属矿石,
Rifampicin And Isoniazid Tablets,
利福平0.15克,
利福平300毫克,
利福平及异烟肼,
异烟肼0.1克,
异烟肼150毫克,
慢乙酰化患者较易产生不良反应，故宜用较低剂量,
每片含利福平0.3g，异烟肼0.15g,
薄膜衣片，除去包衣后显橙红色至暗红色,
Rifampicin and Isoniazid Capsules,
Rifampin and Isoniazid Capsules,
利福平 0.15g,
异烟肼 0.1g,
Compound Rifampicin/Isoniazkd/Pyrdzinamide Tablets,
Rifampicin ，Isoniazid and Pyrazinamide Tablets,
"Rifampicin,Isoniazid And Pyrazinamide Tablets",
利福平0.12克,
吡嗪酰胺0.25g,
吡嗪酰胺250mg,
异烟肼0.08g,
异烟肼0.08克,
异烟肼80mg,
每片含：利福平120mg，异烟肼80mg，吡嗪酰胺250mg,
活性成份利福平0.12g,
活性成份利福平120mg,
薄膜衣片，除去包衣后显橙红色或暗红色,
非多重性耐药的结核病患者的2个月强化期治疗,
Rifampin Isoniazid Pyrazinamide Capsules,
利福平 0.12g,
利福平75mg,
吡嗪酰胺 0.25g,
密封，在凉暗干燥处保存,
对利福平、异烟肼、吡嗪酰胺有过敏史者,
异烟肼 0.08g,
氨苯砜,
每粒含利福平75mg异烟肼50mg吡嗪酰胺250mg,
胶囊剂，内含红色粉末,
硝酸异山梨酯,
肺弓形体病,
弓形体病,
中药治疗,
咳白痰或血痰,
或原发吸入致病菌所致,
土拉热菌病,
伴发热及局限性溃疡性肉芽肿形成,
继发于菌血症,
胸痛和气促,
鹿蝇叮咬是主要传播方式,
蜱,
X线表现,
tension pneumothorax,
J93.0,
极度呼吸困难,
胸部CT扫描,
外力打击胸部等,
高压性气胸,
低钠血症,疾病
口唇发绀等,
diffuse parenchynal lung disease,
或活动后气短进行性加重伴咳嗽,
气短和活动耐力下降,
40～70岁男性,
M90500/3,
伴发热和夜间盗汗等,
夜间盗汗,
SV40感染等有关,
心包积液,疾病
恶性间皮瘤,
病变对侧胸膜,
可能与长期接触石棉及天然矿物纤维,
胸膜腔慢性感染或肺反复感染,
腹痛或腹部不适,
恶病质,
晚期表现为恶病质,
男性多见,
胸腹部畸形,
高钙血症,疾病
长期接触石棉；接触天然矿物纤维,
变应性肺泡炎,
Qiangli Pipa Jiaonang,
一次2粒，一日3次,
养阴敛肺,
用于久咳痨簌,
气芳香，味苦,
枇杷止咳成方枇杷叶,
批杷叶,
Qiangli Pipalu（Mi Lian）,
Qiangli Zhikening Jiaonang,
满山红油,
阴虚咳嗽,
克拉维酸钾以克拉维酸计0.2g；阿莫西林钠,
克拉维酸钾之比为5：1,
阿莫西林钠,
阿莫西林钠以阿莫西林计0.5g,
黏膜念珠菌病,
Doxycycline Hyclate Tablets,
盐酸多西环素,
主要成份：左氧氟沙星,
肺发育不全,
拟交感神经药,
Salbutamol Sulfate Controlled Release Tablets,
Compound Betamethasone Injection,
二丙酸倍他米松按倍他米松计为5mg,
倍他米松磷酸钠按倍他米松计为2mg,
并含有灭菌缓冲荆,
糖皮质激素性肌病,
盐酸左氧氟沙星氯化钠,
甘草浸膏粉300mg,
口服，一次2粒，一日2次,
Mycobacterium vaccae for Injection,
Beraprost Sodium Tablets,
寒战高热,
两肺底部有湿啰音,
咳时心胸部疼痛,
正气不足,
心慌气短为主证,
心慌,
痰浊阻肺,
哮喘性呼吸音等,
夜间呼吸困难,
舒张早期奔马律,
急性肺动脉栓塞,
Ambroxol Hydrochloride Dispersible Tablet,
对乙酰氨基酚,
盐酸阿替卡因68mg,
酒石酸肾上腺素17μg（以肾上腺素计）,
Bromhexine Hydrochloride Injection,
溴己新,
咽喉或面部水肿,
Azithromycin Diapersible Tablets,
本品主要成份阿奇霉素,
B37.9,
多烯类抗真菌药物,
念珠菌,
磷酸可待因13mg,
鼻衄；罕见：咳血,
休息,
可待因,
咳清痰,
哮吼,
洗手,
枯草热,
自限性,
鼻病毒,
acute epiglottitis,
下咽前壁,
临近器官的急性炎症,
会厌及其周围组织,
剧烈的喉痛,
体力衰弱,
吞咽困难和呼吸困难,
多涎,
声门上喉炎或会厌前咽峡炎,
拇指征,
突出的增大的会厌,
脉快而细,
烟曲霉侵入肺组织,
acute phosgene poisoning,
内科；急诊科,
光气作业人员,
周围血及生化检验,
可有头晕,
短期内吸入较大量的光气,
防治肺水肿,
ARDS,
J80,
口唇及指（趾）端,
呼吸窘迫等,
全身严重感染,
严重多发伤等引起,
呼吸支持治疗：氧疗、无创机械通气或有创机械通气,
局部细胞因子的释放,
没有需要住院治疗的合并症和/或并发症,
病情稳定,
病原学检查及药敏,
症状明显缓解,
肺挫伤,
通气,
血糖,
补液,
误吸,
会咽炎,
Acute laryngitis,
吸入有害气体,
声带休息（声休）,
烟酒刺激,
抗病毒及抗生素治疗,
糖皮质激素治疗,
超声雾化吸入治疗,
过敏等,
支气管扩张或肺结核大咯血等导致,
胸片呈肺淤血或肺水肿表现,
肺部干湿性罗音,
消除肺淤血的治疗措施：利尿剂和血管扩张剂的应用,
胸片显示肺水肿、肺淤血征象明显改善或正常,
两肺底部有湿罗音,
J20,
副流感病毒急性支气管炎,
副流感病毒性急性支气管炎,
呼吸道合胞体病毒急性支气管炎,
呼吸道合胞病毒急性支气管炎,
呼吸道合胞病毒性急性支气管炎,
急性化脓性支气管炎,
未特指的急性支气管炎,
流感病毒等感染,
柯萨奇病毒性急性支气管炎,
柯萨奇病毒急性支气管炎,
"急性支气管炎,特指病原体引起的",
烟雾,
特指病原体引起的急性支气管炎,
咳嗽伴（或不伴）有支气管分泌物增多,
花粉等,
艾柯病毒急性支气管炎,
肺炎支原体性急性支气管炎,
流感嗜血杆菌性急性支气管炎,
特指病原体急性支气管炎,
流感嗜血杆菌急性支气管炎,
艾柯病毒性急性支气管炎,
肺炎支原体急性支气管炎,
血液生化检查,
链球菌性急性支气管炎,
链球菌急性支气管炎,
鼻病毒性急性支气管炎,
鼻病毒急性支气管炎,
体佂,
全身酸痛等,
acute hydrogen sulfide poisoning,
呼吸系统,
四肢发绀等,
皮肤黏膜青紫,
短期内吸入较大量硫化氢气体,
acute mediastinitis,
J98.5,
原发性肺结核或组织胞浆菌病感染所致,
积气,
呼气延长,
J21.9,
喘鸣和爆裂音等,
呼吸道融合病毒误吸,
毒性气体流入等,
细支气管综合征,
acute corPulmonale,
I26.0,
胸腹腔积液,
重度急性呼吸窘迫综合征等引起肺动脉高压所致,
心绞痛等,
acute lung abscess,
心血管内科,
体位排痰和药物祛痰,
伴全身虚弱乏力,
实验室检验,
吸入性肺脓肿,
胸片及胸部CT片,
继发性肺脓肿,
食欲差,
血源性肺脓肿,
阿米巴肺脓肿,
Acute Interstitial Pneumonia,
中年人,
光学显微镜检查,
伴进行性加重呼吸困难,
可能与病毒急性感染有关,
突然发热,
电子显微镜检查,
继发感染时脓痰,
胸部紧迫或束带感,
acute high altitude sickness,
剧烈头痛,
上山速度,
"呼吸困难,呼吸深大",
居住时间及体质等,
心动过速等,
海拔高度,
频率增加,
顽固恶心,
神志恍惚,
Jizhi Tangjiang,
山梨酸,
急支成方鱼腥草,
每袋装4克,
支气管炎咳嗽,
用于治疗感冒后咳嗽,
口服，一次2～4粒，一日2次,
阳虚痰阻所致的咳嗽痰喘,
Roxithromycin Sustained Release Tablets,
血管源性水肿,
意识消失,
威胁生命的,
盐酸阿比多尔,
II度或轻,
ENDOSTAR（Recombinant Human Endostatin Injection）,
口服，一次2克，一日3次,
喘息气短,
吐痰黄粘,
清肺平喘,
每10丸重0.6克,
呼吸和消化器官的继发性恶性肿瘤,
malignant pleural effusion,
CT、MRI检查,
C78.2,
排除积液,
外科；肿瘤科,
干咳等,
呼吸困难进行性加重,
消瘦乏力,
胸腔,
胸腔积液检查,
胸膜腔插管引流,
胸膜弥漫性恶性间皮瘤,
胸膜活检,
药物注入,
胸膜转移性肿瘤,
超声波探查,
环丙沙星,
"舒巴坦匹酯,阿莫西林",
青霉素类/抗菌复合剂,
Cefmetazole Sodium for Injection,
Azithromycin Dihydrochloride for Injection,
盐酸阿奇霉素,
Etimicin Sulfate Injection,
中性粒细胞减低,
Cefepime Dihydrochloride for Injection,
头孢哌酮钠与舒巴坦钠,
Cefoperazone Sodium for Injection,
Salbutamol Sulfate Controlled—Release Tablets,
炎琥宁,
主要成份氢溴酸右美沙芬2毫克,
拟交感神经药/阿片生物碱及其衍生物,
盐酸伪麻黄碱6毫克,
氢溴酸右美沙芬2毫克,
Guaifenesin Tbalets,
呼吸道感染引起的咳嗽,
妊娠3个月内妇女禁用,
成人一次1片，一日3～4次,
愈创甘油醚0.2克,
肺出血、肾炎和急性胃肠炎患者禁用,
Guaifenesine Syrup,
粘液分泌促进药,
山梨醇,
愈创甘油醚20mg,
甘油,西药
口服或冲服,
成人一次1/4包，一日4次,
每包含愈创木酚甘油醚0.8克,
饭后服用,
感冒引起的咳嗽,
愈创木酚甘油醚150毫克,
新生儿、早产儿禁用,
密闭，凉暗处保存,
对氢溴酸右美沙芬或愈创木酚甘油醚过敏者禁用,
支气管炎等疾病引起的咳嗽,
能很快消失，自行恢复，不影响继续用药,
禁与单胺氧化酶抑制剂并用,
上呼吸道感染（如普通感冒）,
如服用过量或出现严重不良反应，应立即就医,
妊娠头3个月内妇女禁用,
异形薄膜衣片，除去薄膜衣后显白色或类白色,
肝肾功能不全患者慎用,
轻度嗜睡,
遮光，密闭，置干燥处保存,
嗜睡状,
愈创木酚甘油醚0.50g,
每10ml含：氢溴酸右美沙芬15mg,
氢溴酸右美沙芬0.15g,
愈创木酚甘油醚50mg,
盐酸甲基麻黄碱0.1g,
盐酸甲基麻黄碱10mg,
马来酸氯苯那敏10mg,
马来酸氯苯那敏1mg,
儿童用量请咨询医师或药师,
孕妇及哺乳期妇女应慎用或遵医嘱,
当本品性状发生改变时禁用,
本品成人用量每日不宜超过8粒，儿童按规定用量服用,
拟交感神经药/祛痰药,
本品服用一周，症状未缓解，请咨询医师,
每粒胶囊含愈创木酚甘油醚100mg，氢溴酸右美沙芬10mg,
氢溴酸右美沙芬10毫克,
老年患者慎用或遵医嘱,
请将此药品放在儿童不能接触的地方,
胶囊，内容物为白色或类白色颗粒性粉末,
痰量过多、哮喘患者、肝肾功能不全患者慎用,
Yu Mei Ke Li,
愈创木酚甘油醚0.1克，氢溴酸右美沙芬15毫克,
白色或类白色可溶性颗粒，气芳香，味甜,
中枢神经系统抑制,
愈创木酚甘油醚200mg,
拟交感神经药/祛痰药/阿片生物碱及其衍生物,
磷酸可待因20mg,
盐酸伪麻黄碱 60mg,
成人一次1—2片，一日3次,
愈创甘油醚50毫克,
愈创木酚磺酸钾0.125克,
感冒或流感引起的咳嗽,
愈创木酚磺酸钾125毫克,
愈创木酚磺酸钾125mg,
成人一次2包，一日3次,
枸橼酸喷托维林,
枸橼酸喷托维林10毫克,
枸橼酸喷托维林10mg,
盐酸异丙嗪5mg,
盐酸异丙嗪5毫克,
愈创木酚磺酸钾10mg,
每1ml含磷酸可待因1.0mg,
盐酸异丙嗪1.0mg,
盐酸溴己新8毫克；辅料为：枸橼酸,
愈创甘油醚（愈创木酚甘油醚）0.15克,
愈创甘油醚（愈创木酚甘油醚）150毫克,
阿瑞匹坦,
咳嗽声重,
具桉油气味，味甜，微苦,
用于风热感冒,
咳嗽咽干,
本品清热解毒，风寒外感者慎用,
发热咳嗽,
GankeshuangqingJiaonang,
味苦、辛，有麻舌感,
穿心莲,中草药
肺火炽盛者,
胶囊剂，内容物为淡黄色至黄绿色颗粒及粉末,
穿心莲内酯,
口服，一次1粒，一日2次,
免疫接种,
胶囊剂，内容物为黄棕色的粉末，味苦,
培养结果阳性,
断层成像,
病毒抗体滴度,
痰抗酸杆菌测试,
血培养,
革兰氏阳性细菌（主要是葡萄球菌）,
血液培养,
革兰氏阴性微生物,
用于感冒初期引起的咳嗽,
变应性咳嗽（AC）,
chronic cough,
哮喘引起咳嗽—咳嗽变异性哮喘（CVA）,
嗜酸粒细胞性支气管炎等,
嗜酸粒细胞性支气管炎（EB）引起咳嗽,
各种鼻、咽、喉疾病引起咳嗽,
皮肤过敏原试验可以阳性,
血清IgE水平增高,
7–14天,
C反应蛋白（CRP）,
chronic bronchitis,
J42.x02,
J42,
呼吸功能检查,
一般症状为咳嗽,
中老年人,
喘息或气急,
可能与有害气体和颗粒,
或伴有喘息,
急性加重期的治疗,
祛痰、止咳,
胸部正侧位片,
细菌等感染有关,
解痉、平喘,
缓解期治疗,
固定的气道阻塞,
气道壁的结构性改变,
气道重塑,
15–30天,
D—二聚体（D–dimer）,
chronicpulmonaryheartdisease,
临床稳定72小时以上,
I27.9,
右心室及/或右心房增大表现,
心电向量图检查,
心电图或超声心电图显示有肺动脉高压,
治疗原发病,
活动后感心悸,
慢性肺原性心脏病,
浅表静脉扩张,
球结膜充血水肿,
肺、心功能失代偿期（包括急性加重期）,
肺功能（病情允许时）,
纠正心力衰竭,
肺心病常见并发症有,
降低肺动脉高压,
超声心动图检查,
脑钠肽（BNP）,
急性脓胸期未得到及时的治疗或治疗不当,
chronic empyema,
多汗和白细胞数增高等,
浓痰,
真菌感染等,
下降,
咳白痰,
咳黄痰,
活动,
脉氧仪,
β2 受体激动剂,
chronic obstructive pulmonary diseases,
反复,
个体易感因素为α1—抗胰蛋白酶缺乏,
喘息和胸闷,
J44.9,
接种流感疫苗,
慢性阻塞性肺病,
最主要的环境因素是吸烟,
气短或呼吸困难,
氧化应激,
肺活量测定,
肺炎链球菌疫苗,
运动试验,
逐渐加重的咳嗽,
重度呼吸短促,
进行体育活动,
蛋白酶抗蛋白酶失衡,
长期暴露于粉尘、交通废气和二氧化硫,
长期氧疗,
高碳酸血症,
麻醉药中毒引起的中枢性呼吸衰竭,
20mg/片,
哮喘的预防,
在30℃以下储藏,
对本产品及其组分过敏者禁用,
白色薄膜衣片,
每片含盐酸伪麻黄碱60毫克，马来酸氯苯那敏4毫克,
盐酸伪麻黄碱60毫克,
口鼻咽喉干燥,
咳痰稀白,
氯苯那敏,
盐酸伪麻黄碱30mg,
打呼噜,
Tolvaptan Tablets,
托伐普坦,
烦渴,
硬胶囊，内容物为白色或类白色颗粒和粉末,
Tocilizumab Injection,
活性成份：妥布霉素,
Sultamicillin Tosilate Dispersible Tablets,
Sultamicillin Tosilate Tablets,
Sultamicillin Tsilate Capsules,
SultamicillinTosylateCapsules,
Sweep Zsira Qingfeizhike Capsules,
川楝子,中草药
栀子,中草药
茜草,
紫草茸,
凡胃火炽盛，肺有痰热，外感热病者慎服,
口服，一次5粒，一日3次，24周为一疗程,
密封，置于阴凉干燥处保存,
胶囊剂，内容物为棕色至棕褐色颗粒，味苦、涩,
对本品过敏者,
Ambroxol Hydrochloride Dispersible Tablets,
Azithromycin Sodium Chloride Injection,
系统性血管炎,
免疫学,
风湿性血管炎,
免疫抑制剂,
发热荨麻疹,
头孢匹胺钠,
过敏反应皮疹,
Kangganjiedu Keli,
Kanglao Keli,
桑白皮.,
穿破石,
弥漫肺泡出血,
黏液脓性痰,
Moxifloxacin Hydrochloride Tablets,
医保药品； 口服常释剂型、颗粒剂为国家基本药物,
莫西沙星,
强效皮质激素类药（III 类）,
丙酸倍氯米松0.1毫克,
Cefmetazole Sodium forlnjection,
Jaferon（Recombinant Human Interferon α2B Spray）,
脱皮,
B46.9,
患有严重基础疾病者,
接合菌纲所属的病原菌,
zygomycosis,
不宜在服药期间同时服用滋补性中成药,
胸闷喘息,
用于外感风寒,
糠酸莫米松,
咯脓或白痰,
由摩根菌感染所致,
心衰或原发病症状加剧,
胸痛；原有肺病的继发性肺炎呼吸衰竭,
Mycoplasma Infections,
A49.3,
PCR技术,
人型支原体,
宫颈水肿；呼吸道感染主要是咳嗽,
7—14天,
肺炎支原体引起肺炎,
X线胸片显示炎症吸收好转,
第一诊断必须符合ICD—10：J15.7支原体肺炎疾病编码,
对症治疗（如雾化吸入）,
"细菌性肺炎,不可归类在他处者",
"咳嗽明显减轻,一般状况良好",
J15.7,
大环内酯类抗生素（遵循儿科用药的方法）,
连续3天腋温＜,
本病易并发,
喘鸣和呼吸道反复感染,
反复发作的喘息,
部分患者临床症状不明显,
体检,
变应原,
促发因素,
J45.9,
J45,
变应性哮喘,
咳嗽变异型哮喘,
主要为变应性哮喘,
变态反应性支气管哮喘,
实验室和其他检查,
哮喘性肺炎,
必要时行气管插管和机械通气,
支气管哮喘（临床缓解期）,
支气管哮喘（慢性持续期）,
外源性支气管哮喘,
支气管哮喘（完全控制）,
支气管哮喘（中度持续）,
支气管哮喘（重度持续）,
支气管哮喘（急性发作期）,
支气管哮喘（未控制）,
支气管哮喘（部分控制）,
支气管哮喘（轻度持续）,
支气管哮喘，危重,
支气管哮喘（间歇发作）,
混合性哮喘,
月经期支气管哮喘,
支气管哮喘，非危重,
洗涤剂性支气管哮喘,
未特指的哮喘,
胸闷和（或）咳嗽,
根据病情严重程度及治疗反应选择方案,
迟发型哮喘,
第一诊断必须符合ICD—10：J45支气管哮喘疾病编码,
职业性支气管哮喘,
运动性支气管哮喘,
过敏性鼻炎伴哮喘,
阿司匹林哮喘,
非变应性哮喘,
难治性支气管哮喘,
药物性支气管哮喘,
阿司匹林性支气管哮喘,
痰鸣气急,
MRI,
气管压缩,
J47,
bronchiectasis,
≤18天,
X线胸,
24小时痰量,
保持气道通畅，积极排出痰液,
≤12天,
先天性和遗传性疾病,
全身麻醉，双腔气管插管,
≤5天,
入院≤6天,
咯血时给予止血治疗,
咳大量脓痰和反复咯血等,
大量脓痰,
咳脓痰,
影像学检查：胸部X线片,
对症治疗,
有低氧血症,
支气管壁增厚,
抗感染,
提高免疫力,
气道扩张,
没有需要住院处理的并发症和/或合并症,
感染是引起本病的最常见原因,
清除过多的分泌物,
积极控制感染,
粗湿啰音,
第一诊断必须符合ICD—10：J47支气管扩张症疾病编码,
胸部 CT,
胸部HRCT：CT检查,
胸部X线片,
胸部高分辨 CT,
纤毛异常,
肾功能测定,
药敏,
肝功能测定,
隐血试验,
视术中情况而定。输血前需行血型鉴定,
bronchogenic cyst,
可能与胚胎发育因素有关,
偶尔少量咯血,
感染症状,
胸闷；压迫气管,
CT成像,
本病病因不明,
J98.4,
bronchitis,
反复呼吸道感染,
J40,
咳嗽明显,
全身乏力,
常见细菌,
慢性支气管炎稳定期治疗,
急性支气管炎的患者,
病毒等引起上呼吸道感染所致,
Zhiqiguanyan Pian,
止喘止咳,
用于哮喘型慢性支气管炎,
根治性手术治疗,
支气管炎成方矮地茶,
手术,
根治性切除术,
黄芩（酒制）,
肺切除术,
楔形切除术,
bronchus and pulmona—ry amyloidosis,
肺叶切除术,
活动后气促,
无痰或少痰,
"喉鸣等上呼吸道梗阻,咯血等",
"支气管,肺",
CRP正常或轻度升高,
肺淀粉样变,
CRP有不同程度升高,
10－14天,
气管支气管淀粉样变,
X线胸片示炎症明显吸收,
喉淀粉样变,
三凹征及紫绀,
J18.0,
可出现肺实变体征,
咳嗽明显减轻,
如心率增快,
中内带及心膈角较多,
但当病灶融合累及部分或整个肺叶时,
常伴有发热,
以两肺底部,
本病可由不同病原所致,
并伴发其他系统功能异常,
新生儿或体弱儿亦可不发热。患儿常有烦躁不安,
白细胞总数和中性粒细胞增多,
由于细支气管的阻塞,
沿支气管分布的小斑片状肺实质浸润阴影,
白细胞总数正常或减少,
热型不定,
细菌感染时,
肺体征改善,
细菌培养和药敏试验,
第一诊断必须符合ICD—10：J18.0支气管肺炎编码,
病毒性肺炎时,
衣原体,
起病或急或缓,
重症表现为鼻翼扇动,
重症肺炎可出现呼吸困难,
需要进行常见的呼吸道病毒检测,
肠鸣音消失等临床表现时,
警惕在支气管肺炎过程中发生心力衰竭,
AP方案,
ECT检查,诊疗技术及设备（治疗）
EC方案,
DP方案,
食欲减退或呕吐,
连续3天腋温<,
EP方案,
EGFR—TKI,
IIIa期,
IIIb期,
C34,
II期,
IV期,
GP方案,
IC方案,
IP方案,
NP方案,
TP方案,
X 线胸片,
I期,
T1—2，N0的非小细胞肺癌,
不良,
上肢静脉怒张,
中期,
上腔静脉梗阻综合征,
中枢神经系统,
上眼脸下垂,
刺激性干咳,
保护环境,
减少职业致癌物暴露,
交感神经,
低剂量 CT（low—dose computedtomography，LDCT）,
全肺切除术,
吸烟指数>400,
右上腹痛,
右肺下叶,
含铂两药方案,
右肺上叶,
在皮下触及结节,
培美曲塞,
吸烟史（现在和既往）,
多西紫杉醇,
姑息放疗,
大细胞肺癌,
左肺,
常规胸片,
实验室一般检测,
异位激素分泌综合症,
开胸探查术,
年龄>45,
左肺下叶,
心脏,
左肺上叶,
孤立性脑或肾上腺转移的非小细胞肺癌,
持续剧烈的胸痛,
患癌史,
接触煤气、沥青者,
接受过量放射线者,
持续固定部位的骨痛,
控制吸烟,
慢性肺疾病者,
支气管袖状成型肺叶切除术,
支气管癌,
支气管肺动脉袖状成型肺叶切除术,
早期不显着,
根治性放疗,
气闷,
核素显像,
早期,
气管隆突切除重建术,
晚期,
氡暴露史,
椎骨,
消化道,
烟雾接触史,
淋巴结,
环境污染,
痰细胞学检查,
淋巴道转移,
淋巴肉瘤,
疾病史（慢阻肺或肺结核）,
直接扩散,
眼球内陷,疾病
科学饮食,
环境,
禁止吸烟,
类癌综合症,
纵隔淋巴结,
纵隔镜检查,
系统性淋巴清扫,
细胞学检查,
磁共振成像（magnetic resonance imaging，MRI）,
细支气管,
纵隔恶性淋巴瘤,
经支气管肺活检术（transbronchial lungbiopsy，TBLB）,
肠道,
职业暴露,
肋骨,
肺上叶,
肺下叶,
肝脏,
肺楔形及局部切除术,
股骨,
肺段切除术,
肺局部切除术,
肺多处,
肺癌家族史,
肺源性骨关节增生症,
胃,
肺部慢性炎症,
肺腺癌,
脑膜,
胸腔穿刺术,
胸膜活检术,
胸膜腔积液,
腹膜后淋巴结,
脊髓,
良好,
血清学肿瘤标志物检测,
血痰或咯血,
臂痛,
血痰/痰中带血,
血管内皮抑素,
辅助放疗,
血行转移,
锁骨上淋巴结,
超声支气管镜引导的经支气管针吸活检术,
面部水肿,
面部无汗,
霍奇金病,
靶向治疗药物,
预防性放疗,
颈部水肿,
可合并其他先天性畸形,
叶内型发热咳嗽,
髂骨,
颈交感神经综合征,
Bronchopulmonary Sequestration,
合并肺炎,
湿啰音；叶外型症状不明显,
肺先天发育异常,
J70.0,
伴气急,
刺激性,
干性咳嗽,
慢性阻塞性肺部疾病以及再次放射治疗等,
心悸和胸痛等,
外部物质引起的呼吸性情况,
A42,
A42.9,
伊氏放线菌,
actinomycosis,
局部板样坚硬,
形式的放线菌病,
"排出的脓中常见""硫磺颗粒""",
放线菌性败血症,
放线菌病性败血症,
特指形式放线菌病,
未特指的放线菌病,
放线菌脑膜炎,
涎腺放线菌病,
脓肿穿破成许多排脓窦道,
面颈部及胸腹部,
颌骨放线菌病,
颈面部放线菌病,
腹放线菌病,
抗过敏药，不包括皮质激素/其它全身用抗组胺药,
盐酸氮卓斯汀,
散痰宁成方桔梗,
清化热痰/润肺止咳/化痰平喘,
心衰加重,
环吡咯酮类,
肌肉酸痛及全身皮疹等,
通过体虱或鼠疫等传播,
晚期肺癌的治疗,
报告的频度,
水疱,
神经病变,
骨髓抑制,
Itraconazole Capsules,
Itraconazole Oral Solution,
其他β—内酰胺类,
重症肌无力危象,
兰伯特—伊顿综合征,
Cefazolin Sodium Pentahydrate for Injection,
五水头孢唑林钠,
羟丙甲纤维素,
室速,
三凹征等,
青紫,
新生儿科,
肺未成熟所致,
呼吸增快,
间歇性发绀,
呼吸支持治疗,
呼吸窘迫或暂停,
P28.4,
呼吸中枢发育不全,
代谢紊乱,
心跳减慢,
影像检查,
肌肉张力减低等,
多导睡眠描记,
或缺氧,
15天,
严重者呼吸衰竭,
胃肠道疾病等引起,
神经系统疾病,
P22.0,
皮肤青紫或苍白,
吸气三凹征,
缺乏肺泡表面活性物质引起,
头罩吸氧：患儿出现低氧和呼吸困难，可先头罩吸氧,
新生儿呼吸窘迫,
第一诊断必须符合ICD—10：P22.0新生儿呼吸窘迫综合征,
新生儿肺透明膜病,
皮质类固醇,
常发生间质性肺炎,
全身青紫和呼吸困难等,
persistent pulmonary hypertension of newborn,
P29.3,
出生时窒息,
肺发育不良等因素所致,
纠正酸中毒,
起源于围生期的心血管疾患,
维持体循环压力,
过期产,
横膈疝,
与肺内的液体增加及肺淋巴引流不足有关,
出生后6小时内出现呼吸加速,
三凹征；呼吸音减低,
P22.1,
哭声低弱,
剖宫产儿,
吸入过多羊水窒息儿,
轻度呻吟,
第II型呼吸窘迫综合征,
新生儿暂时性呼吸困难,
鼻翼翕动,
不规律或无呼吸；心跳不规则且弱等,
口唇暗紫；呼吸浅表,
持续肺动脉高压,
去因疗法,
可有发热,
Atelectasis in the newborn,
P28.1,
呼吸极为困难,
支气管病变和异物,
范围,
肺部CT或支气管镜检查,
表面活性物质缺乏等,
保守治疗,
可并发呼吸窘迫,
原发病治疗,
多因肺泡过度充气而破裂导致,
可致支气管肺发育不良,
密切观察,
排气减压穿刺,
心包填塞症,
治疗并发症,
抗生素控制感染,
气腹,
胸腔引流排气减压,
肝大心搏出量减少,
腹部胀气等,
P23.9,
neonatal pneumonia,
脉压降低,
间质性肺气肿,
与吸入羊水,
或与感染有关,
先天性肺炎,
新生儿感染性肺炎,
新生儿吸入性肺炎,
肺泡壁炎症,
鼻煽,
炎症细胞因子,
缺氧及代谢紊乱,
胎粪或乳汁,
neonatal chlamydial infection,
沙眼衣原体所致,
cyanosis in newborn,
病理性青紫,
P28.2,
肺尚未完全扩张,
生理性青紫,
环境过冷,
皮肤青紫,
Erythromycin Enteric Capsules,
呼吸困难以及腹泻,
Doxofyllineand Glucose Injection,
强效皮质激素类药（III 类）/酚及其衍生物,
气香，味苦，微咸,
Sodium New Houttuyfonate Injection,
无色或浅黄色的澄明液体,
新鱼腥草素钠,
清肺利咽,
CEPODEM（Cefpodoxime Proxetil for Suspension）,
Cefodizime Sodium for Injection,
舒巴坦0.25g,
表皮坏死,
克拉维酸0.2g,
黄斑水肿,
胸腺法新,
Theophylline Sustained Release Capsules,
本品主要成份：茶碱,
盐酸伪麻黄碱7.5mg,
influenza,
"流行性感冒,病毒未标明",
J11.1,
咳嗽（8.2%）,
Onbrez（Indacaterol Maleate Powder for Inhalation）,
并含有24.8mg乳糖,
相当于茚达特罗150μg,
马来酸茚达特罗,
对β—内酰胺酶耐受的青霉素类,
Rifabutin Capsules,
发麻,
每ml含盐酸氨溴索1.5mg,
盐酸克仑特罗1μg,
盐酸氨溴索1.5mg,
血压升高,
醋酸曲安奈德10mg,
Salmeterol Xinafoate Aerosol,
呼吸骤停,
肺部栓塞,
乳酸司帕沙星,
Triamcinolone Acetonide Nasal Spray,
显微镜下多动脉炎,
Pranlukast Capsules,
可根据年龄、症状适当增减,
每粒胶囊含本品112.5mg,
普仑司特半水合物,
每日口服200mg，每日2次,
成人0.2—0.3gbid，根据症状可适当调整剂量,
嗜酸粒细胞增高,
含有：纤维蛋白溶酶,
国家基本药物； 口服常释剂型为国家医保药物,
phaeohyphomycosis,
全身治疗,
常与植物和土壤接触者,
暗色真菌感染,
浅溃疡,
B43.8,
自觉微痒或轻度胀痛等,
褐黑色斑或疣状增生,
系统性暗色丝孢霉病,
着色真菌病与棕色真菌病性脓肿,
本品口服用药为曲伐沙星，静脉给药为阿拉曲伐沙星,
本品妊娠安全分级为C级，孕妇慎用,
本品可分泌进入乳汁，哺乳期妇女用药应权衡利弊,
社区获得性肺炎的治疗,
肝功能不全者慎用,
铁剂,
10ml：300mg,
Troxerutin Injection,
黄色或浅棕黄色的澄明液体,
一次2片，一日3次，20天为1疗程,
糖衣片，除去糖衣后显黄色,
羟乙基芦丁45mg,
二羟丙茶碱120mg,
对茶碱类药物及维脑路通过敏者禁用,
胶囊剂，内容物为黄色粉末,
对本品中任何成份过敏者禁用,
Treprostinil Injection,
心衰,
硬化,
间甲酚,
血栓性静脉炎,
曲匹地尔,
醋酸曲安奈德1毫克,
每1ml药液含醋酸曲安奈德1mg,
氯霉素,
氯霉素15mg,
1ml：40mg,
Triamcinolone Acetonide Injection,
聚山梨酯80,
Triamcinolone Tablets,
4mg,
各种细菌性感染及全身性真菌感染者禁用,
强效皮质激素类药（III 类）/其它免疫抑制剂,
对过敏者禁用,
密封（10—30℃）保存,
曲昔匹特,
胸部烧烁,
薄膜包衣片，除去薄膜衣后显白色或类白色,
饭后口服，成人每次100mg（1片），一日3次,
曲昔派特,
胸部烧灼,
aspergillosis,
B44.9,
农民,
吸入含曲霉孢子的灰尘,
皮毛工作者,
饲鸟者,
硬胶囊剂，内容物为白色颗粒,
20ml：1.0g,
遮光、密闭保存（10℃~30℃）,
20mg规格：替加氟20mg,
奥替拉西钾19.6mg；25mg规格：替加氟25mg,
替加氟,
证实或很可能由类杆菌属,
menstrual asthma,
内源性前列腺素分泌增多,
育龄妇女,
昏迷和呼吸衰竭,
Langerhans cell granulomatosis,
淋巴结病变等,
朗格汉斯组织细胞增多症X,
组织细胞增多症X,
脱屑,
及呼吸功能衰竭,
可能与免疫功能有关,
晚期可出现肺心病,
有吸烟史的患者,
嗜酸肉芽肿或组织细胞增多症X,
过敏体质及对本品过敏者禁用,
opportunistic infection,
BAL,
OI,
耶氏肺孢子菌感染,
开胸活检,
干性肺捻发音,
开胸肺活检,
纵膈淋巴结肿大,
经支气管肺活检,
胸膜下或沿血管分布的不均匀磨玻璃影,
支气管壁增厚和柱状扩张,
直径大小为3—5mm小叶中心型结节或其他不明确结节,
明显发绀,
Xingren Zhike Tangjiang,
百部流浸膏,
远志流浸膏,
陈皮流浸膏,
口服，一次6～9克，一日1～2次,
咳嗽痰稀,
治燥剂—轻宣外燥剂,
外感凉燥证,
Xingsu Zhike Keli,
一次12克，一日3次，小儿酌减,
宣肺散寒,
用于风寒感冒咳嗽,
每袋装12克,
密封，置阴凉处（不超过20℃）,
淡棕黄色至棕黄色的颗粒,
每袋装4g,
清宣肺气,
用于外感咳嗽属表寒里热证,
疗程7天,
痰稠质粘,
喉咙水肿,
乳糖：≤6克,
Histoplasma duboisii,
为丘疹或结节,
African histoplasmosis,
不痛,
large—form histoplasmosis,
播散型：发热,
大型组织胞质菌病,
真菌学检查,
非洲型组织胞质菌病,
抗生素类/糖肽类抗菌药,
口服，一次20克，一日3～5次，用热水冲服,
每瓶装150克,
慢性支气管炎见上述症状者,
用于燥热咳嗽,
糖尿病患者忌服,
老人久咳,
用于肺燥咳喘,
一次9～15克，一日2次,
服药7天症状无缓解，应去医院就诊,
Pipaye Gao,
枇杷叶成方枇杷叶,
痰少咽干,
润燥化痰,
风寒咳嗽者不适用,
儿童、孕妇及哺乳期妇女禁用,
及支气管炎咳嗽,
气微香，味凉、微苦涩,
止嗽化痰,
胶囊剂，内容物为灰褐色至黄褐色的粉末,
PiPa Zhike KeLi,
罂粟壳；辅料为蔗糖粉,
轻微胸口作痛,
主肺热咳嗽,
各种原因引起的干咳,
双重镇咳药,
本品无祛痰作用，痰多患者请在医师指导下使用,
主要成份枸橼酸喷托维林25毫克,
具有无痰干咳症状的疾病,
本品无祛痰作用，痰多的病人慎用,
枸橼酸喷托维林0.025克,
活性成份枸橼酸喷托维林25毫克,
Pentoxyverine Citrate Syrup,
由枸橼酸杆菌感染引起,
咳黄痰或白黏痰,
气管内插管,
相当于50微克舒芬太尼,
阿片类制剂,
诱导麻醉,
镇痛,
盐酸溴己新4mg,
也可经呼吸道传播,
Quercus Salicina Extract Capsules,
对本品成分有过敏既往史者的患者,
通常，1次2粒（450mg），1日3次口服,
纤维性肺泡炎,
微黄色的澄明液体,
气香，味微甜、略苦,
开水冲服，一次1袋，一日3—4次,
儿童用药：请见相关项下的内容,
对本品有过敏反应者不宜使用,
儿童装：每粒肠溶胶囊中内含120mg标准桃金娘油,
成人装：每粒肠溶胶囊中内含300mg标准桃金娘油,
及时送检标本；,
注射器内事先用肝素冲洗；,
作用于呼吸系统的其它药物/免疫增强剂,
当药品性状发生改变时禁止使用,
Glycopyrronium Bromide Tablet,
口苦,
幽门梗阻、青光眼及前列腺肥大患者忌用,
一次4片，一日3次,
每片重0.41克,
灸甘草,
棕褐色稠厚半流体,
气香，味甜,
密闭，在阴凉（不超过20℃）处保存,
慢性阻塞性肺部疾患,
矽肺等呼吸道疾病,
按桉柠蒎油计为0.3g/粒,
黄色肠溶软胶囊，内容物为浅黄色透明油状液体,
痰浊阻肺所致的感冒,
外感温燥证,
干咳无痰或痰少而粘,
口服，一次10克，一日2～3次,
头痛咳嗽,
宣肺,
口服，一次6～8片，一日3次,
肺痈吐脓,
如正在服用其他药品，使用本品前请咨询医师或药师,
浅黄色或黄色颗粒,
Jubei Heji,
儿童、哺乳期妇女应在医师指导下服用,
每片重0.46克,
本品含氯化铵。肝肾功能异常者及老年患者慎用,
口服，一次2片，一日3次；或遵医嘱,
每片重0.5g,
Meisu Keli,
口服，一次10克，一日3～4次,
肺虚燥咳,
"lysinosis,pulmonary lysinosis",
J66.0,
亚麻尘,
从事相关工作的人,
吸入棉尘,
持续咳痰,
软木尘引起支气管收缩和肺功能损害,
棉尘肺或棉屑沉着症,
胸部发紧和气短,
特指的有机粉尘引起的气道疾病,
食欲减退等,
肺棘球蚴病,
呃逆；罕见：窒息,
wedge—shapeddefect,
Mycobacterium Szulgai infection,
治疗措施,
中年男子,
楚尔盖分枝杆菌,
视网膜炎,
Elemene Oral Emulusion,
Elemene Injection,
20ml∶0.1g,
乳白色的均匀乳状液体,
遮光，密闭，在阴凉处（不超过20℃）保存,
高热病人、胸腹水合并感染的患者慎用,
呼吸循环衰竭,
哮喘患者应远离本品,
开水冲服，一次11克，一日2次,
每袋装11克,
用于痰多咳嗽,
Juhong Wan,
Juhong Huatan Pian,
Juhonghuatan Jiaonang,
Ju hong Pi pa Pian,
锦灯笼,
口服，一次2～3片，一日3～4次,
橘红枇杷成方化橘红,
久咳痰少,
口服，一次10～15克，一日2～3次,
用于肺胃阴虚,
Juhong Pian,
口服，一次6片，一日2次,
橘红成方化橘红,
瓜萎皮,
痰不易咯出,
100ml温水溶解后服用，一次2～4片，一日3次,
味酸甜、微苦,
咽喉炎引起的痰多咳嗽,
每片重1.3g,
棕黄至棕褐色泡腾片,
理气祛痰,
水半夏（制）,
羟苯乙酯,
Juhong Tanke Jiangao,
口服，一次10～20克，一日3次,
每瓶装250克,
橘红痰咳成方化橘红,
Ju hong Tan ke Ke li,
水半夏,
淡棕黄色的颗粒,
甘草；辅料为柠檬酸,
口服，每次5粒，一日2次,
痰不易出,
Juhong Keli,
气香，味微甜、微苦,
Azithromycin and Sodium Chloride Injection,
LevofloxacinLactateandSodiumChlorideInjection,
Ambroxol Hydrochloride Glucose Injection,
Roxithromycin Tablets,
Nafcillin Sodium For Injection,
胸疼,
Nivolumab Injection,
单克隆抗体类,
干呕,
冬花,
劳嗽咳血,
内服：煎汤，3—10g；或熬膏；或入丸、散,
新久咳嗽,
艾冬花,
润肺下气,
Zhike Wan,
以及老年支气管炎咳嗽,
用于风寒入肺,
肺气不宣引起的咳嗽痰多,
口服，一次4～6粒，一日2～3次,
散寒止咳,
本品不宜长期服用，儿童、孕妇、体质虚弱者慎用,
燥湿止咳,
白前（制）,
紫菀（制）,
水田七,
罂粟壳浸膏,
Zhike Pingchuan Tangjiang,
止咳平喘成方麻黄,
薄荷油.辅料为蔗糖,
开水冲服，一次10克（1袋），一日3次,
每袋重10克,
气香，味甜、微苦,
棕黄色或棕褐色的颗粒,
干咳痰少,
用于肺燥咳嗽,
儿童、老人、孕妇、体质虚弱及胃肠功能差者慎用,
服用1周病证无改善，应停止服用，去医院就诊,
儿童、孕妇、年老体弱者应在医师指导下服用,
开水冲服，一次1袋，一日2～3次,
Zhike Pian,
润肺定喘,
止咳成方（百部）百部,
孕妇和哺乳期妇女禁用,
服用3天病证无改善，应停止服用，去医院就诊,
心脏病患者慎用。儿童应在医师指导下使用,
温开水冲服，一次10克，一日3次,
润肺祛痰,
口服，一次6丸，一日2次,
以及老年急慢性支气管炎,
气微香、味微苦,
每粒装0.56g,
厚朴（姜炙）,
胶囊剂，内容物为黄褐色至黑褐色的颗粒及粉末,
前胡等22味,
降气化痰,
Zhichuanling koufuye,
Zhichuanling Zhusheye,
苦杏仁（燀）,
口服，一次20粒，一日2～3次,
止嗽祛痰,
用于风邪犯肺咳嗽咽痒,
痰不易咳出者,
五味子（制）,
款冬花（制）,
百部（制）,
一次10粒，一日2～3次,
马兜铃（制）,
包糖衣的浓缩丸，除去糖衣后显棕褐色,
味甘，苦,
喘促,
服用三天，症状无改善，应去医院就诊,
平喘咳,
每10粒重2.15克,
清肺热,
忌烟、酒及辛辣食物,
麻杏止咳成方麻黄,
长期服用，应向医师咨询,
症见咳而咽痒,
宣肺疏风,
痰中带血者慎用,
口服，一次4～5片，一日2次,
阴虚劳嗽者，不宜使用,
解表剂—辛温解表,
喘急气促,
口服，一次2片，一日2次，7天一疗程,
每片重0.53克,
一次3粒，一日2次，7天一疗程,
每粒装0.31克,
桑白皮（蜜制）,
用于血热妄行所致鼻出血,
Cefoxitin Sodium for Injection,
头孢西丁钠,
支气管哮喘患者禁用,
有哮喘病史及对青藤碱过敏者禁用,
Theophylline and Sodium Chloride Injection,
清热解毒/其他中成药,
溴己新16mg,
B81.2,
轻度感染者可无明显症状,
trichosporonsis,
毛孢子菌,
过敏性肺炎等,
白毛结节,
干热无汗,
7－10天,
中湿罗音。部分患儿可有明显呼吸困难,
初始出现上呼吸道感染的症状,
其次为副流感病毒,
三凹征及口唇发绀,
pH值与疾病严重性相关,
体温高低不一。喘憋发作时呼吸加速,
PaCO2正常或增高,
吸氧：喘憋明显患儿应当给予鼻导管吸氧等方式,
呼吸道合胞病毒（RSV）最常见,
可出现小点片阴影,
可有细湿罗音,
听诊可闻及哮鸣音。当喘憋缓解时,
多表现为低热,
叩诊呈鼓音（或过清音）,
合并细菌感染时多增高,
可发生I型或II型呼吸衰竭,
出现烦燥不安,
喘息消失，咳嗽明显减轻,
在恢复期,
多见于2岁以内,
并有喘息发作,
大多数婴儿有发热,
大部分病例变现为全肺程度不等的阻塞性肺气肿,
咳嗽明显加重,
小部分病例出现肺不张,
外周血白细胞多偏低或正常,
小气道阻塞缓解,
病情较重的患儿可有代谢性酸中毒,
患儿急性期小气道存在阻塞,
精神不振,
约半数表现为肺纹理增厚,
第一诊断必须符合ICD—10：J21毛细支气管炎疾病编码,
血气分析显示PaO2不同程度下降,
食欲减退。2－3天出现下呼吸道症状,
部分可有高热,
表现不均一,
重者出现发作性喘憋及紫绀,
尘埃和饮食而散播,
B46.5,
mucormycosis,
毛霉属,
梨头霉属或被孢霉属等多种真菌引起,
痰带血；腹痛,
毛霉目的根霉属,
通过空气,
眼眶充满血痂；胸闷,
鼻涕带血,
鼻腔,
Vinorelbine Bitartrate Injection,
Vinorelbine Tartrate Injection,
坏死或蜂窝织炎等,
肿瘤患者,
气单胞菌感染,
接触带菌动物和患者,
血液病,
"tracheobronchial stenosis,stricture of trachea and bronchus",
气急和呼吸困难,
J39.8,
气管支气管内良性或恶性肿瘤,
气管切开术后,
程度,
麻醉科,
炎性肉芽肿和气道内异物等,
intratracheal intubation,
"外伤引起,甲状腺炎症",
"声嘶,吞咽困难",
支气管狭窄,
支气管异常起源,
≤21天,
气管支气管闭锁,
气管支气管狭窄,
气管憩室,
人工修复材料,
C33,
造影检查,
入院第≤6天,
常见症状包括刺激性咳嗽,
全身麻醉，行气管插管或行体外循环,
气管支气管食管瘘,
抗体筛选和交叉合血,
应≤15天,
气短和呼吸困难,
相关肿瘤标志物检查,
痰中带血或咯血,
纤支镜检查及活检,
纤维支气管镜＋活检（视患者耐受情况）,
胸部CT增强扫描,
第一诊断必须符合ICD—10,
胸部增强CT,
视手术出血情况决定。输血前需行血型鉴定,
血型,
颈部肿块,疾病
2岁以下的儿童,
异物误入气道,
40岁以上人群,
tracheitis,
面色青紫,
J04.1,
咳嗽和咯痰伴畏寒,
发热及四肢酸痛等,
Qiguanyan Wan,
白细胞分类计数,
病毒和细菌等生物性或非生物性因素所致,
急性急性气管—支气管炎,
口服，一次30粒，一日2次,
化橘红（盐水炙）,
喉中发痒,
半夏曲（炒）,
散寒镇咳,
枇把叶膏,
枇杷叶膏滑石粉,
桂枝（炒）,
每100粒重20克,
用于外感风寒引起的咳嗽,
浮海石（煅）,
白色光亮的水丸，除去外衣后显灰绿色,
胸膈满闷,
蛤壳（煅）,
先天性气管畸形病因不清,
先天性气管环,
反复喘息,
远志（去心炒焦）,
呼吸困难等；婴幼儿表现为阵发或持续性呼吸困难,
青黛,中草药
呼吸道感染和发绀,
喉喘鸣时有吸气性三凹征,
trachea tumor,
内窥镜检查,
D38.1,
则出现气短,
中耳、呼吸和胸腔内器官动态未定或动态未知的肿瘤,
早期刺激性咳嗽,
手术选择方法,
异常钙化,
痰少或无痰；阻塞气管腔50%以上时,
气管X线断层摄片检查,
气道狭窄,
活组织检查,
气管碘油造影检查,
螺旋CT,
X 片,
阻塞性肺炎,
单侧呼气喘息,
呼吸心跳骤停,
呼气时气管塌陷,
显微喉镜,
呼气喘鸣,
咳嗽发作,
软骨环与膜部交界处,
作用于颈部或胸部钝性暴力,
咳嗽及咯血,
反复急性喘鸣,
呼吸困难与发绀,
声门关闭,
头部后仰,
tracheoesophageal fistula,
伴有痰多或发热,
食管异物,疾病
胸外伤,
J86.0,
器械损伤（食管镜手术）,
冷汗,
后天性多由于晚期食管癌,
J93,
pneumothorax,
饮水或进食时剧烈咳嗽,
气管切开损伤气管后壁,
J93.9,
剧烈运动,
胸骨后疼痛或肩部牵涉性疼痛,
包裹性气胸,
食管腐蚀伤等,
双侧性气胸,
呼吸音减弱,
急性胸痛,
哮喘并发气胸,
提重物或上臂高举,
患有慢支,
气胸的容量,
气胸部位过清音,
未特指的气胸,
特指自发性气胸,
电视辅助胸腔镜胸膜固定术,
立位胸部X线片,
特指气胸,
肺大疱切除术,
的自发性气胸,
胸内压测定,
的气胸,
结核病等,
肺实质破坏伴随胸膜下肺大疱形成和破裂,
胸部 X 线检查,
肺结核者,
脉搏细弱,
血气分析和肺功能检查,
自发性张力性气胸,
部分气胸,
钝器伤,
肺过度充气,
鼻炎,疾病
原发性支气管肺癌的辅助化疗,
以下真菌病：1.全身性念珠菌病：包括念珠菌血症,
以下真菌病：全身性念珠菌病：包括念珠菌血症,
0.25g/粒,
有青霉素过敏史或皮试呈阳性者禁用,
氟氯西林阿莫西林,
2ml：0.2g,
Fleroxacin Injection,
本品忌与生理盐水或葡萄糖盐水并用,
本品静脉滴注速度不宜过快，45—60分钟内不超过0.2g,
本品不宜与其他药物混合使用,
明显肝肾功能损害者慎用,
甲氧西林敏感葡萄球菌等敏感菌引起的中,
胸部X光异常,
肠杆菌科细菌如肺炎克雷伯菌,
Fleroxacin Tablets,
孕妇、哺乳期妇女及18岁以下患者禁用,
对本品敏感细菌引起的急性支气管炎,
对本品或喹诺酮类药物过敏者禁用,
Fleroxacin Capsules,
100ml：氟罗沙星0.2g与葡萄糖5.0g,
其他冲洗液/氟喹诺酮类,
氟罗沙星0.2g,
严重肾功能不全及对本品过敏患者禁用,
隐球菌属所致的感染,
Hydro cortisone Injection,
炎症性疾病,
A01AC03,
2ml：10mg,
Hydroprednisone Injection,
对本品及其他甾体激素过敏者禁用,
氢溴酸右美沙芬1.5毫克,
氢溴酸右美沙芬0.15克,
中枢性镇咳药,
急性或慢性支气管炎,
手术后无法进食的咳嗽患者,
支气管镜检查时引起咳嗽的治疗,
正在服用MAO阻断剂的患者,
其它上呼吸道感染引起的干咳,
哮喘患者、痰多的患者、肝、肾功能不全患者慎用,
无痰干咳,
主要成份氢溴酸右美沙芬1.5毫克,
主要成份：氢溴酸右美沙芬2毫克,
哮喘患者、痰多的患者、肝肾功能不全患者慎用,
因吸入刺激物引起的刺激性干咳,
严重心衰、心律失常、严重肺功能不全患者慎用,
1ml：10mg,
吗啡类中毒解毒药,
Oxygen Supplies for Medicine,
医用气体,
含氧量不少于99.5%,
氧量不少于99.5%,
oxygen toxicity,
各型氧中毒的治疗,
幻视,
加压舱内发生氧中毒的救治,
幻听,
心悸和面色苍白等,
幻嗅,
成纤维组织浸润,
潜水时发生氧中毒的救治,
惊厥型（脑型）氧中毒,
肺型氧中毒,
中枢性呼吸困难,
超过一定压力和时间的氧气吸入,
面部肌肉抽搐,
眼型氧中毒,
100ml：氧氟沙星0.2g与氯化钠0.9g,
Ofloxacin and Sodium Chlonde Injection,
Ofloxacin and Sodium Chloride Injection,
Yang Fu Sha Xing Lv Hua Na Zhu She Ye,
对本品及喹诺酮类药过敏的患者禁用,
本品每0.2g静脉滴注时间不得少于30分钟,
氧氟沙星0.2g,
肾功能减退者，需根据肾功能调整给药剂量,
Ofloxacin Injection,
Ofloxacin Tablets,
无力感,
氧氟沙星氧氟沙星,
甲类非处方药 医保,
白色薄膜衣片，除去薄膜衣后显类白色或微黄色,
100ml：氧氟沙星0.2g与甘露醇5.3g,
0.4g,
Ofloxacin Sustained Release Tablets,
主要成份为氧氟沙星,
Ofloxacin Capsules,
本品内容物为类白色至微黄色粉末或颗粒,
精神紊乱,
100ml：氧氟沙星0.2g与葡萄糖5.0g,
Ofloxacin and Glucose Injection,
其活性成分为氧氟沙星,
淡黄色或淡黄绿色的澄明液体,
葡萄糖5.0g,
口服：成人一次0.2～0.3g，一日2次，或遵医嘱,
对喹诺酮类药物过敏者和癫痫病人禁用,
白色或微淡黄色颗粒,
严重低血压禁用,
支气管炎引起的咳嗽,
氢溴酸右美沙芬10mg,
中度中毒,
T59.8,
Ammoniapoison,
刺激反应,
呕吐或谵妄,
咽部烧灼痛,
咽部黏膜充血,
少见于误服氨水,
支气管黏膜坏死,
氨的生产制造,
泄漏泄露,
贮罐等损坏,
重度中毒,
阀门,
鼻黏膜,
轻度中毒,
食欲不振等,
排痰困难,
每片含盐酸氨溴索30mg和盐酸克仑特罗0.02mg,
治疗急,
肥厚型心肌病患者,
黄色圆形片剂,
浸润性肺结核,
氨苄西林0.1945g,
活性成分氨苄西林0.1945g,
氨苄西林丙磺舒,
丙磺舒55.5mg,
每片含氨苄西林194.5mg,
Ampicillin Tablets,
一次0.25～0.75g，一日4次,
半合成青霉素氨苄西林,
敏感致病菌所致的呼吸道感染,
Ampicillin Capsules,
一日3次,
口服，成人，一次0.75g（3粒），一日3次，或遵医嘱,
国药准字H44024353,
成人一次0.75g,
治疗敏感细菌引起的呼吸道感染,
用于治疗敏感细菌引起的各种感染,
敏感致的呼吸道感染,
白色或类白色干混悬剂或颗粒剂,
治疗卡氏肺孢子虫感染,
Aminophylline and Sodium Chloride Injection,
常用量：静脉滴注，一次0.25～0.5g，一日0.5～1g,
极量：静脉滴注，一次0.5g,
血压剧降,
Aminophyiline Injection,
Aminophylline Injection,
乙二胺,
慢性喘息性支气管炎,
无色至微黄色的澄明液体,
本品主要成份为氨茶碱,
苯妥英,
苯甲醇（2ml：0.25g ）,
Amin ophyllineTablets,
6—二酮—1,
Aminophyline Tablets,
2—乙二胺盐二水合物,
30个月,
Aminophylline Tablets,
克林霉素,
新生儿血浆清除率可降低，血清浓度增加，应慎用,
本品主要成分为氨茶碱,
氨茶碱化学名称为1,
白色或微黄色片,
18个月,
Aminophylline Sustained—release Tablets,
整片吞服，一次0.1—0.3g（1—3片），一日2次或遵医嘱,
薄膜衣片，除去包衣后显白色至微黄色,
硫酸伪麻黄碱30mg,
对其中任一种成分的药物有过敏史者禁用,
对本品任一组成成分过敏者禁用,
盐酸伪麻黄碱15mg,
氢溴酸右美沙芬2.0毫克,
氢溴酸右美沙芬15mg,
对本品中任一种药物组分过敏者禁用,
无水氢溴酸右美沙芬,
呼吸暂停或停止,
呼吸过度,
哮喘，支气管痉挛,
换气不足,
无水氢溴酸右美沙芬0.5毫克,
氢溴酸右美沙芬0.5毫克,
不能同时服用含用与本品成份相似的其它抗感冒药,
全身麻醉时气管插管,
术中维持肌松,
主要为心率加快，支气管痉挛,
麻醉中维持较长时间（]30分钟）的肌松,
禁用于重症肌无力,
粘痰不易咳出者,
口服1．成人一次0.5g，一日4次,
氯唑西林钠,
chlorine poisoning luqi zhongdu,
咳少量痰,
乏力及恶心,
T59.4,
基本治疗,
可咳大量白色或粉红色泡沫痰,
氯气刺激反应,
工业上接触氯,
短期内吸入较大量氯气,
增粗,
肺水肿治疗,
胸部紧束感等,
阵发性呛咳,
腹胀等,
气管分泌增多,
400mg,
每粒200mg,
马来酸氯苯那敏2.5mg,
马来酸氯苯那敏2.5毫克,
呼吸浅而不规律,
细支气管痉挛,
亦可发生,
致死病例常有肺,
Doxycycline Hyclate Enteric—Coated Capsules,
Hantavirus Pulmonary Syndrome,
伴恶心呕吐,
B33.4,
以气溶胶或颗粒被人体吸入,
凝血功能检查,
前驱期畏冷,
可能经啮齿类的粪,
气促和呼吸窘迫；呼吸衰竭期呼吸,
尿和唾液排出,
尚不明,
"病毒性疾病,不可归类在他处者",
由辛诺柏病毒及其相关的汉坦病毒感染引起,
腹泻；心肺期咳嗽,
汉坦病毒心肺综合征,
球结膜水肿,
亚急性或慢性分化型组织细胞增多病,
各期煤硅肺,
Laiyang pear cough syrup,
误服煤油或汽油或吸入高浓度煤油或汽油蒸气,
Ambroxol Hydrochloride SR Capsules,
Mucosolvan（Ambroxol Hydrochloride Oral Solution）,
恶心，胃部不适,
感觉迟钝,
桔子香精,
盐酸氨溴索0.6克,
盐酸氨溴索75毫克,
儿童必须在医师诊治、处方后并在成人的监护下使用,
食欲缺乏，腹痛,
对本品或其他肾上腺素受体激动剂过敏者禁用,
如使用本品出现不良反应/事件，应及时告知医生,
请将药品放在儿童不能接触的地方,
目眩,
心率加速,
Salbutamol Aerosol,
肌肉震颤,
Salbutamol Aerosol（Suspension）,
咯血和胸痛等,
2～12周新生儿及婴儿,
18～30岁成人,
沙眼衣原体引起,
支气管炎和肺炎,
咽部刺激,
骨矿物密度降低,
每片含盐酸伪麻黄碱30mg，氢溴酸右美沙芬15mg,
咯血痰,
沙雷菌感染,
补肾益肺,
虚劳咳嗽,
用于肺肾两亏,
oil granuloma,
常由于注射油剂或不溶性脂类液体,
致组织对油脂异物反应,
一次3～6丸，一日3次,
包衣滴丸，除去包衣后显深褐色,
口服或含服,
每丸重30毫克,
气香，味微苦，有清凉感,
口服，一次6片，一日3次,
Zhiganjia Jiaonang,
Levofloxacin Hydrochloride Dispersible Tablets,
泊沙康唑,
口服，每日3次，每次10～15毫升,
每瓶120毫升,
胸闷气喘,
理气化痰,
白色薄膜衣片，去除薄膜衣呈白色至淡黄色,
迟发性变态反应,
迟发陛变态反应,
Bacterial Lysates,
7.0mg下列细菌的冻干溶解物：流感嗜血杆菌,
化脓性链球菌,
肺炎克雷伯菌,
草绿色链球菌,
虚弱感,
盐酸多沙普仑,
七叶皂苷钠,
胸膜渗出,
患者调整滴速后仍有胸闷感，禁止滴注,
Zhu She Yong Liang Xing Mei Su B,
两性霉素B,
对本品过敏及严重肝病的患者禁用,
敏感真菌所致的深部真菌感染且病情呈进行性发展者,
脱氧胆酸钠,
遮光，密闭，冷处（2—10℃）保存,
36个月，详见小包装盒,
患有深部真菌感染的患者,
抗生素类/抗生素类/抗生素类,
未开启的本品应保存于15℃—30℃（59—86华氏度）中,
黄色冻干无菌的块状物,
Erythromycin Lactobionate for Injection,
Erytkromycin Lactobionate for Injection,
乳糖酸红霉素,
治疗痤疮的抗感染药/大环内酯类/抗生素,
白色或类白色结晶或疏松块状物,
Azithromycin Lactobionate Forlnjection,
Azthromycin Lactobionate for Injection,
呕吐（2.8%）,
敏感致病菌株所引起的下列感染：1.由肺炎衣原体,
白色或类白色的结晶或粉末或疏松块状物,
腹痛（3.7%）,
微黄色疏松块状物和粉末,
Ciprofloxacin Lactate for Injection,
重度感染：1．呼吸系统感染：急性支气管炎,
白色或微黄色结晶性粉末，无臭，味苦，有引湿性,
乳酸诺氟沙星,
孕妇、婴幼儿及18岁以下患者禁用,
敏感菌所引起的呼吸道感染,
Diprophylline for Injection,
卡那霉素,
庆大霉素,
本品按照处方或遵医嘱使用,
本品常温不溶时，可置37℃加热使其溶解,
氢茶碱,
治疗敏感菌所致的支气管炎,
白色或类白色的结晶性粉末，无臭,
很少见，偶见皮疹、荨麻疹或引起哮喘急性发作,
Imipenem and Cilastatn Sodium forlnjecton,
亚胺培南（按C12H17N3O4S计算）,
亚胺培南（按C2H17N3O4S计算）,
癫痫发作,疾病
西司他丁0.5g,
西司他丁（C16H26N2O5S计算）按1：1组成,
Imipenemand Cilastatin Sodium for Injection,
Voriconazole for lnjection,
白色或类白色粉末,
依前列醇钠,
血管扩张药,
严重的支气管哮喘,
CLindamvcin Phosphate for Injection,
Clndamycin Phosphate for Injection,
支气管扩张合并感染等．皮肤,
鼻窦炎等．急性支气臂炎,
病毒性呼吸道感染,
白色冻干块状物,
避光，密闭，在阴凉处保存,
0.45g,
Rifampicin for Injection,
对本品及利福霉素类过敏者禁用,
暗红色疏松块状物和粉末,
治疗军团菌属,
是利福平,
治疗各种类型结核病,
本品主要成份为利福平,
输液应现配现用，配制药液仅限一次使用,
酒精中毒、肝功能损害者慎用,
密闭，在凉暗处（避光并不超过20℃）保存,
重症耐甲氧西林金葡菌,
白色或类白色疏松块状物或粉末,
主要成份为卡铂,
头颈部鳞癌,
对顺铂或其他含铂化合物过敏者,
无臭,
带状疱疹、感染、肾功能减退者慎用,
有明显骨髓抑制和肝肾功能不全者,
白色疏松块状物或粉末,
间皮瘤,
静脉注射时应避免漏于血管外,
ErtapenemforInjection,
厄他培南钠,
轻型肺炎,
对本品以及磺胺药、噻嗪类利尿药过敏者禁用,
Furbencillin Sodium For Injection,
呋苄西林钠,
1.0g,
呋布西林钠,
奇异变形杆菌,
Pipecuronium Bromide for Injection,
其它季铵化合物,
全身麻醉过程中肌肉松弛,
吡啶斯的明,
每支冻干品含哌库溴铵4mg,
安氟醚,
咪唑类,
时间较长的手术（20～30分钟以上）的麻醉,
新斯的明,
每支溶剂含0.9%氯化钠溶液2ml,
避光，冷藏，2～8℃保存,
氯化腾喜龙,
Piperacillin Sodium for Injection,
重症肌无力及对哌库溴铵或溴离子过敏者,
白色或类白色粉末或疏松块状物,
上述情况,
他唑巴坦0.125g,
他唑巴坦0.125g；2.25g含哌拉西林2.0g,
他唑巴坦钠以他唑巴坦计0.5g；哌拉西林,
他唑巴坦之比为8：1,
他唑巴坦0.375g,
他唑巴坦62.5mg；1.125g每支分别含哌拉西林1.0g,
哌拉西林0.5g,
哌拉西林1.0g,
哌拉西林2.0g,
哌拉西林3.0g,
哌拉西林钠以哌拉西林计2.0g,
患中性粒细胞减少症的病人的细菌感染,
治疗混合感染以,
治疗下列由已检出或疑为敏感细菌所致的全身,
治疗多种细菌混合感染,
白色至类白色疏松块状物或粉末,
荨麻瘆,
碳酸氢钠,
遮光、密闭，在10～25℃保存,
青霉素（包括β—内酰胺酶抑制剂）的复方制剂,
处方中无辅料,
密闭，在阴凉（不超过20℃）干燥处保存,
用药前需做青霉素皮肤试验,
类白色疏松块状物,
无辅料,
哌拉西林钠1.0g,
舒巴坦钠0.5g,
每瓶含哌拉西林1.0g,
每瓶含哌拉西林2.0g,
舒巴坦0.25g；每瓶含哌拉西林2.Og,
支气管收缩,
过敏性反应/休克,
哺乳妇女须慎用,
本品避免与氟达拉滨同用，剂量应在推荐的范围内,
注射剂：1mg/支，2mg/支,
名称：甘露醇,
叶酸类似药,
密封，在凉暗处（避光并不超过20℃）保存,
甲硫氨酸,
类白色或淡黄色疏松块状物或粉末,
肌酐清除率降低,
脱发,疾病
顺铂联合治疗无法手术的恶性胸膜间皮瘤,
甘草酸单铵S（C42H65NO16·2H2O）80mg,
对本品既往有过敏史患者,
易怒，心动过速,
白色或类白色疏松块状物或无定形固体,
1m：20mg,
4ml：80mg,
2～8℃，密闭，遮光贮存,
夫西地酸钠,
粉针剂：1.0g,
Ceflazidime for Injection,
Zhusheyong Toubao tading,
下呼吸系感染,
Zhu She Yong Tou Bao Ta Ding,
主要成份为头孢他啶,
头孢他啶加适量精氨酸,
对重症革兰阳性球菌感染，本品为非首选品种,
有青霉素过敏性休克史患者则应避免使用本品,
敏感革兰阴性杆菌所致败血症,
本品属妊娠期B类药物，孕妇仅限于有明确指征时应用,
白色或类白色结晶性粉末,
禁用于对本品或对头孢菌素类抗生素有过敏反应史者,
硫酸多粘菌素B,
粘菌素甲磺酸钠,
葡萄糖酸红霉素,
交叉过敏：本药与头孢菌素类药有交叉过敏,
对本药或其他头孢菌素类药过敏者禁用,
头孢克定,
敏感细菌所致的各种感染,
无臭，味微苦，有引湿性,
Cefpiramide for Injection,
克雷白氏杆菌属,
假单孢菌属,
厌氧球菌属,
头孢匹胺,
摩根氏变形杆菌属,
有可能发生过敏性休克，需充分问诊,
柠檬酸杆菌属,
由金黄色葡萄球菌属,
链球菌属（除肠球菌外）,
Cefpiran（Cefpiramide Sodium For Injection）,
Cefpiramide Sodium For Injection,
对本药成分过敏者,
Cefuroxime Sodium for Iniection,
Cefuroxime Sodium for Injectjon,
Cefuroxime Sodium for lnjection,
Zhu She Yong Tou Bao Fu Xin Na,
不宜青霉素治疗者,
克雷伯氏杆菌属,
呼吸道感染：由肺炎链球菌,
大肠杆菌所引起的呼吸道感染,
对头孢菌素类或头霉素类药物过敏者禁用本品,
对头孢呋辛敏感的细菌引起的下列感染：1,
流感嗜血杆菌（含氨苄青霉素耐药菌）,
白色至微黄色粉末或结晶性粉末,
Medocef（Cefoperazone Sodium for Injection）,
Cefoperazone Sodium foe Injection,
其他下呼吸道感染,
敏感菌所致的各种感染如肺炎,
白色至微黄色结晶性粉末或冻干的块状物或粉末,
他唑巴坦钠,
头孢哌酮1.0g,
密闭，在凉暗干燥处保存,
对头孢哌酮单药耐药,
对本品敏感的产β—内酰胺酶细菌引起的中,
治疗由对头孢哌酮单药耐药,
治疗由对头孢哌酮单药敏感菌,
白色或类白色结晶性粉末，无臭,
重度感染,
CefoperazoneSodiumandSulbactamSodiumforinjection,
β—内酰胺酶抑制剂/第三代头孢菌素,
头孢哌酮钠以头孢哌酮计2.0g,
头孢哌酮和舒巴坦,
头孢哌酮（C25H27N9O8S2）0.5g,
头孢哌酮钠和舒巴坦钠,
对青霉素或头孢菌素类抗生素过敏者禁用,
头孢哌酮－舒巴坦均可导致直接Coombs试验阳性,
抗菌复合剂/第三代头孢菌素,
每瓶含头孢哌酮 1.0g,
每瓶含头孢哌酮 2.0g,
本品与氨基糖苷类药物联合应用具有协同作用,
白色或类白色的粉末,
舒巴坦 1.0g,
舒巴坦 2.0g,
舒巴坦钠以舒巴坦计1.0g,
舒巴坦钠〔头孢哌酮,
舒巴坦钠[头孢哌酮（C25H27N9O8S2）0.5g,
舒巴坦钠以舒巴坦计2.0g,
舒巴坦钠（1：1）,
舒巴坦为2∶1〕,
舒巴坦钠（2：1）,
舒巴坦（C8H11NO5S）0.5g]均匀混合的无菌粉末,
舒巴坦（C8H11NO5S）0.25g】均匀混合的无菌粉末,
头孢哌酮钠以头孢哌酮计1.0g,
舒巴坦钠以舒巴坦计0.5g,
舒巴坦0.75g,
舒巴坦0.25g；每1.5g含头孢哌酮1.0g,
舒巴坦0.5g；每2.25g含头孢哌酮1.5g,
敏感菌引起的下列感染：1.败血症,
头孢唑啉钠,
头孢唑肟钠,
头孢唑肟钠．,
密闭，在凉暗（避光并不超过20℃）干燥处保存,
对本品及其他头孢菌素过敏者禁用,
Cefalotin Sodium for Injection,
头孢噻吩钠,
敏感革兰阴性杆菌所致的呼吸道感染,
本品与氨基糖苷类不可同瓶滴注,
用药前需进行过敏试验,
有头孢菌素过敏和青霉素过敏性休克史者禁用,
耐青霉素金葡菌（甲氧西林耐药者除外）,
Cefotaxime Sodium for Injection,
Cefotaxime Sodium for Injectlon,
敏感细菌所致的肺炎,
本品为头孢噻肟钠,
对头孢菌素类、青霉素过敏者禁用,
每盒含头孢噻肟1克，舒巴坦0.5克,
Cefodizime Soidum for Injection,
NEWDIZIME,
不能与其它抗生素在同一溶液内混合,
不易溶于乳酸钠溶液中,
主要成份为头孢地嗪钠,
主要成分为头孢地秦钠,
在葡萄糖溶液中不能长期保持稳定，应立即注射,
头孢地秦钠,
对头孢菌素类过敏者禁用,
敏感细菌引起的感染,
无臭或微有特异气味,
高德,西药
敏感细菌所致的肺部感染,
适用于敏感细菌所致部分感染,
下列敏感菌引起的感染：下呼吸道感染,
头孢尼西钠,
对头孢菌素类药物过敏者禁用,
头孢拉宗钠仅供静脉给药，且静脉给药时速度宜缓慢,
头孢拉宗钠用药前应进行皮试，以免发生过敏性休克,
注射用头孢拉宗钠粉针：0.5g1g,
敏感菌所致的呼吸系统感染,
Cefradine for Lnjection,
Ceftriaxone—Sodium for Injection,
本品成份为头孢曲松钠,
敏感致病菌所致的下呼吸道感染,
给药前需进行过敏试验,
2.0g,
Cefathiamidine forlniection,
Cefathiamidine for Injection,
头孢硫脒,
有青霉素过敏性休克史者,
Cefminox Sodium for lnjection,
Cefuroxone Sodium for Injection,
Melnox,
PIE综合征,
咪唑衍生物/咪唑衍生物,
有头孢米诺钠1g（以C16H20N7NaO7S3计）,
细支气管炎,
肺化脓症,
大肠杆菌,
摩氏摩根菌,
拟杆菌属,
普罗维登斯菌属,
治疗由对头孢美唑钠敏感的金黄色葡萄球菌,
主要成份为头孢西丁钠,
对本品及头孢菌素类抗生素过敏者禁用,
白色至类白色的粉末，吸湿性强,
青霉素过敏者慎用,
Cefazedone Sodium for Injection,
头孢西酮钠,
Nedaplatin for Injection,
奈达铂,
Ornidazole For Injection,
为奥硝唑,
咪唑衍生物/咪唑衍生物/硝基咪唑衍生物,
奥硝唑,
对氨基水杨酸钠,
急性扩散性结核病,
白色或类白色的结晶或结晶性粉末,
对同类药物有过敏反应者,
及其化学名称为人尿激肽原酶,
尚无尤瑞克林与溶栓药物联合用药的研究资料,
有药物过敏史或者过敏体质者慎用,
脑出血及其他出血性疾病的急性期,
Urokinase for Injection,
Urokinase for Injedtion,
从健康人尿中分离的,
尿血,
抗凝溶栓及抗血小板药,
尿激酶,
本品不得用酸性溶液稀释，以免药效下降,
白色或类白色的冻干块状物或粉末,
纤维蛋白溶解药,
遮光、密闭，在10°C以下保存,
血栓栓塞性疾病的溶栓治疗,
酶类,
对本品成份有严重过敏症既往史患者不得用药,
不能口服的患者,
肝功能不良者，精神病患者和癫痫病人禁用,
对抑肽酶过敏者禁用,
肺癌的辅助治疗,
Latamoxef Sodium for Injection,
SHIOMARIN（Latamoxef Sodium for Injection）,
对青霉素过敏者、肾功能损害者慎用,
对本品及头孢菌素类有过敏反应史者禁用,
白色至淡黄色的粉末或块状物，无臭，有引湿性,
敏感菌引起的各种感染症,
拉氧头孢钠,
荨麻疹，搔痒,
荨麻疹，瘙痒,
Sodium New Houttuyfonate for Injection,
Procaine Benzylpenicillin for Injection,
青霉素钠,
输注反应,
Tigecycline for Injection,
替加环素,
无乳链球菌,
治疗确诊或高度怀疑细菌所致的感染,
禁用于已知对替加环素过敏的患者,
脆弱拟杆菌等所致者,
克拉维酸钾以克拉维酸计0.2g；替卡西林,
克拉维酸为15：1,
替卡西林钠,
替卡西林钠以替卡西林计1.5g,
白色或类白色粉末，极易引湿,
Teicoplanin for Injection,
不能用青霉素类,
对替考拉宁有过敏史者不可使用本品,
治疗各种严重的革兰阳性菌感染,
保存于2—8℃暗处,
结核病化疗的辅助治疗,
Biapenemforinjection,
严重的肾功能不全者慎用,
慢性呼吸道疾病引起的二次感染,
正在服用丙戊酸钠类药物的患者禁用,
有癫痫史者及中枢神经系统疾病患者慎用,
白色至微黄白色结晶性粉末,
老年患者慎用（参照【老年用药】）,
原发性支气管肺腺癌的辅助治疗,
FLUMARIN（Flomoxef Sodium for Injection）,
氟氧头孢钠,
Flucloxacillin Sodium for Injection,
按C19H16ClFN3O5S计0.5g,
氟氯西林钠,
用本品前进行青霉素皮试，呈阳性反应者禁用,
属氟喹诺酮类抗菌药物,
注射剂,
严重的支气管哮喘等过敏性疾病,
抢救危重病人如中毒性感染,
氢化可的松琥珀酸钠,
预防,
支气管镜检查时引起的咳嗽治疗,
痰多难以咳出的患者应慎用本品,
肺结核等引起的咳嗽症状的控制,
Ofloxacin for Injection,
白色或类白色冻干块状物,
请放置于儿童不能够触及的地方,
严重低血压,
磷酸二酯酶抑制剂,
主要成份：氨曲南,
使用前，请详阅使用说明书,
单酰胺类,
对氨曲南有过敏史者禁用,
本品主要成份为氨曲南,
Ampicillin Sodium for Injection,
广谱青霉素/抗生素,
按C16H19N3O4S计算1.0g,
敏感菌所致的呼吸道感染,
本品须新鲜配制,
氨苄西林0.25g,
氯唑西林0.25g,
氯唑西林0.5g,
白色或类白色粉末或结晶性粉末,
盐酸林可霉素,
0.75g装氨苄西林0.5g,
含氨苄西林0.5g,
密闭，30℃以下保存,
每瓶0.75g,
每瓶含氨苄西林2.0g,
氨苄西林0.5g,
氨苄西林钠0.5g,
氨苄西林钠2.0g,
氨苄西林钠1.5g,
治疗由敏感细菌所引起的感染,
氨苄西林1.0g,
氨苄西林钠和舒巴坦钠,
舒巴坦0.50g,
舒巴坦0.25g ；1.5g每支分别含氨苄西林1.0g,
舒巴坦0.25g；规格为1.5g,
舒巴坦0.25g；1.50g装氨苄西林1.0g,
舒巴坦0.5g；3.0g装氨苄西林2.0g,
舒巴坦钠1.0g,
AminophyllineforInjection,
地尔硫卓,
慢性哮喘性支气管炎,
白色或类白色块状物,
暂定一年,
Cloxacillin Sodium For Injection,
化脓性链球菌或肺炎球菌,
治疗产青霉素酶葡萄球菌感染,
本品与氨基糖苷类,
耐青霉素葡萄球菌所致的混合感染,
洛铂,
本品主要成份为洛铂,
白色冻干粉末,
遮光、密闭，25℃以下保存,
Zhusheyong Dengzhanhuasu,
本品主要成分为炎琥宁,
白色或微黄色粉末或块状物,
致热原样反应寒战,
0.9%氯化钠,
70mg,
其中总磷脂不少于80%,
5%葡萄糖,
Calf Pulmonary Surfactant for Injection,
包括磷脂,
卵磷脂不少于55%,
密封，—10℃以下保存,
暂定18个月,
卵磷脂,
本品开启后应在24小时内应用,
白色至类白色的疏松块状物,
甘油三酯,
游离脂肪酸,
经临床,
胆固醇,
蛋白含量约1—2%,
蛋白含量约1～2%,
量约1—2%,
对药物中任一成份过敏者,
本品禁与氨茶碱同时静脉给药,
肺癌等实体肿瘤进行放射治疗的病人,
甲硝唑磷酸二钠,
最佳显像时间为注射后60分钟～90分钟内进行,
博来霉素,
Merhylprednisolone Sodium Succinate for Injection,
下室为甲泼尼龙琥珀酸钠,
琥珀,
辅料：一水磷酸二氢钠,
重复一个疗程前，应作白细胞计数,
Pefloxacin Mesylate for Injection,
甘露醇（0.2g）；本品主要成份为甲磺酸培氟沙星,
甲磺酸培氟沙星,
类白色至微黄色冻干块状物粉末,
6—磷酸葡萄糖脱氢酶缺乏患者慎用,
Pazufloxacin Mesylate for Injection,
对帕珠沙星及喹诺酮类药物有过敏史的患者禁用,
敏感细菌引起的下列感染：慢性呼吸道疾病继发感染,
遮光，阴凉处密闭保存,
禁用于对本品有过敏史者,
密封，遮光,
过敏体质者禁用,
500mg/瓶,
Vancomycin Hydrochloride for Intra Venous,
Vancomycin Hydrochloride for Injection,
Vancorin（Vancomycin Hydrochloride for Injection）,
盐酸万古霉素,
耐甲氧西林金黄色葡萄球菌,
催眠药物所引起的呼吸抑制,
各种疾病引起的中枢性呼吸衰竭,
密闭，在阴凉处保存（不超过20℃）,
Bleomycin Hydrochloride for Injection,
BLEOCIN,
博来霉素B2,
密封、在阴凉（不超过20℃），干燥处保存,
密封、凉暗干燥处（25℃以下）保存,
头部沉痛感,
心电图改变,
恶心，少见呕吐,
注射本药前，先服吲哚美辛50mg可减轻发热反应,
癌性胸腔积液,
水痘患者,
用药后避免日晒,
脂肪浸润,
白色至淡黄色疏松块状物,
白细胞计数低于2.5×10/L者,
硬结,
色素沉着,
静脉注射应缓慢，每次时间不少于l0分钟,
Norvancomycin Hydrochloride for Injection,
对万古霉素类抗生素过敏者禁用,
盐酸吉西他滨,
中枢性拟交感神经药,
Doxapram Hydrochloride for Injection,
Doxycycline Hyclate for Injection,
对任何一种四环素类药物有过敏史的患者禁用,
2月龄至16岁儿童上述敏感细菌引起的中至重度感染,
万古霉素,
毒性表皮坏死,
Cefotiam Hydrochloride for lnjection,
Cefotiom Hydrochloride for Injection,
克雷白杆菌属,
对本品或对头孢类抗生素有过敏既往史者,
对本品敏感的葡萄球菌属,
对本品有休克既往史者,
枸橼酸杆菌属,
链球菌属（肠球菌除外）,
Cofmenoxime Hydrochloride For Injection,
Cefmenoxime Hydrochloride for Injection,
盐酸头包甲肟,
盐酸头孢甲肟,
类白色至淡黄色结晶或结晶性粉末，无臭,
治疗或预防已证明或高度怀疑由敏感细菌引起的感染,
对有肺、肝、肾功能障碍的患者慎用,
对博莱霉素类抗生素有过敏史的患者禁用,
盐酸平阳霉素,
避光不超过20℃,
较重时有呼吸急促,
对林可霉素和克林霉素有过敏史的患者禁用,
医保药品； 运动员禁用药物,
体温升高,
在阴凉处（不超过20℃）保存,
已知对盐酸氨溴索或配方中其他成分过敏者不宜使用,
头孢呋辛,
疲惫,
Lomefloxacin Hydrochloride for Injection,
奥每欣,
对本品或其他喹诺酮类药物过敏者禁用,
支气管扩张伴感染,
Bromhexine Hydrochloride for,
矽肺等有黏痰不易咳出者,
Ciprofloxacin Hydrochloride For Injection,
低血氧症,
头痛呼吸暂停,
卡它莫拉菌,
密封、在阴凉干燥处（不超过20℃）保存,
本品白色或类白色块状物或粉末,
由敏感致病菌引起的下列感染：1．由肺炎衣原体,
肺炎支原体,
建议本品在抗恶性肿瘤治疗前15〜30分钟静脉注射给药,
呼吸不规则或困难,
对本品及其他氨基糖苷类抗生素过敏者禁用,
硫酸依替米星,
克雷伯菌属,
对本品或其他氨基糖苷类药物有过敏史者禁用,
Capreomycin Sulfate for Injection,
肺癌（鳞状细胞癌）,
气管等部位感染,
静注可能招致呼吸抑制，一般不采用,
氨基糖苷类抗生素,
Cefpirome Sulfate for Injection,
绿脓杆菌,
白色至微黄色结晶性粉末,
硫酸头孢匹罗,
Cefoselis Sulfate for Injection,
硫酸头孢噻利,
避光，密封，阴凉干燥处（不超过20℃）保存,
多粘菌素,
Tobramycin Sulfate for Injection,
大肠埃希菌,
呋塞米及卷曲霉素,
肺部感染时可同时气溶吸入本品作为辅助治疗,
肠杆菌属,
葡萄球菌感染（耐甲氧西林菌株无效）,
克雷白氏肺炎杆菌,
小诺霉素,
大剂量氨苄青霉素,
本品不宜与其他药物混合静滴,
本品稀释后可静脉滴注，不能作静脉推注用,
对本品或其他氨基糖苷类过敏者禁用,
治疗敏感革兰阴性杆菌,
Colistin Sulfate for Injection,
0.25mg,
对拟交感神经胺和该药任何成分过敏者禁用,
有辅料：甘露醇,
注射局部疼痛,
白色至类白色冻干块状物,
肺气肿有关的可逆性支气管痉挛患者,
Sisomicin Sulfate For Injection,
遮光，密闭，阴凉处（不超过20℃）保存,
其他敏感菌所致的下列感染：呼吸系统感染,
硫酸西索米星,
革兰阴性菌（包括铜绿假单胞菌）,
对链霉素或其他氨基糖苷类过敏的患者禁用,
硫酸链霉素,
Azithromycin Sulfate for Injection,
Azithromycin Sulfate For lnjection,
对红霉素或其它大环内酯类药物过敏者禁用,
硫酸阿奇霉素,
Amikacin Sulfate for Injection,
不动杆菌属等敏感革兰阴性杆菌,
庆大霉素或妥布霉素耐药菌株所致的严重感染,
硫酸阿米卡星,
治疗革兰阴性杆菌对卡那霉素,
葡萄球菌属（甲氧西林敏感株）所致严重感染,
喉头紧迫感,
磷霉素钠,
其他链球菌所致的急性支气管炎,
Sulbenicillin sodium for injection,
其他敏感革兰氏阴性菌所致肺炎,
对本品敏感的铜绿假单胞菌,
某些变形秆菌属以,
密闭，在阴凉干燥处（不超过20℃）保存,
本品主要成份为穿琥宁,
白色至微黄色的冻干块状物或粉末,
其它全身用抗真菌药,
棘白菌素类药物,
米卡芬净钠,
4000单位,
本品不可静脉注射,
本品溶解后不稳定．宜用时新鲜配制,
糜蛋白酶的效价应为标示量的90.0%~120.0%,
不能手术或放疗的非小细胞肺癌患者的一线化疗,
中性粒细胞低于1500个/mm3者禁用,
紫杉醇类药物过敏者禁用,
人血白蛋白约900mg,
咳嗽者占7%,
紫杉醇100mg,
两个疗程之间应间隔5~7天,
遮光，密闭，在冷处（2—10℃）保存,
本品可引起过敏反应,
Asarone for Injection,
6岁以下儿童禁用,
吐温—80,
对本品所含成分过敏者禁用，过敏体质者慎用,
慢性阻塞性肺疾病伴咳嗽,
白色或类白色的疏松块状物,
异氟醚,
每支含维库溴铵4毫克,
对本品活性成分或任何辅料成分过敏者禁用,
维库溴铵,
箭毒生物碱类,
辅助全身麻醉,
腾喜龙,
镁盐,
Mezlocillin Sodium for lnjection,
对青霉素类抗生素过敏者禁用,
按C21H25N5O8S2计算⑴0.5g⑵1.0g⑶1.5g⑷2.0g⑸3.0g⑹4.0g,
白色或类白色的粉末或结晶或疏松块状物,
产酶耐药菌引起的中重度下列感染性疾病,
对青霉素类药物或舒巴坦过敏者禁用,
Zhu She Yong Mei Luo Pei Nan,
使用丙戊酸的病人禁用,
密闭，在凉暗干燥处保存（避光并不超过20℃）,
对本品成份及其它碳青霉烯类抗生素过敏者禁用,
念珠菌感染,
成人,
治疗多重感染,
大肠杆菌（包括耐氨苄西林株）以,
CarbenicillinSodiumforInjection,
系统性铜绿假单胞菌感染,
羧苄西林钠,
1.6mg,
Thymalfasin for Injection,
正在接受免疫抑制治疗的患者如器官移植者禁用,
胸腺肽,
Thymopolypeptides for InjeCtion,
从健康小牛胸腺中提取的胸腺a1,
有生物活性的多肽,
皮内敏感试验阳性反应者禁用,
胸腺肽α1,
胸腺α1,
胸腺素α1,
胸腺法新1.6mg,
低磷血症,
Sulbactam Sodium for Injection,
支气管感染,
对青霉素类药物过敏者禁用,
Benzathine Benzylpenicillin for Injection,
120万单位,
白色结晶性粉末,
对β—内酰胺酶敏感的青霉素类,
Oxacillin Sodium for Iniection,
成份为苯唑西林钠,
苯唑西林钠,
是苯磺酸阿曲库铵,
气管插管时所需的肌肉松弛,
苯磺酸阿曲库铵,
Cisatracurium Besilate for Injection,
顺苯磺酸阿曲库铵,
重症监护治疗,
2—8℃避光保存,
侵袭性真菌感染,
萘夫西林钠,
有出血性疾病或出血倾向者、严重肝功能不全者禁用,
禁用于对酒精高度过敏的患者,
禁用于既往对人参、三七过敏的患者,
连续给药不得超过15天,
出血性疾病急性期禁用,
避光，密封，在2～8℃保存,
各种低氧血症,
对本品及大环内酯类抗生素过敏者禁用,
长春花碱及类似药,
Caspofungin Acetate for Injection,
卡泊芬净,
2~8℃避光保存,
10μg/支、20μg/支、30μg/支、40μg/支、50μg/支、60μg/支,
小儿呼吸道合胞病毒肺炎等有效,
本品溶解后应一次用完，不得分次使用,
重溶后为澄明液体，不含肉眼可见的不溶物,
2～8℃避光保存,
人干扰素α2b,
0.3mg/支,
寒颤*,
发烧*,
于2～8℃避光保存,
乳白色冻干粉剂,
肺癌的治疗,
重组人白介素—2（[sup]125[/sup]Ala）,
贮藏于2—8℃的低温环境中,
严重心肾功能不全,
2～8℃避光保存和运输,
对rhGM—CSP或该制剂中任何其他成分有过敏史的病人,
肺部水肿,
胸膜渗液,
4℃以下避光冷藏,
经其他方法治疗无效或复发的晚期非小细胞肺癌患者,
溶解后为澄明液体，不含有肉眼可见的不溶物,
白色疏松体,
15mg、10mg,
禁用于治疗前粒细胞计数<1000细胞/mm3的患者,
长春瑞滨,
Lomefloxacin Aspartate For Injection,
孕妇、哺乳期妇女及十八岁以下患者禁用,
对本品或其他氟喹诺酮类药物过敏者禁用,
本品每次静注时间应不少于60分钟,
白色或类白色疏松块状物,
门冬氨酸阿奇霉素,
慎用患有心脏或肺部疾病者。孕妇。哺乳妇女,
辅助治疗由耐药结核菌株引起的难治性肺结核,
主要成份为阿奇霉素,
Paiqi（Azithromycin for Injection）,
利福布丁,
去羟肌苷,
敏感病原菌所致的下列感染,
每瓶含阿奇霉素0.5g,
治疗或预防经确诊或高度怀疑敏感菌引起的感染,
环孢霉素,
白色至类白色块状粉末,
阴凉（不超过20℃）、干燥处密闭保存,
阿奇霉素枸橼酸二氢钠,
阿奇霉素枸橼酸二氢钠盐,
白色或类白色的疏松块状物或粉末,
磷酸二氢钠,
阿奇霉素磷酸二氢钠,
出血风险增加,
大面积肺栓塞,
本品不可用于有高危出血倾向者,
爱通立®,
按C20H22N5NaO6S计1.0g,
敏感的革兰阳性菌,
阴性菌所致的各种感染以,
200mg/瓶,
Amoxicillin Sodium for Injection,
白色或类白色粉末或结晶,
青霉素过敏及青霉素皮肤试验阳性患者禁用,
克拉维酸0.2g；每0.6g本品含阿莫西林0.5g,
克拉维酸0.1g,
克拉维酸0.1克,
克拉维酸O.1克,
含阿莫西林0.5g,
克拉维酸钾（5：1）,
可见过敏性休克,
含阿莫西林1.0g,
国家基本用药； 甲类非处方药； 医保药品,
每1.2g本品含阿莫西林1.0g,
每瓶1.2g,
阿莫西林0.25g,
阿莫西林1.0g,
阿莫西林1.0克,
阿莫西林1.O克,
阿莫西林0.5g,
（1）每瓶0.6g,
含氟氯西林钠为0.5g（以C19H17CLFN3O5S计）,
含氟氯西林钠为1.0g（以C19H17CLFN3O5S计）,
含氟氯西林钠为1.5g,
阿莫西林钠1.09以（C16H19N3O5S计）,
Amoxillin Sodium and SulbactamSodium for Injection,
阿莫西林钠1.5g,
阿莫西林钠0.5g（以C16H19N3O5S计）,
产酶耐药菌引起的下列感染性疾病,
本品无辅料,
本品配成溶液后必须及时使用，不宜久置,
阿莫西林2.0g,
阿莫西林钠1.0g,
Sodlum Ferulate for Injection,
Sodium Ferulate for Injection,
遮光，密封，10℃以下保存,
Benzylpenicillin Sodium for Injection,
天然青霉素,
天然青霉素青霉素钠,
敏感细菌所致各种感染,
Benzylpenicillin potassium for Injection,
四环素,
Cisatracurium Besylate for injection,
IV期不能手术的NSCLC的局部放疗,
0.25g/支,
Azithromycin Maleate for Injection,
密封，在阴凉干燥处保存,
无臭，味苦,
有引湿性,
马来酸阿奇霉素,
PancuroniumBromideInjection,
泮库溴铵,
听力下降,
Azithromycin Capsules,
嗜酸性白细胞增多,
斑丘疹性红斑,
GPT升高,
GOT,
BUN升高,
噩梦,
Tobramycinsulfate and Sodium chloride Injection,
38%,
皮疹，其他有背痛,
79%,
呼吸困难（2%）,
皮疹（12%）,
意识丧失,
灼痛,
皮肤发红,
全血细胞减少症,
脱落性皮炎,
氢溴酸右美沙芬1毫克,
盐酸伪麻黄碱3毫克,
盐酸伪麻黄碱60mg,
氢溴酸右美沙芬2.5mg,
清泻肺热,
气喘咳嗽,
肺热喘咳,
风寒咳嗽、肺虚喘咳不宜使用,
Xiefei Dingchuan Pian,
口服，一次5片，一日2次,
用于肺气壅塞,
肾不纳气所致的喘咳,
糖衣片或薄膜衣片，除去包衣后显棕色至棕褐色,
薄膜衣每片重0.5g,
水泡,
Lincomycin Hydrochloride Injection,
玄参（去芦）,
玄参,中草药
口服，一次4克，一日2～3次,
西洋参,
干咳少痰及口燥咽干,
滋阴补肺,
用于肺阴虚引起的久嗽咳喘,
反复或持续高热,
常合并恶性肿瘤,
女性患者临床症状常较男性严重且预后更差,
可有菌血症,
急剧致命的病情恶化，短期内死亡,
洋葱假单胞菌感染,
肺功能急剧下降,
洋葱伯克霍尔德菌肺炎,
进行性消瘦,
哮喘咳嗽,
利托那韦 25 mg,
室温保存（低于30℃）,
养肺生津,
Pazufloxacin Mesylate and Sodium,
Compound Glycyrrhizin Injection,
钠及体液潴留,
有高效表达人干扰素α—2a基因的大肠杆菌经发酵,
聚乙二醇PEG化而成,
肺充血,
胸部紧缩感,
致死性间质性肺炎,
用于流行性感冒,
每次人用剂量1.0ml，含血凝素抗原每型≥12μg,
病毒类疫苗,
II,
A49.2,
III,
呼吸音低,
咳脓性痰,
湿啰音等,
流感嗜血杆菌感染引起,
有基础疾病成人,
A3/（H3N2）型血凝素不低于15μg,
Influvac vaccine，surface antigen，inactivated,
Subunit Influenza Vaccine,
含A,
型血凝素不低于15μg,
咽痛声哑,
小儿流行性感冒,
涕唾稠粘,
免疫缺陷者,
流感病毒侵犯下呼吸道引起,
有基础肺部及心脏疾病者,
老年人,
起病急,
阵发性咳嗽,
Inactivated Vaccine（Split Virion），Inactivated,
15μg/各型/0.5ml/支,
7.5μg/各型/0.25ml/支,
肺疾病者,
乙型病毒株血凝素抗原各≥7.5微克,
"Influenza Vaccine（Split Virion）, Inactivated",
乙型流行性感冒病毒株血凝素,
注射用无色至轻微乳白色混悬液,
浓缩,
甲I型,
甲III型,
乏力等,
全身肌肉酸痛,
咳血痰或脓性痰,
外周血检测,
极度乏力,
由流感病毒感染引起,
直接接触,
病原学相关检查,
飞沫,
被污染物品接触,
鼻塞及咽痛,
乙型的血凝素各15μg,
有WHO每季推荐的流感病毒株甲I型,
Splited Influenza Virus Vaccine Injection,
Influenza Split Vaccine,
胸膜阿米巴病,
浆膜腔积液aaa,
清热化痰止咳,
头痛及发热,
主要成份为罗红霉素,
化痰散结/活血化瘀,
口服，每次6粒，一日3次,
皮疹（过敏反应）,
内服：煎汤，9—15g；或研末,
SparfloxacinCapsules,
Haizhu Chuanxiding Pian,
本品浅黄色片，气香，味苦，微辛凉,
盐酸氯喘,
胡颓子叶,
盐酸氯丙那林,
用于肺燥喘咳,
用于肺热咳喘,
每服二钱，鸡子清调下,
Xiaokechuan Pian,
温化寒痰,
满山红成方满山红油,
Xiaokechuan Tangjiang,
薄膜衣片，除去薄膜衣后显黄绿色,
满山红浸膏粉,
Xiaokechuan Jiaonang,
用于寒痰咳喘,
满山红成方满山红,
消咳宁成方盐酸麻黄碱,
用开水冲服，一次5g，一日3次；小儿酌减,
Xiao Chuan Gao,
消喘成方白芥子（炒）,
病原体因素,
治疗不当,
病原体感染,
患有基础疾病,
宿主因素,
白细胞计数,
氢溴酸山莨菪碱,
氢溴酸山莨菪碱5毫克,
Xiao yan Zhi ke Pian,
口服，一次2片，一日3次,
消炎,
糖衣片，除去糖衣后，显污绿色,
消炎止咳成方胡颓子叶,
胸满气短,
严格按用法用量服用，本品不宜长期服用,
哺乳期妇女、年老体弱者应在医师指导下服用,
胸满气逆,
用于支气管炎咳嗽,
支气管炎的咳嗽有痰及疖肿,
Xiaotan Yikang,
消痰益康成方满山红,
Xiaoaipin Pian,
化痰散结/其他中成药,
Xiao'aiping Pian,
Xiaoaiping Jiaonang,
硬胶囊，内容物为棕褐色颗粒及粉末,
Levodropropizine Capsules,
一次3g（0.5瓶），一日2次,
味微甜、苦,
阿胶（蛤粉烫）,
黑色光亮的水丸，除去外衣显黄褐色,
一次2丸，一日2次,
热病伤阴所致咳嗽,
Runfei Zhisou Wan,
养阴清热,
地黄,中草药
淡竹叶,中草药
瓜蒌子（蜜炙）,
赋形剂蜂蜜,
炼蜜,
黄褐色的大蜜丸,
青皮（醋炙）,
久咳痰嗽,
青皮,中草药
口服或开水冲服，一次15克，一日2次,
黄芪（蜜炙）,
梨,
每瓶装 200克,
润肺益气,
气喘自汗,
炙黄芪,
用于肺虚气弱,
莱阳梨清膏,
胸闷不畅,
单次静脉推注速尿,
限制静脉输液治疗,
肺虚干咳,
淀粉样变,
呼吸困难或气喘,
呼吸道症状常为主诉,
患者大多有咳嗽,
乏力等全身临床表现,
伴有发热,
不明确,
M91700/3,
可能与淋巴回流障碍及慢性炎症有关,
Stewart—Treves综合征,
lymphangiomyomatosis,
M91740/1,
育龄期女性,
腹膜后淋巴管肌瘤,
久住高原的平原移居者,
最大中段呼气流速,
睡眠紊乱包括失眠或嗜睡,
运动耐力降低,
血常规检测,
运动耐力降低等,
高海拔环境,
分泌物腐臭有气体,
厌氧菌药敏试验,
引流手术治疗,
病菌种类,
标本涂片检查,
细菌染色,
脓肿,
脓肿形成,
T75.1,
人淹没于水,
互救,
处于临床死亡状态,
上岸后的救援,
吸入水量多少,
溺水,
神志丧失,
有涉水及被淹史,
院内治疗,
Qingkepingchuan Keli,
开水冲服，一次10g，一日3次,
气微香，味苦、微甜,
棕色至棕褐色的颗粒,
清咳平喘成方石膏,
用于外感咳嗽,
味微苦涩，气辛凉,
Qingyan Pian,
Qinghouyan Heji,
Qinghouyan Keli,
润燥利咽,
棕色的颗粒,
清咽,
解毒利咽/滋阴清热,
Qingxuan Zhike Keli,
婴儿应在医师指导下服用,
用于小儿外感风热咳嗽,
秋梨润肺成方桑叶,
糖尿病患儿禁服,
证见：咳嗽,
急性气管炎,
咽喉阻塞,
急性喉头水肿,
口服，一次2～4粒，一日2～3次,
理气止咳,
甚则气急呕恶,
一次4～6粒，一日3次,
味微咸、略苦酸,
炒黄芩,
炒苍耳子,
《医门法律》,
养阴益气,
咽喉干燥,
干咳无痰,
气逆而喘,
温燥伤肺,
清燥润肺,
气阴两伤证,
胸满胁痛,
舌干少苔,
Qing fei Hua tan Wan,
儿童、孕妇、体质虚弱及脾胃虚寒者慎用,
味甜、苦、微麻,
口服，一次1袋（6克），一日2次,
棕黑色的水蜜丸,
款冬花（炙）,
法半夏（砂炒）,
肺气不畅,
白苏子,
胆南星（砂炒）,
莱菔子（炒）,
一次11～15粒，一日1～2次,
每10粒重2g,
红色的水丸，除去包衣后显紫褐色,
痰色赤黄,
草乌,中草药
黑云香,
口服，一次1丸，一日2次，小儿酌减,
Qingfei Yihuo Wan,
一次1袋，一日2～3次,
痰多粘稠,
淡黄色至黄褐色的水丸,
痰黄稠黏,
QingFeiYiHuoPian,
用于痰热阻肺所致的咳嗽,
儿童、体质虚弱患者慎用,
Qing fei Yi huo Pian,
本品适用于痰热阻肺，咳嗽痰多火热壅盛者,
棕黄色片,
清肺止嗽,
每片重0.6克,
痰延壅盛,
风寒咳嗽及脾胃虚寒者忌服,
儿童、体质虚弱、糖尿病患者慎用,
口服，一次5克，一日2次,
每瓶装120克,
口服，一次6克，一日2次,
每14粒重1克,
毛诃子（去核）,
木香马兜铃,
翼首草,中草药
藏茜草,
诃子（去核）,
馀甘子（去核）,
一次3～6g（0.5～1瓶），一日2次,
医疗用毒性药品,
曼陀罗叶,
瓜萎子（蜜炙）,
白色光亮的水丸，除去包衣后显黄褐色,
一次6克，一日2～3次,
枳壳（去瓤麸炒）,
每100粒重6克,
黄褐色的水丸,
一次10～20g，一日2～3次,
棕红色粘稠的半流体,
每瓶装50g,
久咳虚喘,
talc pneumoconiosis,
含硅[矽]粉尘引起的肺尘埃沉着病,
早期：无特殊改变；晚期：气短,
J62.0,
职业接触滑石者,
长期吸入滑石粉尘,
进行性呼吸困难等,
咳喘痰稠,
祛痰剂—清热化痰剂,
胶囊剂，内容物为黄棕色的粉末,
用于咳嗽气喘痰多,
本品含有洋金花，青光眼及儿童忌用,
反复发作右肺感染,
虚喘咳嗽,
肺纹理减少,
肺胀,
环酯红霉素,
外源性变应性肺泡炎,
运动诱发哮喘,
严重气道高反应性,
夜间喘息,
其他药物,
steroid resistant asthma,
支气管扩张药,
甲氨蝶呤,
病史较长,
咽喉肿痛及肺热咳嗽,
气微香，味甜而苦涩,
清热止咳/化痰平喘/解毒利咽,
2ml：4.5mg,
个别患者有过敏反应,
密闭，干燥处保存,
尚无此方面研究资料,
淡橙黄色或橙黄色澄明液体,
胶囊剂，内容物为淡黄色粉末,
气香，味甜，微涩,
用于呼吸道炎,
Yanlixiao Pian,
肺痿,
虚劳肺痿,
炭疽肺炎,
各型结核病,
每片含盐酸乙胺丁醇0.25g，异烟肼0.1g,
25～40岁女性,
与丝虫感染引起的过敏反应相关,
或与IV型变态反应相关,
阵发性干咳和哮喘或气喘,
衰弱,
Reduping Keli,
二氧化硅或煤的吸入总量,
众多小结节会发生聚集,
伴咳痰,
胸部 X 线检查时可能会出现圆形阴影,
形成较大阴影并可能填满整个上叶,
J60,
COPD,
合并肺部感染时,
咳出大量黑痰等,
结缔组织疾病,
煤矿工人,
煤矿工人长期吸入生产环境中粉尘,
胸闷或胸痛,
隐痛,
Xiongdan Chuanbei Koufuye,
冲击伤,
斑片状阴影,
胸闷或憋气感,
胸部爆震伤,
透光度减低,
恶心/呕吐,
咳嗽咳痰,
Actilyse（Alteplase for Injection）,
脑出血,疾病
颅内出血,
补虚润肺,
用于肺虚咳嗽喘逆,
Niuhuang Qingfei San,
口服，二至五岁一次2袋，二岁以下酌减，一日2次,
味清凉而微苦,
胸满喘促,
口服，一次1～2瓶，一日2～3次,
燥痰咳嗽,
用于外感咳嗽中的热痰咳嗽,
一次10丸，一日3次，小儿酌减或遵医嘱,
Niuhuang Shedan Chuanbei Jiaonang,
一次1～2粒，一日3次,
用于热痰咳嗽,
胶囊剂，内容物为浅黄色的粉末,
一次1粒，一日3次,
痰热咳嗽者不适用。喘息较重者应及时去医院就诊,
贮藏于2—8℃，避免光照和冰冻,
中青年,
可出现右心衰,
晕厥等并发症,
10–14天,
J84.109,
idiopathic pulmonary fibrosis,
50～70岁男性,
J84.1,
免疫抑制剂/细胞毒药物,
关节酸痛等,
对症、支持治疗,
小剂量糖皮质激素,
弥散功能,
常见体征,
支气管肺泡灌洗液检查（病情允许）,
改善纤维化治疗,
胸部HRCT,
肺功能（病情允许时）：常规通气功能,
肺活检（必要时且病情允许）,
乏力和消瘦等,
Levofloxacin Mesylate Capsules,
硬结；中度,
小儿高免疫球蛋白E综合征,
盐酸伪麻黄碱10mg,
Tarceva（Erlotinib Hydrochloride Tablets）,
盐酸厄洛替尼,
起泡,
1.5ml：120mg,
复温后的药瓶不要重新放回冰箱,
氯化钠和注射用水,
至今尚未发现任何特殊禁忌,
首次抽吸后残馀药液不要再次使用,
白色或乳白色混悬液,
避光，保存于2—8℃,
亦可用于肺结核,
川贝母（蛇胆汁制）,
口服，一次3～4粒，一日3次,
祛痰利咽,
Xuanmai Ganjie Keli,
一次10克，一日3～4次,
桔梗；辅料为蔗糖,
玄麦甘桔成方 玄参,
Yupingfeng Koufuye,
润肺生津,
阿比多尔,
局限性肺炎,
500mg,
CiprofloxacinSustained—ReleaseTablets,
心肺停止,
白色至类白色薄膜衣片，除去包衣显白色或类白色,
对本品及任何一种氟喹诺酮类药过敏的患者禁用,
颈部发红，气喘,
对药物中任一成分过敏者,
无色至淡黄色澄明液体,
密闭、避光保存,
Erythromycin Cyclocarbonate for Suspension,
重症肌无力患者禁用,
250mg,
薄膜衣片，除去薄膜衣后显白色或类白色,
"Erythromycin Cyclic 11,12—Carbonate Capsules",
cardiopulmonary resuscitation,
由肝炎支原体,
胶囊剂，内容物为白色或类白色粉末及颗粒,
呼吸骤停的伤病员,
薄膜衣片，除去薄膜衣后显土黄色,
气香，味辛凉而苦,
形成结节,
墨西哥西北部地区,
coccidioidomycosis,
B38.9,
球孢子菌性肉芽肿,
美国西南部,
组织损伤或发生炎症时感染粗球孢子菌,
Spherical Pneumonia,
由细菌或病毒引起,
口服，大蜜丸一次1丸，一日2次,
大蜜丸每丸重3克,
本品适用于气阴两虚，痰湿内盛，咳嗽痰多,
Erythromycin Ethylsuccinate Dispersible Tablets,
治疗敏感菌引起的感染性疾病（详见说明书）,
肺炎链球菌或流感嗜血杆菌所引起的轻,
Erythromycin Ethyisuccinate Tablets,
主要成份为琥乙红霉素,
氨基糖苷类/大环内酯类,
严重肝功能损害及对本品过敏者禁用,
本品内容物为白色颗粒或粉末,
用药期间定期随访肝功能,
Erythromycin Ethyisuccinate Granules,
严重肝功能损害者及对本品过敏者禁用,
味甜芳香,
琥乙红霉素（红霉素琥珀酸乙酯）,
痰喘气急,
荨麻疹反应,
拟副交感神经药,
间质性肺炎和角膜,
喘息咳唾,
本方性偏温燥，若胸痹属于阴虚有热者应忌用,
甚至胸痛彻背,
不宜在服药期间同时服用温补性中药,
口服，一次2片，一日3～4次,
成人，一次1粒，一日3次，饭后服或遵医嘱,
甘草提取物甘草,
静脉滴注，一次1瓶（250ml），一日1次,
荨蔴疹,
10毫克,
甘露聚糖肽10毫克,
Mannatide Tablets,
Mannatide Capsules,
风湿性心脏病、支气管哮喘和气管炎患者禁用,
肺寒咳嗽,
本品不与其他药物在同一容器内混合使用,
主要通过飞沫经呼吸道传播,
传染源,
传播途径,
influenza A,
全身酸痛,
体征为咽部充血和扁桃体肿大,
普遍易感,
感染甲型H1N1流感病毒,
突然高热,
易感人群,
H1N1 Influenza A Vaccine（Split Virion），Inactivated,
严格于2～8℃避光保存和运输，严防冻结,
高危人群,
本品严禁冻结！,
本品注射后出现任何神经系统反应者，禁止再次使用,
甲型H1N1流感病毒血凝素抗原,
疫苗瓶开启后应立即使用,
体液潴留,
低钾性碱中毒,
健忘,
尿素氮增高,
心脏停搏,
意识模糊状态,
疲劳感,
皮肤萎缩,
磷酸氢二钠（无水）,
糖耐量降低,
肌肉痛,
血钾降低,
躁狂,
食欲增加,
Trimethoprim Injection,
一次30～100mg，一日80～200mg,
遇结晶析出时，可温热使溶解，澄明后使用,
诺卡氏菌病,
已知对本品高度过敏的患者禁用,
Medrol（Methylprednisolone Tablets）,
其附件严重的急慢性过敏,
并发机会性感染,
引发潜在感染,
炎症反应,
放射线,
肺炎1,
Gatifloxacin Mesylate Dispersble Tablets,
无色至微黄绿色澄明液体,
淡黄绿色或黄绿色的澄明液体,
Gatifloxacin Mesylate Tablets,
对加替沙星或喹诺酮类药物过敏者禁用,
薄膜衣片，除去薄膜衣显白色或类白色,
Gaitifloxacin Mesylate and Glucose Injection,
Gatifloxacin Mesylate and Glucose Injection,
密封，在凉暗处保存,
无色或微黄绿色的澄明液体,
48个月,
Jia Huang Suan Ji Mi Sha Xing Pian,
密封容器，室温（1—30℃）保存,
恶心（0.3%）,
疲劳，胃肠气胀,
白色或类白色薄膜包衣片,
肺炎，溶血症,
腹泻（0.3%）,
食欲缺乏，关节痛,
Pefloxacin Mesylate Injection,
对本品及氟喹诺酮类药过敏患者禁用,
敖东,
成人一日0.4～0.8g，分2次服用,
本品甲磺酸培氟沙星,
Pefloxacin Mesylate Capsules,
PefloxaCin Mesylate and Glucose Iniection,
100ml：培氟沙星0.4g与葡萄糖5g,
Pefloxacin Mesylate and Glucose Injection,
玻璃输液瓶包装：24个月,
革兰氏阳性细菌引起的轻,
硬胶囊，内容物为白色或类白色颗粒,
敏感菌引起的下列感染：慢性呼吸道疾病继发性感染,
无色或淡黄色的澄明液体,
甲磺酸,
避光、阴凉处密闭保存,
钠制剂/氟喹诺酮类,
注射液为无色至淡黄色的澄明液体,
严重感染者一日4片，分2次服用,
光敏症,
慢性呼吸系统疾病继发感染,
支气管扩张继发感染,
各种支气管炎,
黄芩苷30mg,
每片含麻黄碱30mg，黄芩苷30mg，马来酸氯苯那敏1mg,
反复肺炎,
呼吸道充血,
味觉减退,
咽喉刺激,
胸壁痛,
酒石酸伐尼克兰,
鼻窦充血,
间质肺炎,
宣泄肺胃,
忌辛辣生冷油腻食物,
症见：发热,
有过敏史及过敏性疾病史者禁用,
有出血倾向者禁用,
用药前应仔细询问患者用药史和过敏史,
药品稀释后应即配即用，不宜长时间放置,
一次4粒，一日3次,
硬胶囊，内容物为深棕色或棕褐色的颗粒或粉末,
Ribavirin Injection,
乙,
J00,
viral influenza,
丙型流感病毒,
甲,
治疗手段,
virus infection,
飞沫传染,
全身不适等中毒症状及局部症状,
可经呼吸道,
B34.9,
干咳及肺浸润等,
J12.9,
腺病毒等病毒感染,
"病毒性肺炎,不可归类在他处者",
反复发烧,
副流行性感冒,
内因是指由禀赋不足,
咳嗽或干咳,
大肉尽脱,
形体明显削瘦,
外因系指痨虫传染侵袭,
心慌唇紫,
潮热,
疲劳乏力,
有与肺痨病人长期密切接触史而体质虚弱的人,
病后失调,
肺痨,
营养不足等,
酒色劳倦,
面浮肢肿,
肺部化脓性感染,
Tankejing San,
具冰片香气，味辛、凉,
含服，一次0.2克（一小药匙），一日3～6次,
咽炎等引起的咳嗽多痰,
本品含咖啡因,
淡黄色或淡棕色的粉末,
具冰片香气，味辛、凉、微苦,
含服，一次1片，一日3～6次，儿童用量酌减,
灰黄色的片,
Tankeqing Pian,
痰咳清成方暴马子皮,
Tanchuan Pian,
每片重0.1g,
深褐色的片,
苦参干浸膏,
小儿急性喉气管支气管炎,
痰,
隐球菌感染,
卡氏肺孢子虫肺炎,
肺并殖吸虫病,
急性气管－支气管炎,
化学性支气管炎,
军团病肺炎,
吐泡沫痰,
新生儿气促,
唾血,
平卧呼吸困难,
咳声低弱,
结核中毒,
痰呈白色黏稠胶冻状,
痰湿阻肺,
粉红色泡沫痰,
痰黏稠或脓性可有腥臭味,
吐痰时需用力由肺部深处咳出。请避免混杂大量口水,
小儿肺炎链球菌肺炎,
肺芽生菌病,
湿啰音,
痰有恶臭味,
及时送检,
避免在输液，吃药时抽血作为待检样本；,
哮鸣音,
多重肺部感染,
米氏链球菌肺炎,
曲霉球,
细菌培养和药敏试验一起进行,
链球菌性肺炎,
手术后和创伤后肺炎,
抗酸染色液配制及染色法，见细菌检验,
老年人终末期肺炎,
高热寒战,
中医内科,
痰块很难咯出,
痰黄稠,
脉滑数等,
舌质红,
邪犯气道,
苔薄黄或腻,
肺失宣肃而致痰热蕴肺,
鼻塞流浊涕,
不得和其它药物混合滴注,
全身发红,
密封，遮光保存,
每支装10ml,
棕红色澄明液体,
山羊角,
熊胆,
熊胆粉,
其人平素多痰等,
痰阻气滞,
湿浊凝聚于胸膈间,
B48.0,
患处产生结节,
Lobo's disease,
由Loboa结节孢子菌引起,
病原菌直接镜检,
洛博芽生菌病,
"真菌病,不可归类在他处者",
罗佰病,
恶臭,
外观如火山样或菜花样等,
触之易出血,
T4,
T3,
原位癌,
抽烟,
用于肺气壅实,
胸满喘急,
Compound Pseudoephedrin Hydrochlorid Tablets,
止咳祛痰和感冒药/解热镇痛和其他镇痛药,
咽,
喉白喉,
渗出物,
黏膜,
鼻咽,
咽喉部典型灰白色假膜形成及其外毒素所致,
口服，一次5～8粒，一日3次,
低氧血症（2%）,
肺不张（2%）,
胸腔积液（3%）,
Baibai Kanglao Keli,
气微香，味微甜而后苦,
白百抗痨成方白及,
用于肺痨引起的咳嗽,
Bairong Zhike Tangjiang,
白绒止咳成方白绒草,
发酵冬虫夏草菌粉,
醋酸泼尼松龙,
Bai he Gu jin Kou fu ye,
肺肾阴亏,
用于肺肾阴虚,
薄膜衣片，除去薄膜衣后为棕褐色,
清化热痰/清热止咳/泄热平喘,
清半夏等16味,
气微，味微苦,
瓜蒌仁（炒）等16味,
黄棕色颗粒,
A37,
卡他期,
恢复期,
PCR,
治愈期,
痉咳期,
咯血以及精神恍惚,
严重肝肾功能不全、溃疡病患者禁用,
儿童、体质虚弱及脾胃虚寒者应在医师指导下服用,
用于伤风咳嗽痰多,
Baihua Dingchuan Wan,
用于痰热咳喘,
百花定喘成方款冬花,
胸满不畅,
paraquatpoisoning,
局部接触百草枯中毒,
经口中毒者,
误服,
自服百草枯,
血、尿百草枯含量测定,
百蕊草,
孕妇及有出血倾向者忌服,
中医：滋阴润肺,
慢性支气管炎咳嗽,
用于治疗肺阴不足咳嗽,
润肺下气止咳,
蜜百部润肺止咳,
Carbocysteine Tablets,
羧甲司坦250毫克,
每粒装0.17g,
润肺清热,
胶囊剂，内容物为类白色的粉末,
痰热证,
痰粘难咯,
用于肺燥,
多肌炎伴肺间质纤维化,
皮肌炎性肺间质纤维化,
四川并殖吸虫病,
止喘,
口服，一次4粒，每日3次,
血栓栓塞并发症,
开水冲服，一次8g，一日3次；小儿酌减,
每袋装8g,
孕妇及月经期妇女禁用,
猫爪草,中草药
百部浸膏,
石吊兰浸膏,
白花蛇舌草,中草药
偶见恶心，腹泻，一般不影响继续治疗,
一次2袋，一日3次,
两个月为一疗程，或遵医嘱,
密封，避热,
棕黄色的颗粒，味苦微甜,
Yifei Jiaonang,
败酱,
益肺成方红参,
Pulmocare（Enteral Nutritional Suspension II（Tp））,
盐酸丁卡因,
Procaterol Hydrochloride Oral Solution,
偶有眩晕,
呕吐或偶有口渴,
盐酸丙卡特罗5μg,
口渴,
四肢无力,
25μg,
面色潮红,
Procatcrol Hydrochloride Tablets,
伴有支气管反应性增高的急性支气管炎,
对本品及肾上腺素受体激动药过敏者禁用,
带有割线的白色片,
慢性阻塞性肺部疾病,
Yan Suan Yi An Ding Chun Pian,
其他抗结核药联合治疗结核杆菌所致的肺结核,
其它治疗结核病药,
结核性脑膜炎,
视神经炎,疾病
非典型分枝杆菌感染的治疗,
其他抗结核药联合治疗结核分枝杆菌所致的肺结核,
非典型结核分枝杆菌感染的治疗,
外周性镇咳药,
2ml：8mg,
盐酸二甲弗林,
对青霉素类或头孢菌素类药物过敏者禁用,
成人每次口服500mg（2片），每天3至4次,
当发生神经系统症状时应终止治疗,
环孢素A,
过敏性支气管哮喘的防治,
肺气肿等疾病的镇咳,
一次1/2～1片，一日3次，遵医嘱,
慢性喘息型支气管炎所致的支气管痉挛,
舌下含服,
缓解支气管哮喘以,
手指震颤,
Clenbuterol Hydrochloride Tablets,
一次1片，一日3次，遵医嘱,
对林可霉素类及林可霉素过敏者禁用,
盐酸克林霉寨棕榈酸酯,
盐酸克林霉素棕榈酸酯,
Clindamycin Palmitate Hydrochloride For Suspension,
2g：75mg,
Clindamycin Palmitate Hydrochloride Granules,
本品与庆大霉素,
厌氧菌性肺病,
盐酸克林霉素氯化钠,
对本品中任何成份和克林霉素类过敏者禁用,
对本品过敏时有可能对其他克林霉素类也过敏,
Yan Suan Ke Lin Mei Su Pian,
患者对林可霉素过敏时有可能对克林霉素也过敏,
按C18H33ClN2O5S计0.15g,
由链球菌属,
薄膜衣片，除去包衣后显白色,
Clindamycin Hydrochloride Capsules,
葡萄球菌属,
Clindamycin Hydrochloride And Glucose Injection,
Yan Suan Ke Lin Mei Su Pu Tao Tang Zhu She Ye,
厌氧菌引起的各种感染性疾病：⑴脓胸,
盐酸利多卡因,
室温保存（最好是30℃以下）,
0.1g/片,
薄膜衣片，除去薄膜后显类白色或微黄色,
EGFR突变人群一线治疗的临床研究正在进行中,
上述情况的一线治疗,
对本品及成份过敏者禁用,
薄膜包衣片，除去包衣后显白色,
对本品及其成份过敏者禁用,
机械通气时的镇静,
盐酸右美托咪定,
Moroxydine Hydrochloride Injection,
瞳孔极度缩小,
心源性哮喘可使肺水肿症状暂时有所缓解,
125mg,
盐酸埃克替尼,
棕红色薄膜衣片，去除包衣后显类白色,
钙通道阻断剂,
可出现惊厥、呼吸肌痉挛和呼吸运动受限,
2ml：20mg,
盐酸多巴胺,
Dobutamine Hydrochloride Irljection,
未见相关报道,
盐酸多巴酚丁胺,
5ml：0.1g,
感觉奇热,
视神经乳头水肿,
下列疾病,
放线菌属,
有四环素类药物过敏史者禁用,
淡黄色片,
硬胶囊，内容物为淡黄色至黄色微丸,
长期用药时应定期随访检查血常规以及肝功能,
Doxycycline Hydrochloride Soft Capsules,
DoxycyclineHydrochloridesoftCapsules,
Doxycycline Hyclate Capsules,
胶囊剂，内容物为淡黄色至黄色的微丸,
对青霉素类药物过敏者慎用,
白色至淡黄色片,
若发生严重过敏反应，应立即停药，并紧急治疗,
Cefetamet Pivoxil Hydrochloride for Suspension,
Cefetamet Pivoxil Hydrochloride Tablets,
薄膜衣片，除去包衣后呈类白色或淡黄色,
Cefetamet Pivoxil Hydrochloride Capsules,
头孢他美酯,
胶囊剂，内容物为类白色或淡黄色粉末或颗粒,
Cefetamet Pivoxil Hydrochloride Granules,
Antofloxacin Hydrochloride Tablets,
很可能与药物有关,
盐酸安妥沙星,
2ml：40mg,
对本品及氟喹诺酮类过敏的患者禁用,
敏感菌引起的：1,
类白色或淡黄色片,
过敏反应：皮疹,
乳酸左氧氟沙星0.5g（以左氧氟沙星计）,
左氧氟沙星0.3g,
敏感细菌引起的下列中,
淡黄绿色或黄绿色澄明液体,
非处方药； 国家基本用药； 医保药品,
Levofloxacine Hydrochloride Injection,
Levofloxacine Hydrochloride Tablets,
Levofloxacin Hydrochloride Tsblets,
本品薄膜衣片，除去薄膜衣后显白色,
Levofloxacine Hydrochloride Capsules,
中枢神经系统效应,
硬胶囊剂，内容物为类白色或淡黄色粉末或颗粒,
盐酸左氟沙星,
100ml：左氧氟沙星0.2g与葡萄糖5g,
Levofloxacin Hydrochloride Glucose Injection,
敏感细菌引起的下列轻,
静脉滴注，成人每日0.4g，分2次静滴,
敏感菌引起的呼吸道感染,
胸部不适感,
禁用于已知对该药物或药物中任何组份过敏的患者,
肺水肿．痰量增多,
季节性的过敏性鼻炎,
Isoprenaline Hydrochloride Aerosol,
心率增速,
2ml：1mg,
肾上腺素能药和多巴胺类药,
遮光，密闭，在凉处保存,
气管痉挛,
对本品过敏时有可能对克林霉素类也过敏,
厌氧菌所致的呼吸道感染,
密闭保存（10～30℃）,
按C18H34N2O6S计算2ml：0.6g,
本品含苯甲酸，禁止用于儿童肌肉注射,
敏感葡萄球菌属,
既往有哮喘或其他过敏史者慎用,
疗程长者，需定期检测肝、肾功能和血常规,
辅料：苯甲醇,
Lincomycin Hydrochloride Tablets,
对本品和克林霉素过敏的患者禁用,
白色片或糖衣片，除去包衣后显白色,
Lincomycin Hydrochloride Capsules,
对本品和克林霉素有过敏史的患者禁用,
本品无色的澄明液体,
轻微的细菌感染,
本品不应与其他药物混合使用,
Granisetron Hydrochloride Capsules,
柯瑞琦,西药
口咽肿胀,
抗利尿作用；呼吸,
30mg,
伴有痰液分泌不正常,
必,
已知对盐酸氨溴索或其他配方成分过敏者不宜使用,
慢性呼吸道疾病,
头孢呋新,
白色或类白色片，味甜,
淀粉钠,
聚维酮K30,
面部肿胀,
主要成份盐酸氨溴索30毫克,
上腹部不适,
盐酸氨溴索60毫克,
糖精钠,
薄荷醇,
薄荷香精,
十二烷基硫酸钠,
羟丙基纤维素,
下述患者严重病例（中度）以上伴有痰液分泌不正常,
100ml：盐酸氨溴索0.03g与氯化钠0.9g,
已知对盐酸氨溴索或其他配方成份过敏者不宜使用,
成人及12岁以上儿童：每日2次，每次100ml（30mg，1瓶）,
应避免同时服强力镇咳药,
60个月,
2ml：15mg,
静脉滴注,
二水磷酸氢二钠,
Amroxol Hydrochloride injection,
Yan Suan An Xiu Suo Zhu She Ye,
慢性肺部疾病,
流诞,
请保存于儿童伸手不能触及处！,
请于30℃以下密闭保存,
30毫克,
Ambroxo lHydrochloride Tablets,
已知对盐酸氨溴索或其他成分过敏者不宜使用,
成人，一次1～2片，一日3次，饭后服,
痰液粘稠而不易咳出者,
Ambroxol Hydrochloride Syrup,
75毫克,
口服，成人，一次1粒，一日一次,
硬胶囊，内容物为白色或类白色的球形小丸,
Ambroxol Hydrochloride Caosules,
聚维酮,
服用本品时，不宜同服阿托品类药物,
本品应避免与强力镇咳药同时使用,
本品内容物为白色或类白色颗粒或粉末,
Ambroxol Hydrochloride and Glucose Injection,
遮光，密封（10—30℃）保存,
慢性呼吸系统疾病,
无色或几乎无色的透明液体，味甜,
氨溴索,
盐酸氨溴索0.03g,
盐酸氨溴索、葡萄糖,
葡萄糖2.5g,
遮光、密闭，在阴凉处（不超过20℃）保存,
AmbroxolHydrochlorideGranules,
淡黄色颗粒，味甜,
适用于伴有痰液分泌不正常,
Ambroxol Hydrochloride Sustained—release Tablets,
是：盐酸氨溴索,
Azelastine Hydrochloride Nasal Spray,
Clorprenaline Hydrochloride Tablets,
5毫克,
喘息型支气管炎等具有喘息症状的病人,
必须按推荐剂量服用，不可超量服用,
成人一次1—2片，一日3—4次,
预防夜间哮喘发作，可在临睡前加服1—2片,
Cloperastine Hydrochloride Tablets,
轻度心悸,
本品无祛痰作用，如咯痰症状明显，不宜使用,
对PABA（对氨基苯甲酸）酯类药过敏的病人禁用本药,
静脉注射切忌过快，否则易致一过性呼吸暂停,
Lomefloxacin Hydrochloride Dispersible Tablets,
250ml：洛美沙星0.4g与氯化钠2.25g,
微黄绿色的澄明液体，遇光色渐变深,
对本品或其它氟喹偌酮类药物过敏者禁用,
Lomefloxacin Hydrochloride Injection,
静脉滴注，每次0.4g，每日一次,
Lomefloxacin Hydrochloride Tablets,
白色或类白色或微黄白色片剂,
盐酸美洛沙星,
维普,西药
Lomefloxacin Hydrochloride Capsules,
Lomefloxacin Hydrochloride Granules,
白色或类白色颗粒，味甜微苦,
1ml：3mg,
各种原因引起的中枢性呼吸抑制,
Hexoprenaline Hydrochloride Tablets,
盐酸洛贝林,
心跳加快,
盐酸消旋山莨菪碱,
解除平滑肌痉挛,
2ml：4mg,
一次4mg，一日8～12mg,
肌内注射或静脉注射,
8毫克,
静脉滴注时用葡萄糖注射液稀释后使用,
哮喘等引起的粘痰不易咳出的患者,
成人，一次1—2片，一日3次,
肝功能不全患者应在医师指导下使用,
100ml,
Bromhexine Hydrochloride and Glucose Injection,
矽肺等有粘痰而不易咳出者,
Ciprofloxacin Hydrochloride Tablets,
CiprofloxacinHydrochlorideTablets,
按环丙沙星计0.25g,
用于敏感菌引起的各种感染,
薄膜包衣片，除去包衣后显白色至微黄色,
Ciprofloxacin Hydrochloride Capsules,
胶囊剂，内容物为白色至微黄色颗粒或粉末,
Ciprofloxacin Hydrochloride and Glucose Injection,
原有癫痫或其他中枢神经系统疾患者避免使用,
盐酸环丙沙星0.2g（以环丙沙星计算）,
肠杆菌属科细菌如大肠杆菌,
严禁用于食品和饲料加工,
对本品、特布他林及交感胺类药物过敏者禁用,
患有肾功能不全的患者使用本药，初始计量应当减少,
本片为白色或类白色片,
肥厚性心肌病患者禁用,
2g：10mg,
避光，密闭，阴凉处保存,
对本品、特布他林及拟交感胺类药过敏者禁用,
患有肾功能不全的患者，初始剂量应当减少,
类白色颗粒,
是盐酸班布特罗,
避光，密闭，30℃以下贮存,
Methoxyphenamine Tablets,
一次50～100mg，一日3次，必要时每3～4小时1次,
密闭，在阴凉干燥处保存,
服单胺氧化酶抑制药者禁用,
白色或类白色薄膜片,
非选择性β肾上腺素能受体激动剂,
Minocycline Hydrochloride Tablets,
克雷伯氏菌,
因葡萄球菌,
对本品过敏者有可能对其他四环素类也过敏,
对本品及其他四环素类过敏者禁用,
用药期间应定期检查肝、肾功能,
盐酸米诺环素,
Minocycline Hydrochloride Capsules,
哮喘恶化,
高氯性酸中毒患者禁用,
有支气管痉挛性疾病的患者避免使用本品,
肺水肿和心脏停搏,
阿片类药物过量,
50毫克,
口服，成人一次2片，一日3次,
各种原因引起的痰液稠厚,
薄膜衣片，除去包以后显白色,
化痰散结,
盐酸美司坦50毫克,
呼吸功能不全者禁用,
Epinephrine Hydrochloride Injection,
1ml∶1mg,
Adrenaline Hydrochloride Injection,
盐酸肾上腺素,
3ml：0.15g,
决奈达隆,
贮存于25℃以下，避光保存,
胶囊剂，内容物为类白色粉末,
支气管哮喘患者应慎用,
治疗由盐酸芦氟沙星敏感菌引起的下呼吸道感染,
一次0.2g，一日1次,
声带水肿,
疗程5～10日,
首剂量加倍为0.4g,
250ml：莫西沙星0.4g与氯化钠2.0g,
吗啡,
地高辛,
黄色的澄清液体,
雷尼替丁,
嗜酸性粒细胞,
周围神经病变,
头晕（0.5%）,
腹泻（0.5%）,
36个月，有效期后严禁服用,
将药品置于儿童触及不到的地方,
暗红色薄膜衣片,
硫糖铝,
呼吸障碍,
季节性或常年性过敏性鼻炎,
Xylometazoline hydrochloride nasal spray,
防治A型流感病毒所引起的呼吸道感染,
治疗甲型流感病毒所引起的呼吸道感染,
Azithromycin Dihydrochloride Injection,
敏感致病菌引起的下列感染：1.由肺炎衣原体,
每日一次10ml（一次1瓶），于化疗前30分钟静脉滴注,
对本类药物（5—HT3受体阻断剂）及本品过敏者禁用,
成人一次2粒（0.2g），一日3次，服用5日,
胶囊剂，内容物为类白色或微黄色粉末或颗粒颗粒,
盐酸阿比朵尔,
成人一次0.2g，一日3次，服用5日,
盐酸雷莫司琼,
1ml：30mg,
Ephedrine Hydrochloride Nasal Drops,
Ephedrine Hydrocholride Nasal Drops,
主要成份盐酸麻黄碱10毫克,
干燥感,
盐酸麻黄碱80毫克,
Vinorelbine Tartrate Capsules,
杜波组织胞浆菌病,
诺卡放线菌病,
马拉色菌病,
真菌的粉末状菌落，因孢子飞扬，应在无菌罩中操作,
清涕,
特异性免疫治疗,
嗜碱粒细胞脱颗粒试验,
特应性素质患者由吸入或食入真菌变应原后所致,
真菌培养,
组胺释放试验,
特异体质患者,
真菌变应性哮喘,
非特异性免疫治疗,
真菌致敏,
酶联变应原吸附试验,
发病原因,
由着色杆菌引起,
伴淋巴管及淋巴结炎,
脓肿或局限性蜂窝组织炎,
chromomycosis,
B43.9,
由暗色孢科真菌引起,
5种暗色孢科真菌感染,
红色丘疹,
呈污秽状,
着色霉菌病,
身体暴露部位,
常有溃疡并结褐色的痂,
结节成块,
粉红色小丘疹,
压之有少量脓液溢出等,
直接镜检,
疣状或乳头瘤样增生,
伴打鼾,
癌性胸水,
适用于改善咳嗽,
咳痰症状,
每片相当于原生药2.01克,
疏风宣肺,
J61,
因长期吸入石棉粉尘而引起,
早期无明显症状,
晚期因并发肺源性心脏病而右心室肥大,
胸闷等,
随病情加重会逐渐出现咳嗽,
孕妇、哺乳期妇女禁用,
中医：清热化痰,
温开水冲服，一次8～16克，一日3～4次,
用于肺热引起的咳嗽痰稠,
用于上呼吸道感染,
有焦糖气，味涩、苦,
黄芩干膏粉,
黄芩细粉,
Xifeining Pian,
一年为一疗程,
偶有恶心，呕吐,
每次4片，一日3次，饭后温开水送服,
密闭贮藏,
片芯重0.35g,
岩白菜素,
煤矽肺等引起的咳嗽,
pulmonarysilicosis,
适用于矽肺,
虎杖,中草药
J62.8,
TB 检测,
对二氧化硅的暴露量很大,
接触时间,
机体状态,
空气中粉尘浓度,
煤炭开采,
病理科,
硅肺,
活动性结核病,
粉尘分散度,
结核菌素皮肤试验,
验血（γ—干扰素释放试验）,
脉管炎症,
呼吸接触,
窒息症状,
抗生素类/其它氨基糖苷类,
不动杆菌属,
克雷伯氏肺炎杆菌,
Kanamycin Sulfate Injection,
硫酸卡那霉素,
治疗敏感革兰阴性杆菌所致的严重感染,
紫色薄膜衣片，除去包衣后显白色,
大剂量对呼吸中枢有一定抑制作用,
1ml：5万单位,
疗程一般不宜超过14天，以减少耳、肾毒性的发生,
治疗敏感革兰阴性杆菌所致严重感染,
绿脓杆菌等感染,
Tobramycin Sulfate Injection,
无色至微黄色澄明溶液,
链霉素类,
Micronomicin Sulfate and Sodium Chloride Injection,
Micronomicin Sulfate Injection,
沙雷杆菌,
成人一次80mg（80000单位），一日3次,
对巴龙霉素或其他氨基糖苷类抗生素过敏的患者禁用,
Gentamycin Sulfate Granules,
Gentamycin Sulfate and Sodium Chloride Injection,
100ml：庆大霉素8万单位与氯化钠0.9g,
治疗敏感革兰氏阴性杆菌,
C2a等组分为主混合物的硫酸盐,
C2等组分；辅料为：无水亚硫酸钠,
Gentamicfn Sttlfate Injection,
Gentamycin Sulfare Injection,
Gentamicin Sulfate Injection,
不宜用于皮下注射,
Gentamycin Sulfate Injection,
本品有抑制呼吸作用，不得静脉推注,
长期应用可能导致耐药菌过度生长,
Gentamycin Sulfate Tablets,
Genlamycin Sulfate Tablets,
为一种多组分抗生素,
婴幼儿禁用,
无色、微带黄色或黄绿色的澄明液体,
肾功能低下者禁用,
Salbutamol Sulfate Inhalation Powder,
儿童多动不安,
嘴唇,
血压降低,
夜间支气管哮喘,
成人一次1片，一日2次，早、晚服用,
本品应用水将整片吞服，不能咀嚼,
避光，密封，在干燥处保存,
Salbutamol Sulfate Controlled Release Capsules,
SalbutamolSulfateInjection,
对其任何成分曾有过敏记录的病人禁用,
Salbutamol Sufate Tablets,
Salbutamol Sulfate Tablets,
儿童用量遵医嘱,
口咽发干,
口舌发干,
按C13H21NO3计算2mg,
成人一次2.4～4.8mg（1～2片），一日3次,
心烦,
ETINOLINE 爱纳灵,
Salbutamol Sulfate Nebules Inhalation Solution,
口,
Terbutaline Sulfate Powder for Inhalation,
情绪变化,
100ml：硫酸特布他林0.25mg与氯化钠0.9g,
Terbutaline Sulfate And Sodium Chloride Injection,
无色或几乎无色澄明液体,
特布他林,
遮光，密闭，阴凉处保存,
1ml：0.25mg,
Terbutaline Sulfate Injection,
其他拟交感神经药合用可加重副作用,
不宜与β肾上腺素受体阻滞剂合用,
对拟交感神经胺和该药任何成份过敏者禁用,
遮光、密闭、阴凉处保存（不超过20℃）,
2.5mg,
Terbutaline Sulfate Tablets,
高血压、癫痫患者慎用,
大剂量应用可使有癫痫病史的患者发生酮症酸中毒,
甲状腺机能亢进、冠心病、高血压、糖尿病患者慎用,
长期应用可产生耐受性，疗效降低,
类固醇,
硫酸粘菌素,
Sisomicin Sulfate And Sodium Chloride Injection,
Sisomicin Sulfate Injection,
2ml∶10万单位,
对本品或其他氨基糖苷类及杆菌肽过敏者禁用,
肾衰竭者禁用,
长期应用本品可能导致耐药菌过度生长,
革兰氏阴性菌（包括铜绿假单胞菌）,
结核分枝杆菌所致各种结核病的初治病例,
Amikacin Sulfate and Sodium Chloride Injection,
多粘菌素B,
巴龙霉素,
对硫酸阿米卡星敏感的革兰氏阴性菌,
有对氨基糖甙类药物过敏史或严重毒性反应者禁用,
硫酸阿米卡星氯化钠,
Amikacin Sulfate Injection,
名称：无水亚硫酸钠；枸橼酸钠；注射用水,
其他局部用抗生素/其它氨基糖苷类/抗生素,
对阿米卡星或其他氨基糖苷类过敏的患者禁用,
阿米卡星,
对黏菌素过敏者禁用,
Colistin Sulfate Tablets,
硫酸黏菌素,
不典型胸痛,
系统性硬化症,疾病
Erythromycin Stearate Tablets,
Erythromycin Stearate Capsules,
Erythromycin Stearate Capules,
Erythromycin Stearate Granules,
呼吸道粘膜刺激,
呼吸道黏膜刺激,
本品进入肺泡,
咽喉部烧灼感,
对碘过敏者禁用,
咽水肿,
有哮喘史或其他过敏性疾病史者慎用,
本品注入血管内，可引起血管栓塞,
CO2排出过多,
使血中PaCO2下降,
肺通气过度,
恶心与呕吐,疾病
生化检查,
剧烈,
对本品过敏的患者禁用,
痉挛性干咳,
皮下注射：成人常用量，一次15～30mg，一日30～90mg,
15mg,
Codeine Phosphate Tablets,
阿片受体激动药,
异常。2,
白色片或包衣片,
较剧的频繁干咳,
麻醉,
Codeine Phosphate Syrup,
支气管哮喘及有过敏史的患者,
BenproperinePhosphateDispersibleTablets,
成人一次1片，一日2次，或遵医嘱,
各种刺激引起的咳嗽,
薄膜衣片，除去包衣后为双层着色片,
Benproperibe Phosphate Tablets,
Benproperine Phosphate Tablets,
Benproperine Phosphate Tables,
口服，每次1—2片，一日3次,
本药无祛痰作用，如咯痰症状明显，不宜使用,
每片26.4毫克,
磷酸苯丙哌林20毫克（以苯丙哌计）,
磷酸苯丙哌林26.4mg（相当于20mg苯丙哌林）,
磷酸苯丙哌林26.4毫克（相当于20毫克苯丙哌林）,
磷酸苯丙哌林26.4毫克（相当于苯丙哌林20毫克）,
蓝色薄膜衣片，除去包衣显白色,
苯丙哌林20毫克,
Benproerin Phosphate Sustained—Release Tablets,
严重肺功能不全患者慎用,
口服，成人每次1片，每日2次，不可咀嚼,
Benproperibe Phoshate Capsules,
Benproperine Phosphate Capsules,
痰液粘稠、过多的患者慎用,
口服，一次1—2粒，一日 3 次,
磷酸苯丙哌林26.4毫克,
20mg,
磷酸苯丙哌林20毫克（以苯丙哌林计）,
（相当于苯丙哌林20毫克）,
Benproperine Phosphate Granules,
主要成份磷酸苯丙哌林20毫克,
无祛痰作用，如咯痰症状明显，不宜使用,
每次1—2袋，一日3次,
白色颗粒，味甜、微酸带微苦,
磷酸苯丙哌林20毫克,
磺胺二甲嘧啶,
Sulfamethoxazole+Tablets,
磺胺类药,
磺达肝癸钠,
全身毒血症,
体乏,
呼吸音减低,
叩诊发浊,
急性热病容,
病原,
病原学分析,
肺部体征,
语音传导增强,
语颤增强,
饮食不佳,
经验性抗菌治疗,
根据病原学检查及治疗反应调整抗菌治疗用药,
影像学提示肺部病灶明显吸收,
支持、对症治疗,
鼻流清涕,
症状好转，体温正常超过72小时,
J15.901,
Zukamu Keli,
口服，一次12g，一日3次,
忌烟、酒及辛辣、油腻食物,
口服，一次1～2片，一日2次,
痰喘,
基片重0.28g,
平喘祛痰,
糖衣片，除去糖衣显浅棕色,
甘遂（醋制）,
Qutan Zhike Keli,
芫花（醋制）,
温开水冲服，一次6g（2袋），一日2次；小儿酌减,
Fudosteine Capsules,
ALP,
ALP升高,
弥漫性支气管炎等呼吸道疾病的祛痰治疗,
本品内容物显白色,
Fudosteine Granules,
GPT,
Qiu li Run fei Gao,
口服，一次10－20克，一日2次,
外感咳嗽，伴恶寒发热，头痛者不宜服用,
口燥咽干,
每瓶装50克,
生津利咽,
秋梨润肺成方梨,
痰少质粘,
微囊肿腺癌,
剧烈的胸,
极度恐惧,
空气经开放的静脉窦挤入血管,
"操作后的呼吸性疾患,不可归类在他处者",
作用于呼吸系统的其它药物/清热解毒,
几乎无色至浅黄色或浅绿色的澄明液体,
100ml：穿琥宁0.1g与氯化钠0.9g,
几乎无色至淡黄色澄明液体,
流行性斑疹伤寒,疾病
地方性斑疹伤寒,疾病
甲磺酸多拉司琼,
注意防止实验室污染而出现假阳性或假阴性,
口服，一次4粒，一日3次，或遵医嘱,
气喘胸闷,
用于肺热咳嗽痰多,
鲜竹沥,
口服，每次15克，每日2次,
气促胸闷,
肺热咯血,
慢性支气管炎所致的咳嗽,
5ml∶5mg,
5ml：10mg,
潘库溴铵,
抗胆碱酯酶,
药源性发热,
急性肝功能衰竭,
细菌性肺炎累及胸膜,
血白细胞增高,
lipoid pneumonia,
发热（常为低热）,
吸入石蜡油,
呼吸道慢性阻塞炎症引起病变,
寒战等,
牛奶等,
汽油,
鱼肝油,西药
Urbach—Wiethe病,
常染色体隐性遗传,
Caplan syndrome,
可并发,
免疫异常,
rheumatoid pneumoconiosis,
卡普兰综合征,
右室肥大及右心衰竭,
M05.1,
咳黑色或褐色痰,
游走性关节肿胀及疼痛等,
类风湿关节炎—尘肺综合征,
硅沉着病关节炎,
melioidosis,
嗽,
接触含菌的水,
鼻疽和类鼻疽,
化脓性淋巴结炎,
咳嗽和呼吸急促等,
类鼻疽假单胞杆菌感染,
皮下脓肿,
惠氏杆菌肺炎,
Dermatophagoides Farinae Drops,
胶囊剂，内容物为红棕色至棕褐色的颗粒,
主要成份糠酸莫米松1毫克 辅料为卡波姆,
主要成份糠酸莫米松1毫克 辅料为：卡波姆,
本品主要成分为索法酮,
用于气管炎,
用于寒性咳喘,
红细胞增多症,疾病
肠溶衣片，除去包衣后显白色或类白色,
Erythormycin Enteric—coated Tablets,
Erythromycin Enter ic—coated Tablets,
Erythromycin Enteric—coated Tables,
Erythromycin Tablets,
本品主要成分为红霉素,
Erythromycin Enteric—coated Capsules,
嗜血流感杆菌引起的轻度或中度的呼吸道感染,
成人的下列疾病：1．β—溶血链球菌,
治疗儿童,
肠溶胶囊，内容物为白色或类白色肠溶微丸,
肺炎双球菌,
早期治疗,
物理化学因素,
纵隔纤维化,
新生儿喉喘鸣,
气管插管全身麻醉,
纵膈型肺癌,
胸部CT、DSA等检查,
胸部CT/MRI,
≤3天,
≤8天,
入院第≤4天,
有适应证，无手术禁忌证,
视手术出血情况决定,
胸骨后甲状腺肿,
输血前检查,
行纵膈良性肿瘤术,
呼吸困难和发绀,
可以是先天性组织发育异常形成,
腹部B超,
也可以是原发性或转移性肿瘤,
支气管囊肿和消化道囊肿,
淋巴管瘤及血管瘤,
神经源性肿瘤,
胸腺瘤,疾病
mediastinal emphysema,
局部排气治疗,
J98.2,
医源性因素等,
胸部创伤,
胸骨后疼痛,
胸骨上窝或胸腋,
自发性,
上胸部肿胀,
食管穿孔,
临床表现急重凶险,
淋巴结增大,
R59.0,
mediastinitis,
面,
常为结核,
放线菌,
组织胞质菌病,
有寒战,
死亡率高,
前纵隔,
咳嗽和呼吸困难,
hernia of mediastinum,
严重的呼吸困难和循环紊乱气管移位,
由一侧肺大疱,
一侧全肺切除术后或肺结核纤维化,
心界移位,
张力性气胸或一侧肺不张,
慢性胸膜炎瘢痕收缩等因素引起,
primary mediastinal,
mediastinal tumor,
干咳；吞咽困难；面部,
颈部和上胸部水肿及静脉怒张,
mediastinal abscess,
J85.3,
烦躁不安胸骨后剧烈疼痛,
深呼吸或咳嗽时疼痛加重等,
肺和纵隔脓肿,
上腔静脉压迫症及气管,
由金黄色葡萄球菌侵入组织或血管内引起,
胸部及纵隔X线断层摄征,
纵隔肿块,
B39,
慢性肺荚膜组织胞浆菌病,
播散性荚膜组织胞浆菌病,
急性肺荚膜组织胞浆菌病,
美洲中部及南部,
未特指的组织胞浆菌病,
未特指的肺荚膜组织胞浆菌病,
欧洲南部的部分地区,
美国俄亥俄及密西西比河谷地区,
非洲,
美洲组织胞浆菌病,
杜波依西变种组织胞浆菌病,
未特指的荚膜组织胞浆菌病,
非洲组织胞浆菌病,
老年人慢性支气管炎,
肥大细胞增多症,
反复高热,
伴或不伴胸痛,
J15.9,
叩诊音浊,
细菌学检查,
有脓性痰或血痰,
细菌感染所致,
肺叶或斑片状密度增高影,
多杀巴斯德杆菌病,
持续发烧,
臭鼻克雷伯菌,
Asarone Injection,
α—细辛脑,
无色至淡黄色的澄明液体,
有丙二醇,
遮光保存,
Asarone Tablets,
肺内病变,
肺淀粉样变性,
鸡鸣样回声,
下肺代偿性气肿,
老年人肺结核,
CT扫描检查,
肋间胸膜腹膜疝,
"腹内脏器经膈肌由胸壁""薄弱区""膨出",
气芳香，味苦、微辛,
气微，味甜，微苦,
Jie he Wan,
口服，一次3.5g，一日2次,
气微，味甘、苦,
外感引起的发热恶寒、咳嗽黄痰者忌用,
每20丸重3.5g,
黑色浓缩丸，除去包衣显棕黄色,
PPD皮试,
D–二聚体,
"A15.6,A16.5",
A16.5,
TB—DNA噬菌体法（血性胸液除外）,
乳糜试验,
可明显提高胸膜活检的阳性率,
培养分支杆菌,
可伴有呼吸困难,
对症支持治疗：退热、止咳、吸氧,
抗结核治疗，疗程一般为6–12个月,
涂片找抗酸杆菌,
有胸腔积液体征,
痰培养分支杆菌,
痰病原学检查：痰涂片找抗酸杆菌×3,
生化,
普通致病菌培养,
结核抗体（ATA）,
胸液检查：常规,
胸部B超,
肿瘤标志物,
超声波检查,
超声波检查显示胸腔积液征象,
腺苷脱氨酶（ADA）,
体层摄片,
tuberculous empyema,
唾液传播,
经呼吸道,
结核菌感染胸膜引起,
儿童及青年,
结核菌素有高度反应的人注射结核菌素,
瘰疬性苔藓,疾病
tubercle bacillus,
全身乏力或消瘦,
午后体温升高,
Jieheling Pian,
下午发烧,
人与人之间呼吸道传播,
CXR 检查,
tuberculosis,
A16.9,
传染科,
免疫系统的受损,
斑片状密度增高影,
涂片镜检,
接触感染个体,
渗出、纤维化或肉芽肿,
结核分枝杆菌,
瘢痕形成,
粟粒样结节,
肺叶,
肺尖纤维化,
瘰疠,
培养,
肺门淋巴结肿大,
PPD RT23标化,
Purified Protein Derivative of Tuberculin（TB—PPD）,
sarcoidosis,
BLAU综合征,
D86,
D86.9,
伯克结节病,
和联合部位的结节病,
未特指的结节病,
活体组织检查,
淋巴结结节病,
斑点或丘疹样皮疹以及关节痛等,
特指和联合部位结节病,
皮肤结节病,
肺结节病伴有淋巴结结节病,
眼眶结节病,
肺结节病伴淋巴结结节病,
肺结节病,
结节病性关节病,
结节病抗原试验,
结节病性心肌炎,
运动时可出现呼吸困难,
镓扫描,
良性淋巴肉芽肿,
胸内淋巴结病变和关节痛,
气微腥，味咸、微苦,
胶囊剂，内容物为棕黄色至棕褐色的颗粒或粉末,
心率增快等,
革兰阴性肠杆菌,
纵膈,
粘膜干燥,
黏膜干燥,
重症多形红斑药疹,
发热和寒战,
Azithromycin Enteric—coated Tablets,
亚急性联合变性,
半合成青霉素,
抗血管生成剂,
开水冲服，一次10克，一日3～4次,
用于热燥犯肺引起的咳嗽,
L—半胱氨酸,
咽部不适,
Esmeron（Rocuronium Bromide Injection）,
Rocuronium Bromide Injection,
有下列赋形剂：乙酸钠,
罗库溴铵,
口服，一次2～3片，一日3次,
基片重0.36克,
味甘苦微凉,
薄膜衣片，除去包衣后显棕黄色至棕褐色,
罗汉果止咳成方罗汉果,
Luohanguo Zhike Jiaonang,
一次2～3粒，一日3次,
味甘苦、微凉,
硬胶囊，内容物为棕黄色至棕褐色的颗粒和粉末,
用于感冒咳嗽及支气管炎,
止咳生津,
Luo Hong Mei Su Fen San Pian,
密封，在干燥处保存（10～30℃）,
对本品、红霉素或其他大环内酯类药物过敏者禁用,
服用本品后可影响驾驶及机械操作能力,
禁忌与麦角胺、二氢麦角胺配伍,
盐酸氨溴索（C13H18Br2N20·HCl）30mg,
大环内酯类/粘液溶解剂,
罗红霉素（C41H76N2O15）150mg,
氨溴索/罗红霉素,
Roxithromycin tables,
Luo Hong Mei Su Pian,
室温存放,
干呕和/或呕吐,
治疗由罗红霉素敏感病原体导致的感染,
罗力得150mg罗力得300mg,
300mg,
使用本品可引起非敏感菌的过度增殖，引发二重感染,
成人：口服，一次300mg，一日1次，疗程7～10天,
类白色薄膜衣片，除去包衣后显类白色，无臭、味苦,
禁忌与麦角胺及二氢麦角胺配伍,
肾功能不全者可发生累积效应,
Roxithromycin Sustained Release Capsules,
治疗化脓性链球菌引起的咽炎,
本品与红霉素存在交叉耐药性,
胶囊剂，内容物为白色微丸,
Roxithromyan Capsules,
化脓性链球菌引起的咽炎,
本品内容物为白色或类白色粉末和颗粒,
遮光，密封，在干燥处（10—30℃）保存,
罗红云素,
Roxithromycin Soft Capsules,
本品内容物为白色至淡黄色的混悬液,
白色或类白色颗粒，气芳香，味甜带苦,
密封，在干燥阴凉处保存,
敏感菌株引起的下列感染：上呼吸道感染,
白色或类白色细颗粒，气芳香，味微甜,
amnionic fluid and meconium aspiration syndrome,
出生时全身皮肤,
出生过程中吸入染有胎粪的羊水,
呼吸三凹征,
指（趾）甲和脐带被染成黄绿色或深绿色；气促,
足月儿和过期产儿,
青紫等,
吐粉红色泡沫痰,
用于肺燥久咳,
肺痨久咳,
乙酰麦迪霉素,
消化道溃疡,
含服，一次1～2片，一日6次,
全身潮红,
口内异常感,
氢溴酸美沙芬,
严重肝肾功能不全者禁用,
氢溴酸右美沙芬7.5mg,
乳白色可溶性颗粒，味甜,
外周神经病变,
肝、肾功能不全者慎用,
马来酸氯苯那敏0.2毫克,
主要成份氢溴酸右美沙芬1毫克,
马来酸氯苯那敏0.4毫克,
尊麻疹,
药物依赖,
带浅棕色斑点的类白色至浅棕色片,
肺渗出,
Etiasa（Mesalazine SR Granules）,
对水杨酸制剂过敏者,
袋装缓释颗粒剂,
Lingyang Qingfei San,
清热止咳/解毒利咽,
LingbeiZhike Tangjiang,
紫菀（蜜）,
远志（制）,
输注本品使血容量增加，肺水肿的患者应慎用,
Carbocysteine Oral Solution,
纯化水,
羧甲司坦500毫克,
Carbocisteine Effervescent Tablets,
0.5克,
儿童一日30毫克/千克，分3～4次口服,
成人一次1片，一日1～2次,
用温开水溶解后缓慢服用,
白色片，味微酸甜,
250毫克,
主要成份羧甲司坦250毫克,
主要成份羧甲司坦0.25克,
咳痰困难患者,
支气管哮喘等疾病引起的痰液粘稠,
密封，置阴凉（不超过20℃）干燥处保存,
羧甲司坦0.25g,
羧甲司坦0.25克,
主要成份羧甲司坦0.1克,
羧甲司坦0.1克,
Carbocisteine Granules,
成人一次1包，一日3次,
咳出困难者,
Carbocysteine Granules,
气香，味甜，微酸,
橙红色至橙黄色颗粒,
羧甲司坦0.5克,
羧甲司坦0.2克,
nickel carbonyl poisoning,
咯粉红色泡沫痰,
吸入高浓度羰基镍,
其他危险因素,
咯血和血痰,
放射治疗,
综合治疗方案,
职业因素,
胸膜转移,
胸闷、气急,
针刺活检,
饮食等,
颈交感神经丛和臂丛神经受侵,
血行性转移,
锁骨上淋巴结肿大及声音嘶哑,
咳血样痰,
注意事项,
常见败血症,
饮食,
革兰阳性杆菌感染,
高烧,
口服，一次4—6片，一日3次,
糖衣片,
除去糖衣片后显棕黄色,
Levodropropizine Dispersible Tablets,
内因,
occupational asthma,
接触职业环境中的致喘物质后引起,
J70.9,
胸闷或伴有鼻炎,
诱因,
光气中毒,
Compound Sulfamethoxazole Tablets,
磺胺嘧啶200mg,
磺胺甲恶唑200mg,
成人慢性支气管炎急性发作,
磺胺嘧啶0.2g,
磺胺甲恶唑0.2mg,
磺胺嘧啶0.2mg,
磺胺甲恶唑0.2g,
一次4粒，一日2次，首剂加倍或遵医嘱,
甲氧苄啶0.04g,
磺胺嘧啶0.1g,
注射用替卡西林钠克拉维酸钾,
聚乙二醇非格司亭,
DNA,
聚多卡醇,
荨麻疹（全身性）,
血管炎。呼吸,
切记勿注入动脉血管,
≤10天,
S22.3\S22.4伴S27.2,
伤侧呼吸运动减弱,
呼吸音低或消失,
可有外伤史,
≤9天,
抗菌药物,
入院当天,
局部麻醉,
局部触痛和胸廓挤压征（+）,
血痰,
视出血情况决定,
胸腔闭式引流术＋胸廓固定术,
"hepatopulmonary syndrome,HPS",
原位肝移植,
慢性肝病均可伴有肺血管异常和动脉低氧血症,
吸氧及高压氧舱,
肝肺,
栓塞治疗,
直立性缺氧,
直立位型呼吸困难,
肺血管造影,
超声心动扫描,
原发病的治疗,
咳痰量较多,
呈黏液脓性,
抗菌治疗,
尿常规、肾功能和肝功能,
肠杆菌感染,
肠球菌感染,
肺性肥大性骨关节病或马里氏病,
pulmonaryatelectasis,
J98.1,
呼吸浅速,
干啰音,
捻发音,
支气管腔内阻塞,
淋巴结活检与胸腔外活检,
畏寒和发热,
痰与支气管抽吸物检查,
肺不张程度和范围,
免疫反应异常,
pulmonary pseudolyphoma,
病理检查,
轻度咳嗽和胸痛,
结节性淋巴组织样增生,
出现低氧血症,
男性青年,
可能与病毒感染有关,
病因尚未明了,
咯血时肺弥散功能减退,
组织学检查,
贫血常见,
梧桐根,中草药
红花龙胆,
口服，一次3～4粒，一日3次；或遵医嘱,
Feilike Jiaonang,
用于咳喘痰多,
顺气祛痰,
胶囊剂，内容物为黄褐色至棕色的粉末及颗粒,
hypogenesia of pulmonary artery,
先天性畸形,
肺气肿见上述症状者,
肺力咳成方黄芩,
反复呼吸道感染等,
黄苓,
心脏导管检查,
增强CT及MRI检查,
embolism of pulmonary artery,
超声心动,
下腔静脉静脉滤器植入术,
动脉栓塞和血栓形成,
肺通气灌注扫描,
I74.8,
四个临床症候群,
妊娠和分娩,
右心衰竭,
惊恐,
溶栓治疗,
肺动脉栓塞的体征,
濒死感,
肺动脉血栓摘除术,
10～20岁男性,
I37.0,
stenosis of pulmonary valve,
肺动脉瓣疾患,
肺动脉瓣,
I27.2,
介入治疗,
pulmonary hypertension,
动脉性,
左心疾病,
多导睡眠监测,
心肺运动试验,
心绞痛或胸痛,
慢性血栓栓塞,
结缔组织病者,
肺动脉造影术,
磁共振成像,
疲劳、乏力、运动耐量减低,
特发性肺动脉高压家族史者,
肺通气/灌注扫描,
运动耐量减低,
靶向药物治疗,
先天性肺血管畸形,
胸腔镜肺活检,
高分辨率CT和增强CT,
arteriovenous pulmonary aneu— rysm,
肺血管,
活动后呼吸急促,
心导管检查和心血管造影,
arteriovenous pulmonary aneurysm,
青年,
以咳嗽,
体液的检查,
受累器官,
咳棕红色痰为主要表现,
咳烂桃样痰和血痰,
山区与丘陵地带儿童和青少年,
活组织病理检查,
红细胞沉降率,
胸,
血痰少见而胸痛,
食用被并殖吸虫感染的食物及水,
呼吸道合胞病毒肺炎,
脓气胸,
以后呈阵发性咳嗽,
systic fibrosis of lung andpancrease,
磁共振（MRI）检查,
严重并发症,
北美洲白人,
如合并支气管扩张时有反复,
后期可以有发绀和杵状指,
汗液试验,
痰量增多等,
痰黏稠不易咳出,
胸部MRI检查,
胰腺刺激试验,
念珠地丝菌感染,
皮肤试验,
痰液呈黏液样或胶质样,
血液化验检查,
bullae,
"多继发于肺部和支气管炎性病变,少数为先天性",
肺气囊,
卡氏肺囊虫肺炎,
J43.9,
肺大泡,
pneumocystispneumonia,
肺孢子菌,
血液学检查,
血气和肺功能,
Feining Koufuye,
返魂草,
Feining Pian,
Feininɡ Piɑn,
返魂草成方返魂草,
Fening Pian,
Feining Jiaonang,
Feining Jiaonang（Fanhuncao Jiaonang）,
Feining keli,
忌烟、酒及辛辣、香燥、生冷、油腻食物,
开水冲服，一次10克 ，一日3次,
泄热平喘/化痰平喘,
清热祛痰,
糖粉,
颠茄流浸膏,
马来酸氯苯那敏1毫克,
在肺吸虫病流行区居住或旅行的人,
曾在肺吸虫病流行区居住或旅行,
"腹痛,胸痛",
偶带血丝,
以肺脏为主要寄生场所的寄生虫病。如卡氏肺囊虫病,
parasitic disease of lung,
五口吸虫和螨寄生于肺或引起过敏反应,
末梢血液嗜酸性粒细胞数增多,
白色黏痰,
胸痛或胸腔积液,
蠕虫,
B58.3,
咳嗽为阵发性,
少数咳多量黏液痰或黏液血痰等,
病原学检测,
弓形虫病[弓形体病],
肺弓形虫感染,
精神运动障碍,
味微咸、苦,
丹参,中草药
服药期间忌辛辣生冷油腻食物,
咳喘兼外感患者禁用,
痰热壅肺者慎用,
肺心病的急性期应配合其它的治疗手段,
胶囊剂，内容物为褐色粉末,
茯苓等22味,
口服，一次5片，一日3次；或遵医嘱,
甘草等12味,
气微，味苦、辛甜,
薄膜衣片，除去薄膜衣显棕褐色,
利尿剂,
持续氧疗,
P2 亢进,
长期缺氧和随后出现的肺血管收缩,
pulmonary candidiasis,
咳少量白色黏液痰或脓痰等,
B37.1,
组织病理学检查,
G93.1,
pulmonary encephalopathy,
主要因肺部损害致二氧化碳潴留及缺氧,
妄想,
定位神经体征等,
慢性肺部疾病患者,
病因复杂,
神经,
精神症状,
纠正酸碱平衡障碍,
脑电图检查,诊疗技术及设备（治疗）
脑的疾患,
肌阵挛,
injury of lungs,
中度咯血,
低热和呼吸困难等,
记忆力减退,
创伤性肺气腔,
呼吸治疗,
言语增多,
脑脊液,
肺心脑综合征,
局部肺挫伤,
局限性肺挫伤,
气胸或血气胸,
肺实质撕裂,
运动障碍,
A42.0,
pulmonary actinomycosis,
低热或不规则发热,
剧咳,
咳出少量黏液痰,
肺放线菌感染,
pulmonary aspergillosis,
咳出棕色痰栓,
B44.1,
继发于肺结核,
I26,
检验,
CT 肺血管造影术,
凝血倾向基础疾病,
支气管肺囊肿及结节病等,
已知的遗传性易栓症,
急性低风险性肺栓塞,
心脏超声,
急性大面积肺栓塞,
急性次大面积肺栓塞,
急性肺血栓栓塞症,
急性肺原性心脏病,
急性肺栓塞,
慢性肺动脉栓塞,
检测D—二聚体,
感染性肺栓塞,
核成像V/Q扫描,
次大面积肺栓塞,
慢性肺血栓栓塞急性再发,
肺动脉菌栓栓塞,
肢体创伤,
肺动脉血栓形成,
肺栓塞急性肺原性心脏病,
肺栓塞提及急性肺源性心脏病,
慢性肺血栓栓塞症,
肺梗死,
肺血栓形成,
肺栓塞未提及急性肺源性心脏病,
肺部V/Q扫描,
胸膜炎性胸痛,
结缔组织病,疾病
静脉用肝素,
CT肺动脉造影,
近期长时间制动,
Pulmonary Embolism and Pulmonary Infarction,
非血栓性肺栓塞,
先兆晕厥,
呼吸困难加重为肺栓塞症状,
下肢深静脉检查,
内源性或外源性的栓子堵塞肺动脉主干或分支,
晕厥为肺梗死症状,
放射性核素肺通气灌注扫描,
口服，一次9～10片，一日3次,
血浆D二聚体,
味苦，微涩,
黑绿色的片,
pulmonary mucormycosis,
毛霉菌目致病菌引起的肺感染,
B46.0,
emphysema,
呼吸功能锻炼,
咯痰等基础上出现逐渐加重的呼吸困难,
在咳嗽,
感染和大气污染等是常见病因,
血液和痰液检查,
物理治疗,
血液气体分析,
Lung—Qi Deficiency,
适当应用舒张支气管药物,
咳喘无力,
久咳伤气,
声音低怯,
劳逸不当所致,
畏风自汗,
痰液清稀,
神疲体倦,
多由寒温不适,
脉虚,
利尿,
肺气不足,
面色晄白,
J81,
舌淡苔白,
pulmonary edema,
可分为心源性和非心源性两大类,
肺底有湿啰音,
氧饱和度降低,
肺毛细血管通透性增加,
补液过多,
alveolar capillaryblock syndrome,
少量咳痰,
pulmonary alveolar microlithia— sis,
肾上腺糖皮质激素,
J84.0,
系统性红斑狼疮与类风湿性关节炎,
硬皮病等疾病所致的肺损害等,
咯血和杵状指趾形成,
呼吸感受器疾病,
对症处理,
碳酸酐酶抑制剂,
肺动脉高压等,
神志淡漠,
肺泡,
胸廓疾病,
脊髓及周围神经和呼吸肌疾病,
脑干疾病,
肺和气道疾病所致,
血缺氧,
corpulmonale,
重者视盘水肿,
pulmonary heart disease,
与支气管,
咳痰及不同程度的呼吸困难,
心房扑动,疾病
活动后症状加重,
支气管、肺疾病,
房性心动过速,疾病
肺、心功能代偿期（包括缓解期）,
肺疾病,
肺血管扩张剂,
长期咳嗽,
胸廓运动障碍性疾病等有关,
胸廓运动障碍性疾病,
放射性核素,
进而使右心肥厚,
肺动脉口狭窄,
急性右侧心力衰竭,
肺实变,
J18.9,
二代或三代头孢菌素,
中央阻塞性肿瘤,
Pneumonia,
克雷伯杆菌,
肺血流量很少,
伴呼吸音减弱及支气管肺泡呼吸音等,
厌氧菌等,
胸膜增厚,
叩诊呈浊音,
呼吸功增加,
听诊有湿啰音,
呼吸道条件致病菌感染,
喹诺酮类药物,
大环内酯类抗生素,
大量痰液,
尿抗原检测,
排痰性咳嗽,
有痰,
支气管呼吸音,
混合感染,
流感杆菌等革兰阴性杆菌；细菌,
耐药菌增多,
肋间或肋下凹陷,
胸部 X 线摄影,
胸部 X线,
胸部x光,
胸部 X 线检查（CXR）,
需氧菌,
革兰阴性杆菌感染,
食欲减退；脉速,
鼻翼煽动,
Klebsiellar pneumonia,
砖红色胶冻痰,
50岁以下女性,
pulmonary inflammatory pseudotumor,
J16.0,
全身不适咽痛及声音嘶哑,
急性呼吸系感染,
由肺炎衣原体引起的感染,
不适和乏力,
合并,
成人及青少年,
chamydiae pneumonia,
学龄儿童,
常继发细菌感染,
由衣原体感染引起,
非胸膜炎性胸痛,
通过呼吸道分泌物的人—人传播,
咽炎等,
唇指发绀,
全身痛,
心率快,
继发于肺炎链球菌性肺炎,
脉细弱,
Pulmonary Anthrax,
脑脊液检查,
A22.1,
血压下降等,
发病急骤,
咳血等,
咳嗽胸痛,
抗肺炭疽血清治疗,
炭疽杆菌感染所致,
气急喘鸣,
咯血性泡沫痰,
爆炸时产生高压波（气浪或水浪）对胸部冲击,
血气检查,
重者呼吸衰竭等,
偶血丝痰,
Pulmonary Coccidioidomycosis,
B38.2,
慢性进行性球孢子菌肺炎,
原发性肺球孢子菌病,
原发性肺球孢子菌病为干咳,
关节炎,疾病
由粗球孢子菌引起的,
胸痛；慢性进行性球孢子菌肺炎为持续低热,
粟粒样肺球孢子菌病,
皮肤损害,
lung hernia,
创伤,
先天发育异常（Sibsons筋膜缺损,
局部发育异常或薄弱,
时隐时现,
胸或肺内压增高,
胸膜壁层及胸壁肌肉撕裂等）；胸或肺内压增高等,
薄弱等）；损伤（肋骨骨折,
肺组织疝出较多局部胀感,
咳嗽气喘时颈部见到软组织肿块,
转头时不适,
lung cancer,
X射线,
SVCS,
全身 CT,
偶然发现的肿块,
全身 PET 扫描,
北美,
叩诊实音,
增加香烟使用的持续时间和数量,
大细胞癌,
家族史等,
接触石棉粉,
支气管镜,
气闷等,
欧洲,
曾暴露于二氧化硅或铍且吸烟的工人,
氡暴露,
消瘦和恶病质,
淋巴结转移,
沥青者,
烟草暴露,
男性吸烟,
石棉,
空气污染,
矽肺病或慢性铍肺的人,
纵膈淋巴结,
肿瘤微栓塞,
肿瘤有关的异位激素分泌综合征,
肿瘤相关改变（肺不张）,
胸膜侵犯,
胸膜受侵和/转移,
胸部 X 线,
铍和二氧化硅暴露,
语颤减低,
非西班牙裔白人,
颜面部浮肿,
颈胸部静脉曲张,
骨转移,
Pneumomycosis,
由真菌（霉菌）感染引起,
亚热带及温带人们,
热带,
皮肤局部小出血点,
粪类圆线虫感染,
并发重症,
移行性线状或带状荨麻疹,
pulmonary fibrosis,
40～50岁男性,
阿苯达唑为首选药,
环境因素,
既往有吸烟史患者略多,
慢性支气管炎等肺部疾病,
肺组织活检,
长期吸烟,
低体重,
东南亚,
中国,
印度,
吸毒,
感染者,
氨硫脲,
吡哆醇,
痰涂片,
空洞,
糖尿病,疾病
肺坏疽,
高龄,
Feijiehe Wan,
菲律宾,
lungabscess,
何首乌,
全身抵抗力降低,
J85.2,
肺结核成方制何首乌,
壮年男性,
支持治疗：加强营养，纠正贫血,
支气管堵塞,
积极控制感染，合理应用抗生素,
痰病原学检查及药敏,
症状缓解，体温正常超过72小时,
第一诊断必须符合ICD—10：J85.2肺脓肿疾病编码,
20～40岁的成年人,
D14.3,
≤17天,
丘疹脓疱性或出血性,
可进展为丘疹水疱性,
≤11天,
表面坏死,
直径可达约1厘米,
数日数周后,
中耳和呼吸系统良性肿瘤,
咯血多为少量和痰中带血,
切割缝合器,
咯血和轻度胸痛,
发病年龄广泛,
少数患者因肿瘤阻塞支气管而继发感染症状,
止血材料,
术中冰冻切片，术后石蜡切片＋免疫组化,
第一诊断符合ICD—10,
纤维支气管镜检查＋活检,
经皮肺穿刺活检,
病情可长期无变化,
肺叶切除术（包括复合肺叶切除和支气管袖式成型）,
肺局部切除术（包括肺楔形切除和肺段切除）,
肺修补材料,
肿瘤标记物检查,
肿瘤摘除术,
血管夹,
部分患者有咳嗽,
青中年居多,
闭合器,
血气分析、气管镜、床旁超声、痰培养＋药敏,
视术中出血情况而定。输血前需行血型鉴定,
pulmonary histoplasmosis,
B39.2,
咳黏脓痰等,
咳黏液脓痰,
组织胞浆菌素皮试,
荚膜组织胞浆菌感染,
pulmonary ascariasis,
ascariasis of lung,
有生食蔬菜瓜果习惯者,
生食蔬菜瓜果,
胸痛头痛,
从事粮食及中草药贮存,
pulmonary acariasis,
其次为厌食乏力,
蛔虫卵感染,
气急或哮喘,
嗜肺螨类随空气,
销售及纺织工人,
Pulmonary Schistosomiasis,
经呼吸道并寄生于肺部,
寄生,
B65.9,
弛张热或低热（少数有高热）,
或其虫卵在肺组织内沉着而致,
或饮用生水使虫卵从口腔黏膜侵入体内,
胸痛或哮喘,
皮肤与疫水接触,
血吸虫病[裂体吸虫病],
血吸虫的幼虫或成虫在肺内移行,
一般处理，血流动力学及呼吸支持,
荨麻疹等,
I26.901,
发现PE的直接征象,
发现肺动脉内的低密度充盈缺损,
伴或不伴轨道征的血流阻断,
发现肺动脉近端的血栓,
呈肺段分布的肺灌注缺损,
并与通气显像不匹配,
如肺血管内造影剂充盈缺损,
如原发性肺动脉肉瘤,
抗凝、溶栓治疗,
或者呈完全充盈缺损,
感染性血栓,
表现为肺动脉内的低密度充盈缺损,
I28.8,
Pulmonary Vasculitis,
（高危）10—14天,
主要影响小血管,
主要影响中等及小血管,
全身症状为发热,
调节国际标准化比值达标（2.0—3.0）,
关节痛和皮损等,
部分或完全包围在不透光的血流之间,
冷球蛋白血症,疾病
其他偶发性肺血管炎,
影响大、中、小血管,
继发于结缔组织病的血管炎,
急性狼疮性血管炎,
纤维素样坏死,
肺血管的疾病,
肉芽肿性血管炎可有呼吸困难,
肺内结节,
metastatic tumor of lung,
MRI检查,
大量胸腔积液,
憋闷,
由身体其他部位的恶性肿瘤转移而来,
心悸等,
脉快,
血痰和呼吸困难,
气管隆突以上的损伤,
呼气时两颊鼓起和缩唇,
肺受累,
肺容量减小,
咳嗽伴哮鸣音,
肺气压伤,
气逆喘息,
躯体症状的窒息感,
组织胞浆菌瘤,
肺曲霉病,
肺孢子球菌病,
肿瘤样表现,
脑脓肿,
小片状,
benign tumor of lung,
咯血丝痰,
起源肺和支气管的所有各种不同类型细胞,
一过性气急,
肺部感染和咯血等,
ancylostomiasis of lung,
小出血点,
30～60岁男性,
长期从事农田作业,
药物驱虫治疗可选用,
甚痒,
长期从事农田作业的农民,
pulmonary hamartoma,
肺组织因胚胎发育异常,
导致肺正常组织的不正常组合所构成,
Q85.9,
"斑痣性错构瘤病,不可归类在他处者",
dyspnea and cough due to obstruction of lung,
外感六淫邪气,
或内有积热而导致肺气郁闭不宣,
生冷,
肃降失常,
甚至鼻翼扇动,
急性呼吸困难,
颜面苍白,
老年人肺心病,
咳黏液痰,
pulmonary cryptococosis,
B45.0,
Q33.2,
为先天性疾病（非遗传性疾病）,
pulmonary sequestration,
艾滋病人,
新型隐球菌（有荚膜包绕的酵母菌）感染引起,
在肺发育过程中,
影响其发育,
叶外型常合并其他畸形,
叶内型肺隔离症常并发,
反复发作的肺部感染,
甚至咯血肺内肿块影心力衰竭等,
肺不发育,
高压血流压迫部分肺,
肺静脉异位引流,
Pulmonary Penicilliosis,
全身衰竭等症状,
超声检查,
喉痒痛,
马尼菲青霉病,
化疗,
剖胸探查术,
肺鳞状上皮细胞癌,
IB期,
IA期,
IIB期,
III期,
IIA期,
TIII期,
PET扫描,
分期活检,
同步放化疗,
外科手术,
动脉,
手术切除,
持续咳嗽,
支气管镜检,
气道位移及梗阻,
消融治疗,
淋巴结清扫术,
血管,
tumorous polyp,
遗传等,
肺内圆形实质性或囊性肿块,
肺部肿块,
气香，味苦、微涩,
胃液吸入气道引起,
体征为病变部位呼吸音减弱,
固定湿性啰音,
病变部位呼吸音减弱,
排除脓液,
全身支持治疗,
cholesterol empyema,
男性青壮年,
Choline Theophyllinate Tablets,
本品适用于感冒后咳嗽有痰者,
哮喘性支气管炎和肺气肿,
口服，一次3～4片，一日3次；或遵医嘱,
气微香，味苦、微辛,
用于老年慢性气管炎,
薄膜衣每片重0.62g,
PPHN治疗,
P24.0,
不均匀气道通气,
meconium aspiration syndrome；MAS,
化学性炎症等,
产科处理和MAS的预防,
化学性炎症,
新生儿治疗,
新生儿吸入综合征,
羊水中混有胎粪是诊断MAS的先决条件,
胎粪的排出和吸人,
脐窝和指,
肺热声哑,
Isoniazid and Sodium Chloride Injection,
胶囊剂，内容物为棕褐色的颗粒及粉末,
热,
鸟分枝或胞内分枝杆菌感染所致,
控制癌性胸腹水,
常见于胸部穿透伤,
金属碎片或子弹头等,
遗留在胸内的异物,
失血性休克等胸部外伤表现,
以40岁以上居多,
struma endothoracica,
喘鸣吞咽困难,
坠入性胸腔内甲状腺肿,
原发性或迷走型胸内甲状腺肿,
由患者胚胎时期在纵隔内遗存的甲状腺组织引起,
多根肋骨骨折,
胸膺胀满,
胸部闭合性损伤和开放性损伤常伴有皮下积气,
胸骨和（或）肋骨骨折伴气胸患者,
甚至心力衰竭,
胸闷或胸骨后疼痛,
20～40岁的青,
tuberculosis of chest wall,
轻微疼痛,
男性较多,
胸膜的原发病灶侵入胸壁组织,
按压时有波动感,
颈静脉扩张,
穿刺可抽出乳白色脓液或少量干酪样物质等,
胸部反常呼吸,
胸部手术后乳糜胸,
一侧胸廓塌陷,
儿童胸廓变形,
胸廓塌陷畸形,
胸廓异常,
胸廓狭窄而扁,
胸廓畸形,
鸡胸,疾病
进入胸腔后引起呼吸道症状,
渗出性胸水,
老年肺炎,
肺纹理增粗,
转移性胸膜肿瘤,
chest pain,
血性胸水,
R07.4,
咽痛和胸痛,
沉重或压榨感,
CT 扫描,
pleural effusion,
SOB,
J94.8,
经皮胸膜活检,
胸腔穿刺抽液检查,
胸腔置管加胸膜固定,
胸腔镜或开胸活检,
行细胞学检查,
胸膜情况,
青年人,
老年人胸腔积液与胸膜炎,
脓肿破入胸腔,
右心功能不全,
前胸疼痛,
男性患者,
pleurisy,
局部胸痛,
平卧位加重,
R09.1,
多由肺炎,
伴有肺结核病时有传染性,
深呼吸加重,
坐起缓解,
甚至呼吸困难,
活动受限,
痰菌检查,
激素治疗,
结核病患者,
结核病等引起,
缓解疼痛,
肋膜炎,
胸腔穿刺抽液,
胸液检查,
胸膜炎性疼痛,
老年人自发性气胸,
14–20天,
体重减轻。晚期可出现吞咽困难,
可有呼吸困难,
没有需要住院处理并发症和/或合并症,
小儿或危重患者要有医护人员陪同,
可有单侧肺叩诊浊音及呼吸音减弱或消失,
C45.0,
一般情况良好,
血清间皮素相关蛋白（SMRP）升高,
血小板数增多,
小儿脱屑性肺炎,
呈非特异性,
检查前禁食6小时以上，做心肌显像检查例外,
或合并咳嗽,
第一诊断必须符合ICD–10：C45.0胸膜间皮瘤疾病编码,
可见贫血,
淋巴管肌瘤,
肺内空洞,
肺泡蛋白沉着症,
filariasis thorax,
乳糜痰,
丝虫结节或丝虫性肉芽肿等,
中华按蚊传播,
乳糜胸水,
班氏丝虫,
淡色库蚊,
马来丝虫及犬恶丝虫或微丝蚴在胸部淋巴管内寄生,
致乏库蚊,
血嗜酸粒细胞增多,
胸骨下端压痛,
肋骨及胸骨下吸入性凹陷,
其中可见局部软化形成的小脓腔,
thoracic actinomycosis,
呼吸道吸入放线菌,
A42.8,
呈暗紫色,
引起肺放线菌病,
特有的板样硬块,
可有肩背部放射痛,
肺和胸膜,
干咳偶有少量黏痰或脓痰,
胶囊剂，内容物为深棕色的颗镣粉末,
脂肪栓子进入血流阻塞小血管,
本品不宜与其他药物在同一容器中混合滴注,
儿童及青少年,
经口食入而传播,
食用生的或未煮熟的水生贝壳类如淡水蟹后而被感染,
免疫试验,
接触传播,
肺吸虫成虫寄生于脑内并不断移行造成的机械性损伤,
Neisseria meningitidis pneumonia,
临床表现为咳嗽,
脑膜炎奈瑟菌引起原发性下呼吸道感染,
湿啰音等变化,
咳脓痰或泡沫痰,
空气传播,
高热以及相伴出现的肺突变,
J86,
empyema,
包裹性脓胸,
化脓性胸膜炎,
J86.9,
手术后支气管胸膜瘘,
病菌侵入胸膜腔,
痰色检查,
支气管胸膜瘘,
胸壁窦道,
胸壁瘘,
肺瘘,
胸腔穿刺液化验,
脓胸不伴有瘘,
脓胸伴有瘘,
脓胸伴瘘,
但与吸烟关系密切,
30～40岁吸烟者,
Desquamative Interstitial Pneumonitis,
无力和食欲减退,
镜检,
M82000/3,
acinic cell carcinoma,
无痛性肿块,
浆液细胞腺癌,
M85500/3,
adenovirus infection,
B34.0,
密切接触及粪―口途径传播,
经空气飞沫,
腺病毒引起,
6个月至2岁的婴幼儿,
adenovirus pneumonia,
J12.0,
抗病毒药物,
咽部充血,
正确输氧及输液,
继发细菌感染的防治,
呼吸困难及发绀,
腺病毒感染引起,
萎靡,
起病,
面色苍白等,
adenoma,
M81400/0,
放射,
无压痛,
周围组织无粘连,
边界清楚,
质地韧实,
腺苷,
X线钡餐检查,
paralysis of diaphragm,
J98.6,
X线胸部透视,
创伤性膈神经麻痹,
恶性肿瘤侵犯或压迫,
膈神经刺激,
累及纵隔的炎症性疾病,
10—13天,
6—10天,
X线胸片检查见气胸线,
1—2天,
体温正常，无呼吸困难,
体征不明显,
也可无明显诱发因素,
偶尔有干咳。严重程度从轻微不适至严重呼吸困难,
5—10天,
一般治疗：吸氧、对症,
刺激性咳嗽等,
临床症状缓解,
入院第2—3天,
J93.0—J93.1,
动脉血气检查,
叩诊呈鼓音,
叩诊呈鼓音或过清音,
可出现患侧胸部饱满,
双腔气管插管全麻,
呼吸运动减弱,
复查化验结果无明显异常，胸片示肺复张良好,
拔除引流管，切口无感染,
持重物屏气,
气管向健侧移位,
或肺大疱,
少量气胸时,
患侧呼吸音减弱,
气胸在30%以上者,
生物胶,
直线型切割缝合器,
甚至休克,
男性青壮年或患有慢性支气管炎,
突发患侧胸痛,
细微气肿疱自行破裂等所致,
第一诊断符合ICD—10：J93.0—J93.1自发性气胸疾病编码,
胸片或胸部CT,
肺组织受压,
肺部疾病使肺组织和脏层胸膜破裂,
胸片提示肺基本复张,
胸腔穿刺或闭式引流,
血压低,
视术中情况而定,
麻醉常规用药,
"语颤和呼吸音均减低或消失,气管向健侧移位",
呼吸功能障碍,
J94.2,
呼吸困难等症状,
纵隔移位,
因胸腔内粘连索带撕裂等原因引起,
胸腔内,
spontaneous hemothorax,
出血速度,
有重体力劳动,
胸腔穿刺,
青壮年常见,
用力排便等诱发因素,
脉搏快而弱,
白细胞计数增多等,
肺出血肾炎综合征,
一次2—3粒，一日2—3次，或遵医嘱,
用于肺肾两虚所致咳喘,
胶囊剂，内容物为棕褐色的颗粒,
慢性支气管哮喘,
补肺益肾,
口服，一日二至三次，一次二粒或遵医嘱,
补气冬虫夏草,
虫草被孢菌粉,
气微香，味辛凉、微苦,
咯痰困难,
舍雷肽酶,
麻醉术后的痰液黏稠,
Sultamicillin for Suspension,
舒他西林,
高血糖症,疾病
发热（0.5%）,
Shuxiong Pian,
Shuxuening Zhusheye,
对银杏过敏体质者不建议用此药,
对乙醇过敏者慎用,
黄色的澄明液体,
口服一次15～20克，一日3～5次,
化痰镇咳,
枇杷叶（去毛）,
清化热痰/化痰平喘,
皮肤及呼吸道,
Sodium Cromoglicate Aerosol,
发热感，口干,
心率减慢,
上呼吸道炎症,
嗜中性粒细胞增多,
氟米龙,
糠酸莫米松5mg,
HIV检测,
呼吸困难及胸痛等,
结核菌素检测,
胸部影像检查,
预后差,
意识水平降低,
自觉发热,
黏膜炎,
中青年女性,
Milian白色萎缩,
青斑样血管炎病,
青斑血管炎,
青斑样血管炎,
禁止静脉内和齿线下注射,
口服， 一次3～5片，一日2～3次,
每片相当于总药材2.5克,
芒果叶干浸膏,
糠酸莫米松10毫克,
温肺豁痰利气,
具杏仁味，味甜、微苦,
开水冲服，一次12g，一日3次,
每袋装12g,
棕色至深棕色颗粒,
一次3～4片，一日3次,
口服，一次3粒，一日2—3次,
每粒装0.58g,
胶囊剂，内容物为棕黄色的颗粒,
有特异香气，味苦,
胶囊剂，内容物为棕黄色粉末,
一次3粒，一日3次,
疗程42天,
硬胶囊，内容物为灰褐色的粉末，味微苦,
胶囊剂，内容物为棕褐色至黑褐色的颗粒，味苦,
上呼吸道,
seasonalallergicrhinitis,
咽部发痒,
J30.1,
pollinosis,
水样分泌物增多,
眼部发痒,
花粉作为变应原,
血管舒缩性和变应性鼻炎,
发病年龄和特应性素质,
呈季节性发作,
鼻黏膜激发试验,
空气中飘散的各种致敏花粉引起的,
痰多和哮喘,
眼结膜激发试验,
blastomycosis,
B40,
B40.9,
播散性芽生菌病,
低热和呼吸障碍,
慢性肺芽生菌病,
急性肺芽生菌病,
由皮炎芽生菌引起的,
形式的芽生菌病,
北美芽生菌病,
丘疹或脓疱等,
特指形式芽生菌病,
未特指的芽生菌病,
未特指的肺芽生菌病,
皮肤芽生菌病,
芽生菌性脓皮病,
芽生菌性皮炎,
甚则咳吐腥臭脓血,
痰瘀互结证,
选择性β—阻滞剂,
Suzi Jiangqi Wan,
气逆痰壅所致的咳嗽喘息,
喘咳短气,
上实下虚喘咳证,
呼多吸少,
Azithromycin Fine Granules,
Su fei ke Tang jiang,
桔梗流浸膏3毫升,
桑白皮流浸膏1.6毫升,
氯化铵2克,
甘草流浸膏3.5毫升,
盐酸麻黄碱50毫克,
百部流浸膏1毫升,
薄荷脑10毫克,
苏菲咳成方百部流浸膏,
Suhuang Zhike Jiaonang,
服药期间忌食辛辣等刺激性食物,
炒紫苏子,
每粒装0.45g,
气味香、味微苦,
尚无研究数据支持本品可用于儿童咳嗽变异型哮喘,
炒牛蒡子,
牛蒡子,中草药
疗程7～14天,
硬胶囊，内容为棕褐色的颗粒,
蜜枇杷叶,
高血压、心脏病患者慎服,
苏黄止咳成方麻黄,
一次5粒，一日3次,
Linggui Kechuanning Jiaonang,
喘息胸闷气短,
每粒装0.34克,
气微香，味辛，微苦,
苓桂咳喘宁成方茯苓,
症见咳嗽痰多,
《金匮要略》,
若饮邪化热，咳痰粘稠者，非本方所宜,
咳痰量多,
凡肺燥有热、阴虚咳嗽、痰中带血者，忌用本方,
喜唾涎沫,
胸满不舒,
寒饮咳嗽,
甘草酸单铵S,
严重肾功能不全者，不建议使用本品,
一次2片，重症一次3片，一日3次,
如正在服用其他药物，使用本品前请咨询医师或药师,
气微、味苦、微甜,
每片重0.41g,
忌食辛辣油腻食物,
过敏体质禁用,
抗青霉素葡萄球菌引起的肺炎,
咯血（2%）,
RPLS,
肺栓塞（2%）,
鼻出血（6%）,
莨菪浸膏,
胶囊剂，内容无为褐色的粉末,
一次1粒，每6～8小时一次,
愈创甘油醚90毫克,
对茶碱或愈创木酚甘油醚过敏者禁用,
无水茶碱0.15克,
每粒含无水茶碱0.15g，愈创木酚甘油醚90mg,
每片含氨茶碱75mg,
本品不适用于哮喘持续状态或急性支气管痉挛的患者,
3岁以上儿童的慢性支气管哮喘或哮喘持续状态,
黄嘌呤类/祛痰药,
缓解或预防各年龄组成人,
胶囊剂，内容物为白色球状小丸,
Theophylline Sustained—release Tablets,
为茶碱,
及其化学名称为：本品主要成份为无水茶碱,
无水茶碱,
本品主要成份为茶碱,
茶碱主要成份：茶碱,
避光，密封保存,
Theophylline Sustained—release Capsules,
Theophylline and Ephedrine Hydrochloride Tablets,
一次一粒，一日三粒或遵医嘱,
暂定2年,
极量：一次2粒，一日6粒,
盐酸麻黄碱0.024g,
氟烷,
盐酸麻黄碱24mg,
茶碱113mg,
茶碱0.113g,
咳嗽白痰,
Mycobacterium Phlei F.U.36 Injection,
室温（30℃以下）避光处保存,
高烧病人或病人较虚弱时禁用,
中度感染表现为发热,
俄亥俄州及密西西比河相邻州,
B39.4,
无痰咳嗽,
对本品过敏者禁用，过敏体质慎用,
口服，一次3～5粒，一日3次,
小儿支气管扩张,
应用治疗药物或违禁药品诱发或促发所引起,
药物变态反应,
二丙酸倍他米松0.643毫克,
咪唑衍生物/糖皮质激素类,
莨菪浸膏8mg,
小儿病毒性肺炎,
嗜酸性红细胞增多,
勒—雪氏病,
痰壅喘咳,
开水冲服，一次8克，一日4次,
感冒引起的咳嗽多痰,
每瓶装80克,
用于咳嗽痰喘,
火毒盛引起的咳嗽气喘,
火毒内盛引起的咳嗽气喘,
用于支气管咳嗽,
不宜长期或过量服用,
磷酸可待因15毫克,
对本药过敏或过敏体质者禁用,
胶囊剂，内容物为棕褐色至深棕色的粉末,
A49.0,
肺炎和胸膜炎,
金葡菌致病性最强,
Staphylococcal Pneumonia,
起病急骤,
胸痛；脓痰,
量多,
金黄色葡萄球菌引起,
不宜用于肾功能不全、低钙患者及呼吸性酸中毒患者,
葡萄糖酸依诺沙星,
肺病咳血,
胸闷憋气,
肺虚寒嗽,
补肺止嗽,
IgG分子单体加二聚体含量不低于90%,
其中人免疫球蛋白（γ球蛋白）含量不低于90%,
其中人免疫球蛋白（γ球蛋白）含量不低于95%,
咳嗽气逆,
症见虚羸喘乏,
每袋装4.0g,
肺胃实热证所致的咽痛,
吸入大量发霉甘蔗渣内的有机物导致,
J67.1,
伴胸闷,
躯体疼痛,
本品如出现沉淀或混浊是停止使用,
偶可发生哮喘、荨麻疹和血管神经性水肿等过敏反应,
脉细数,
dyspnea of deficiency type,
肺痨等肺系病症迁延未愈导致,
脉软弱或细数等,
咳声低短促,
面色白,
外感寒邪,
咳痰稀薄色白,
肺气失宣,
邪气客肺,
甘草酸二铵,
口服，一次8克，一日2次；开水化服或含服,
久咳气喘,
Chongcao Chuanbei Gao,
口服，一次15毫升，一日3次,
用于阴虚久咳及痰热咳嗽,
糖尿病患者及痰热阻肺喘证者禁服,
气阴不足所致的咳嗽,
Chongcao Qingfei Jiaonang,
润肺补气,
用于气阴两虚,
痰热阻肺所致的咳嗽痰多,
B46.8,
以热带和亚热带地区男性,
偶可进展较快波及黏膜,
年龄20～40岁者为多,
entomophthoromycosis,
冠状虫霉,
感染初始于鼻中隔,
进展较慢,
用于呕吐咳嗽,
含服，一次2片，一日3次,
Shedan Chuanbei Pipa Gao,
除痰,
口服，一次22克（约一汤匙），一日3次,
每瓶装345克,
气香、味甜、微辛凉,
棕红色至棕色的半流动液体,
风寒表证引起的咳嗽慎服,
降气止咳,
用于痰浊阻肺,
急性蛔蚴性肺炎,
亚洲各国（尤其是印度）和非洲国家人群,
中央隆起等,
口服碘化钾,
形成斑块,
是由固孢蛙粪霉通过接触感染引起,
边缘清楚,
逐渐增多,
用于风寒咳喘,
用于肺肾不足,
纳气定喘,
虚喘气促,
口服，一次10～15克，一日2次,
外感或实热内盛者不宜服用,
Gejie Yangfei Wan,
口服，一次1丸，一日2～3次,
白扁豆（炒）,
Gejie Dingchuan Wan,
石膏（煅）,
蛤蚧定喘成方蛤蚧,
Gejie Dingchuan Jiaonang,
海蛤粉,
慢性支气管炎急性期患者忌用,
Honeycomb Lung Syndrome,
多发性肺囊肿,
放射性肺炎等,
并发气胸,
特发性弥漫性肺间质纤维化,
进行性加重的呼吸困难,
类风湿性肺炎,
声音沙哑,
Milian Chuanbei Pipa Gao,
棕红色的稠厚半流体,
气香，味甜、具清凉感,
适用于肺燥之咳嗽,
4.5ml/瓶,
本品必须保存于2℃－8℃冰箱中（不得低于零度！）,
皮下注射用混悬液,
囊肿,
瘤细胞浸润,
纵隔囊肿,
Spiramycin Tablets,
螺旋霉素,
Spiramycin Capsules,
37.5万单位/粒,
敏感菌引起的下列各种感染：1．呼吸道感染：咽炎,
胶囊剂， 内容物为白色或微黄色颗粒,
小螺菌鼠咬热,
由小螺菌感染引起,
鸡螺旋体病,
日本血吸虫病,
人参、三七过敏患者禁用,
孕妇禁用，对本品过敏者慎重,
本品在静脉滴注过程中禁止与其他注射剂配伍使用,
棕黄色的澄明液体,
肝素,
新生儿缺氧缺血性脑病,
微血栓形成,
不能用草酸钠、肝素或乙二胺四乙酸二钠作为抗凝剂,
红细胞内含有大量的ADA活力，故避免使用溶血标本,
抽取静脉血分离血清用于化验,
C5功能不全综合征,疾病
抽血前避免剧烈运动,
ADH分泌过多综合征,疾病
特发性含铁血黄素沉着症,
会导致呼吸困难,
hemothorax,
可继发于胸部或全身性疾病等,
凝固性血胸等并发症,
胸腔感染,
胸腔积血,
胸膜腔积血,
绝大多数血胸是因穿透性或钝性胸部创伤引起,
血压逐步下降等低血容量休克症状等,
非创伤性血胸很少见,
血胸易并发气胸和血气胸,
Chlamydia Infections,
A74.9,
人感染衣原体后获得的特异性免疫力较弱,
抗体检测,
抗原检测,
易反复感染；清除不完全可造成持续感染,
核酸检测,
持续时间短,
由衣原体引起的疾病,
肺炎衣原体感染为咽痛,
肺炎衣原体感染（CP）,
衣原体感染症,
口服，一日1丸，一日2次,
外感咳嗽者忌服,
干咳痰粘,
气短喘咳,
用于肺气不足,
补肺益气,
Bufei Huoxue Jiaonang,
味微酸，苦,
口服，—次4粒，一日3次,
胶囊剂，内容物为棕褐色的细颗粒和粉末,
气微香,
QRS波变宽,
高钾血症,疾病
避免应用含钾饮食,
口服，一次5～6片，一日2次,
用于肺结核,
肺心病缓解期,
薄膜衣片，除去包衣后显棕褐色至黑褐色,
不规则发热,
表皮葡萄球菌感染,
气胸等,
Luohuazizhu Keli,
西吡氯铵0.2克,
去乙酰毛花苷,
成人一次2～4片，一日3次,
用温水溶解后服用，水温不宜超过60℃,
重症肌无力加重,
难辨梭菌相关腹泻,
用于阴虚咳嗽,
痰少而粘,
用于气虚阴亏所致的咳喘,
Dihydrocodeine Tartrate Tablets,
呼吸缓慢,
酒石酸双氢可待因,
口服，一次4~8粒，一日2次,
气芳香，味微苦,
胶囊剂，内容物为灰黄色的粉末,
肺结核咳血,
口服，周岁一次1片，二至三周岁一次2片，一日2次,
咳嗽喘促,
nocardiosis,
中年以后为多见,
A43,
A43.9,
内脏,
奴卡菌病,
巴西诺卡菌,
形式的诺卡菌病,
星形诺卡菌,
未特指的诺卡菌病,
男性约为女性的2倍,
特指形式诺卡菌病,
播散性奴卡菌病,
播散性诺卡菌病,
肺奴卡菌病,
肺诺卡菌病,
胃肠,
肾诺卡菌病,
皮肤诺卡菌病,
皮肤奴卡菌病,
豚鼠诺卡菌,
脑诺卡菌病,
对喹诺酮类药物过敏者及本品过敏者禁用,
对喹诺酮类药物有过敏史的病人禁用,
恶梦,
血清氨基转移酶,
拟交感神经药的单方制剂,
白细胞数减少,
药品性状发生改变时禁止使用,
黄红色至棕红色的澄明液体,
BO17708,
E2100,
一次40μg，一日三次,
贝前列素钠,
化痰止咳平喘,
气芳香，味苦、微甘,
温肺散寒,
胶囊剂，内容物为棕色至棕褐色的粉末,
用于寒哮证,
Beijiezhike Tangjiang,
口服，一次9克，一日2次,
贝桔止咳成方平贝母,
润肺化痰止咳,
用于阴虚肺燥,
痰少而粘之症,
风寒咳嗽所致痰多、白沫患者忌服,
梨膏,
贝母梨成方川贝母,
咳嗽呛急,
对于肺肾阴虚，虚火上炎之咳嗽，则非所宜,
祛痰剂—润燥化痰剂,
口服，一次2～5毫升，一日3次,
AmbroxolHydrochlorideOralSolution,
白色或淡黄色片,
赖氨酸茶碱,
口咽疼痛/不适,
复视,
感觉过敏,
神经痛,
腹部压痛,
舌痛,
闪光感,
鼻咽炎,疾病
CisatracuriumBesylateInjection,
重组人粒细胞刺激因子,
胸痛（2.3%）,
肺热亢盛,
细菌的混合感染,
碘化油,
足分枝菌病,
胸痛及气短等,
身体其他部位的恶性肿瘤转移而来,
20日为一疗程,
棕黄色至棕褐色的颗粒，味微甜、微苦,
鼻烧灼或干燥,
剥脱性皮疹,
液体潴留,
肺高压（5%）,
Oxymetazoline Hydrochloride Spray,
盐酸羟甲唑啉5毫克,
盐酸羟甲唑啉喷雾剂,西药
乏氧性缺氧等,
呼吸加深加快,
呼吸神经综合征,
呼吸性碱中毒综合征,
高通气综合征,
allergic bronchopulmonary aspergillosis,
固定的气流阻塞,
变应性支气管肺曲霉病,
尤其是烟曲霉,
对曲霉菌高度过敏,
胸痛和咳出棕色痰栓等,
J67.9,
hypersensitivitypneumonitis,
外源性过敏性肺泡炎,
影像学,
指趾末端发绀等,
胸痛及缺氧,
J30.4,
变应性鼻炎,
脱敏疗法,
血清特异性IgE检测,
避免接触变应原,
阵发性喷嚏,
白细胞计数下降,
重组人干扰素 α1b,
急性呼吸道感染,
用于肺内感染,
Lianhua Qingwen Pian,
广藿香,中草药
贯众,中草药
Lian hua Qing wen Ke li,
密封，置阴凉干燥处（不超过20℃）,
棕黄色至深褐色颗粒，味微苦，气微香,
口服，一次2片，一日3次，儿童酌减,
气微，味微咸、苦,
薄膜衣片，除去薄膜衣后，显棕色,
蒲公英浸膏,
口服，一次2粒，一日3次，小儿酌减,
气微，味咸苦,
复发性化脓性呼吸道感染,
试验前3天应停用皮质类固醇激素或其他免疫抑制剂,
相当于5mg噻吗洛尔,
部分有程度不同的鼻窦与呼吸道感染；哮喘,
某些职业如石油,
石棉等产业工人患病率高,
用于喘咳痰多,
Tongxuan Lifei Wan,
TgngxuanLifeiPian,
Tongxuan Lifei Pian,
宣肺止嗽,
口服，一次4片，一日2～3次,
用于风寒感冒所致的咳嗽,
薄膜衣每片重0.3克,
Tongxuan Lifei Jiaonang,
通宣理肺成方紫苏叶,
每瓶装60克,
Tongxuan Lifei Keli,
发热恶寒,
开水冲服，一次1块，一日2次,
每块重9克,
解表散寒,
药物过敏反应,
全身过敏反应,
呋塞米,
味觉和嗅觉异常,
不推荐儿童、孕妇及哺乳期妇女使用本品,
不宜用于多痰患者,
大剂量可能兴奋呼吸，引起支气管痉挛,
每次15—30mg，一日2—3次，剧咳可用至每次60mg,
用药7天，症状未缓解，应立即就医,
富马酸卢帕他定,
Babington病,
Goldstein综合征,
遗传性出血性毛细血管扩张症,
青中年,
呼吸抑制和气道阻塞性疾病患者，哮喘发作时,
酒石酸二氢可待因,
鼻刺激,
不能同时服用含有与本品成分相似的其他抗感冒药,
成人和12岁以上儿童，一次1~2片，每6小时服1次,
Compound Pseudoephedrine Hydrochloride Capsules,
氢溴酸右美沙芬7.5毫克,
马来酸氯苯那敏4mg,
偶见皮疹、药物热及其他变态反应,
不能口服砜类药物者,
剥脱性皮炎；背,
乙酰唑胺,
嗜伊红细胞增多症,
有机酸类/糖皮质激素类,
Dexamethasone Acetate Tablets,
0.75mg,
主要成分为地塞米松,
皮质激素类,
0.3毫克,
Dexamethasone Acetate Adhesive Tablets,
孕妇、哺乳期妇女、儿童慎用,
醋酸地塞米松0.3毫克,
5ml：50mg,
Triamcinolone Acetonide Acetate Injection,
5ml∶125mg,
醋酸氢化可的松,
Prednisone Acelate Tablets,
其他肾上腺皮质激素类药物的病症,
醋酸泼尼松,
5ml：0.125g,
Prednisolone Acetate Injection,
肌注或关节腔注射：一日10～40mg，必要时可加量,
Cu Suan Po Ni Song Long Pian,
Prednisolone Acetate Tablets,
吞咽困难及肺纤维化,
Overlap Syndrome,
环境因素和遗传背景等,
重叠结缔组织病,
过度换气综合征,
SARS冠状病毒感染,
严重急性呼吸道综合征[SARS],
U04.9,
传染性非典型肺炎,
SARS,
严重急性呼吸道综合征,
U04,
severe acute respiratory syndrome,
未特指的严重急性呼吸道综合征,
近距离飞沫传播或接触患者呼吸道分泌物传播,
糖皮质激素的应用,
细胞培养分离病毒,
抗菌药物的应用,
非典型肺炎,
1×10[sup]12[/sup]VP/支/小盒,
—20℃以下保存和运输,
5.0×1011vp/0.5ml/支,
粘膜病变8%,
超敏,
重组人干扰素,
无色透明液体，无肉眼可见不溶物,
重组人干扰素α 2a,
一过性低热,
对干扰素过敏史者慎用,
2—8℃避光保存及运输,
透明液体，无肉眼可见不溶物,
有175个氨基酸残基的蛋白质,
ENDOSTAR,
于2～8℃避光保存和运输,
国药准字S20050088,
治疗初治或复治的III/IV期非小细胞肺癌患者,
生物制剂,
晚期非小细胞肺癌,
肾功能不全者慎用,
过敏体质或对蛋白类生物制品有过敏史者慎用,
静脉给药,
本品含苯甲醇，禁止用于儿童肌肉注射,
肺热咳血,
用于肺结核咯血,
清热解毒/化痰平喘,
用于风温肺热病热在肺卫证,
甘草酸单胺盐,
气微，味甘、微苦,
一次2～4粒，一日2次,
声带肥厚等属于痰湿内阻,
胶囊剂，内容物为棕褐色的颗粒和粉末,
不适用于外感风寒所致的咽喉痛、声音嘶哑者,
硬胶囊，内容物为棕褐色的颗粒及粉末,
不适用于外感风邪所致的咽喉痛、声音嘶哑者,
Jinfukang Koufuye,
石见穿,
外感风热证,
咳嗽咯痰,
辛凉解表/清热解毒/疏散外风,
清热解毒/清热止咳,
Jinshuibao Pian,
属于肺肾两虚,
补肾保肺,
Jinshuibao Jiaonang,
硬胶囊，内容物为黄棕色至浅棕褐色的粉末,
咳喘痰多,
开水冲服，每次1袋，一日3次,
Cefonicid Sodium for Injection,
咳逆喘急,
一次1袋，一日2次，连服3~5日，或遵医嘱,
对本品或处方其中成份过敏者禁用,
淡棕色至棕色颗粒，气清香,
15—45g,
15～45g，用水或黄酒隔水密闭炖服,
用于肺痈吐脓,
野荞麦,
口服，一次4—5片，一日3次,
薄膜衣片，除去包衣后显褐色,
胶囊剂，内容物为淡棕红色至红褐色粉末及颗粒,
气微，味涩,
Jinlian Qingre Keli,
密闭，置阴凉干燥处（不超过20℃）,
棕色颗粒,
金莲花,
口服，一次3—4片，一日3次,
口服，一次4粒，一日2～3次,
Jinlianhua Keli,
有高过敏体质者慎用,
一次3粒，一日3次，或遵医嘱,
42日为一疗程,
气微，味苦、辛、麻,
硬胶囊，内容物为棕黄色的粉末,
饭后用温开水送服,
口服，一次7克，一日3次,
每袋装7克,
适用于肺脓肿,
含化，一次1～2片，一日3～4次,
staphylococcus aureus pneumonia,
可有血丝痰等,
体温高达39～40℃,
外周血血常规,
由金黄色葡萄球菌引起的,
脓性痰,
痛感，支气管痉挛,
流感伤寒型钩端螺旋体病,
肺弥漫性出血型的治疗,
肺弥漫性出血,
钩端螺旋体病肺出血型,
中枢神经系统损害,
接触带菌的野生动物和家畜,
早期（感染毒血症期）,
甚至死亡,
致病性钩端螺旋体感染引起,
肺大出血,
轻者似感冒；重者有明显肝,
鼠类和猪为主要传染源,
逐渐增多的干,
肾,
适用于气阴两虚所致的干咳,
润肺利咽,
用于肺热津伤的咽干口燥,
beryllium poisoning,
慢性铍病,
或烟尘,
急性铍病,
J63.2,
心率和呼吸增快等,
由呼吸道吸入,
急性哮鸣、胸闷和呼吸短促,
无机粉尘引起的肺尘埃沉着病,
职业性接触铍的粉尘或烟雾,
胸钝痛,
铍矿冶炼制造铍合金时可产生铰及其化合物粉尘,
阵发性剧咳,
绿脓假单胞菌,
有过敏史者禁用,
免疫功能低下或重症监护,
体温波动大,
咳脓痰；严重者呼吸困难,
死亡率较高,
肾功不全等,
有基础疾病,
机械通气患者,
甚至神志模糊,
肺部湿啰音,
铜绿色假单胞菌感染所致,
重症患者可出现菌血症,
风热之邪所致的咳嗽,
"aluminosis,aluminum pneumoconiosis",
J63.0,
晚期合并,
咽部慢性充血,
长期吸入金属铝粉或氧化铝粉尘,
用药后出现过敏反应者应立即停药并及时救治,
有出血倾向者慎用,
现有的临床试验支持仅14天用药的安全性,
药品应在有抢救条件的医疗机构使用,
肺虚咳喘,
有银杏叶提取物17. 5mg,
每支含银杏总黄酮9.0～11.0mg,
每5ml（支）含银杏总黄酮4.5~5.5mg,
Yinqiao Shangfeng Jiaonang,
每粒装0.2克,
婴幼儿及孕妇禁用,
淡棕色至棕黄色的颗粒，味甜,
】金银花,
婴幼儿应在医师指导下服用,
楷杷叶,
适用于小儿痰多而稠,
Yinhuang qingfei jiaonang,
7天为一疗程,
北葶苈子,
口服，每次3粒，一日3次,
每粒装0.15g,
胶囊剂，内容物为褐色颗粒，味苦,
口服，一次2～4片，一日4次,
呼吸道或皮肤感染史,
支持对症疗法,
肺病。皮疹,
antimonosis,
气短乏力,
hamartoma,
不同部位的错构瘤可引起不同症状,
不明,
声音变粗,
普外科,
继发于气道阻塞的反复感染,
最佳显像时间为注射后60～90分钟内进行,
肺动脉高压患者及肺血管床极度损伤者慎用,
tin pneumoconiosis,
J63.5,
便秘等,
合并感染常见,
炼锡工人,
长期吸入含有二氧化锡的气溶胶,
炼锡工人在冶炼过程中,
儿童应在医师指导下服用,
每片重0.8克,
口服，一次0.65g～1.3g，一日3次,
每瓶装0.65g,
气芳香，味甜、微苦,
棕黄色至黄棕色滴丸,
桔梗酊,
Zhenkening Tangjiang,
味甜、略苦,
吸入镉烟尘或镉化合物粉尘；吸烟等,
吸入镍及其盐类的粉尘,
其后损害可融合为肉芽肿,
盐酸戊乙奎醚,
严重肝功能不全,
对本品或其它氟喹诺酮类药物过敏者禁用,
本品静脉滴时间应不少于60分钟,
门冬氨酸,
静脉滴注，成人每次0.2g，每日二次，或遵医嘱,
Lomefloxacin Aspartate Injection,
对本品或其它喹诺酮类药物过敏者禁用,
微黄色或微黄绿色的澄明液体,
伤侧胸部叩诊呈过清音,
closed pneumothorax,
影响呼吸和循环功能较小,
听诊呼吸音减弱或消失,
肺萎陷大于50%,
J93.1,
肺萎陷在20%以下者,
病人出现胸闷,
肺部肿瘤,
胸痛和气促等,
肺囊性纤维化等,
喘憋症状突然加重,
因反复雾化吸入异丙肾上腺素可致支气管黏膜肿胀,
呼吸减慢至停止,
locked lung syndrome,
轻症的处理,
管腔狭窄等引起,
重度发绀,
ILD,
双下肺吸气末捻发音或湿啰音,
弥漫性肺疾病,
渐进性劳力性气促,
胸片示双肺弥漫性网格状影,
OSAHS,
obstructive sleep apnea hypopnea syndrome,
中年肥胖男性,
下颌弓狭窄等,
性格变化和其他系统并发症,
G47.3,
扁桃体肥大,
睡眠中发生呼吸暂停,
白天嗜睡,
鼻中隔弯曲,疾病
≤4天,
重症鼾病,
PSG检查,
≤6天,
软腭过长,
入院后4天,
全身麻醉,
反复呼吸暂停,
一般情况良好，咽部无感染征象,
悬雍垂肥大或过长,
可伴有白天嗜睡,
符合阻塞性睡眠呼吸暂停综合症,
扁桃体肥大和/或腭部狭窄为主,
口咽腔部黏膜组织肥厚致咽腔狭小,
睡眠时打鼾,
阻塞平面主要位于口咽部,
软腭过低过长,
没有需要住院处理的并发症,
纤维内镜检查,
蛋白酶—抗蛋白酶平衡失调,
口服：成人和12岁以上儿童每次8mg，每日2次,
多种炎症细胞和气道结构细胞,
鼻炎哮喘发作,
阿司匹林耐受不良三联征,
还可伴有荨麻疹,
呼吸：呼吸急促,
呼吸深快,
严重者可出现休克,
因上感,
痛经而服用阿司匹林,
腹泻等,
有鼻炎,
颜面及胸部皮肤潮红,
鼻黏膜肥厚的病史,
A Qi Mei Su Fen San Pian,
Azithromycin Disperslble Tablets,
口服常释剂型、缓释控释为国家医保药物,
非处方药； 国家基本用药,
Aqimeisu Ganhunxuanji,
12个月,
本品每次滴注时间不少于60分钟,
流感嗜血菌,
遮光密闭，在阴凉处（20℃以下）保存,
敏感致病菌株所引起的下列感染：1,
由肺炎衣原体,
0.5g：24个月,
主要成份：阿奇霉素,
敏感细菌所引起的下列感染：支气管炎,
肺炎等下呼吸道感染,
荨麻真,
Azithromycin Syrup,
Azithromycin Enteric Capsules,
Azithromycin Enteric—coated Capsules,
Azithroaycin Capsules,
H20059216,
胶囊剂，内容物为白色或类白色结晶性粉末,
卡拉摩拉菌,
敏感致病菌株所引起的下列感染：1．由肺炎衣原体,
避光，在阴凉处保存,
国家基本用药； 口服常释剂型，栓剂为国家医保药物,
血小板计数减少,
Azithromycin Granules（II）,
还原型谷胱甘肽钠,
还原型谷胱甘肽,
Compound Platycodon Tablets,
慢性支气管炎等有痰的咳嗽,
每次1～2片，一日3次,
桔梗粉90mg,
淡棕色片,
Arbidol Tablets,
每片含阿片粉30mg,
阿片粉30mg,
AL—P上升,
呼吸深慢,
Almitrine and Raubasine Tablets,
咳巧克力色痰,
肺阿米巴病[阿米巴肺脓肿],
阿莫西林三水合物,
Amoxicillin and Clavulanate Poiassium Tablets,
Amoxicillin and Clavulanate Potassium Tablets,
Amoxicillin and Clavulanate Potassiumtablets,
克拉维酸钾以克拉维酸计0.057g,
克拉维酸钾（按C8H9NO5计）分别为0.875g,
克拉维酸钾的比例为7：1,
阿莫西林0.250g,
阿莫西林0.25克,
阿莫西林0.4g,
阿莫西林（按C16H19N3O5S计）,
对本品及青霉素过敏患者禁用,
敏感菌引起的各种感染,
类白色或淡黄色片，气芳香，味甜,
阿莫西林克拉维酸钾,
Amoxicillin And Clavulanate Potassium Tablets（4：1）,
对青霉素类药物过敏者或肝功能不全患者禁用,
两者之比为8：1,
克拉维酸0.03125g,
阿莫西林按C16H19N3O5S计算0.25g,
克拉维酸0.375克,
克拉维酸28.5mg,
克拉维酸钾以克拉维酸计0.0285g,
阿莫西林0.2g,
阿莫西林1.50克,
阿莫西林200mg,
阿莫西林125mg克拉维酸31.25mg,
每片含阿莫西林875mg,
克拉维酸31.25mg,
每粒含阿莫西林125mg,
羟氨苄青霉素、克拉维酸钾,
胶囊剂，内容物为微黄色粉末,
Amoxicillin and Clavulanate Potassium Granules,
两者之比为4：1,
阿莫西林125mg,
克拉维酸43mg,
阿莫西林600mg,
Amoxicillin Dispersible Tablets,
以C16H19N3O5S计0.25g,
对青霉素过敏或青霉素皮肤试验阳性反应者禁用,
疗程较长患者应检查肝、肾功能和血常规,
Amoxicillin and Dicloxacillin Sodium Capsules,
Amoxicillin and Dicloxocillin Sodium Capsules,
对本品敏感的多种细菌引起的感染,
双氯西林0.125g,
灰/黄色0号胶囊，内含白色或类白色颗粒状粉末,
Amoxicillin Orally Disintegrating Tablets,
AmoxicillinChewableTablets,
Amoxicillin Tablets,
AmoxiciUin Capsules,
Amoxicllin Capsules,
Amoxioillin Capsules,
Amoicillin Capsules,
Amoxicill Capsules,
Amoxicillin Capsules,
通用名称：阿莫西林胶囊英文名称：Amoicillin Capsules,
Amoxicillin and Pivoxil Sulbactan Tablets,
Amoxicillin and Sulbactam Pivoxil Tablets,
对青霉素类或头孢菌类药物过敏者禁用,
桔黄色片,
舒巴坦匹酯,
舒巴坦匹酯以舒巴坦计0.25g,
Amoxicillin Sulbactam Pivoxil Capsules,
替青威,
本品内容物为类白色颗粒和粉末,
"阿莫西林,舒巴坦匹酯",
Amoxicillin Granules,
敏感菌（不产β—内酰胺酶菌株）所致的下列感染,
青霉素过敏及青霉素皮肤试验阳性反应者禁用,
100ml：阿魏酸钠0.1g与氯化钠0.9g,
无色至微黄色澄明液体,
如发生不良反应，请告知医生,
本品必须用足够量的输液稀释，并立即使用,
遮光、密封，在10℃以下保存,
口服，一次2丸，一日2次,
B45,
cryptococcosis,
临床表现可分为肺隐球菌病,
B45.9,
传染病科,
新生隐球菌是本病惟一病原菌,
新型隐球菌肺炎,
特指形式隐球菌病,
形式的隐球菌病,
大脑隐球菌病,
播散性隐球菌病,
未特指的隐球菌病,
皮肤隐球菌病,
新型隐球菌脑膜炎,
经肺入侵而感染人体,
眼新型隐球菌病,
艾滋病易患本病,
长期使用免疫抑制剂或糖皮质激素等患者,
隐球菌脑炎,
隐球菌脑膜炎,
骨隐球菌病,
开水冲服，一次9～15克，一日2～3次,
润燥止咳,
用于干咳,
咽干声嘶,
温开水调服，一次10～20毫升，一日2～3次,
注射部分不适,
Qingguo Zhisou Wan,
证见痰热咳嗽,
青霉素V钾,
哮喘及喉头水肿等,
Penicillin for Skin Test,
static imaging,
含微量IgA和IgM,
对人免疫球蛋白过敏或有其他严重过敏史者,
临床营养支持,
一般实验室检查,
特异性病原学检测,
恢复期患者的追踪和处理,
SARS后综合征,
监护与一般治疗,
预防和治疗继发感染,
弥漫性肺间质纤维化等,
弥漫性肺间质纤维化,
1级,
2级,
0级,
3级,
4级,
FBC,
5级,
PET,
AVM,
带血痰,
戒烟者,
生存,
胸腔镜,
胸腺癌,疾病
膈神经,
臂丛,
铂类,
食道,
CRP反应阳性,
NSIP,
non—specific interstitial pneumonia,
双下肺爆裂音,
白细胞计数增高,
渐进性呼吸困难和咳嗽,
血沉增快,
可伴发,
偶然分枝杆菌,
堪萨斯分枝杆菌,
NTM肺病,
戈登分枝杆菌,
溃疡分枝杆菌,
日内瓦分枝杆菌,
海分枝杆菌,
玛尔摩分枝杆菌,
猿猴分枝杆菌,
脓肿分枝杆菌,
苏加,
隐秘分枝杆菌,
鸟胞内复合体分枝杆菌,
non—tuberculous mycobacteriosis,
由人,
上下呼吸道,
30～50岁,
Wegener granulomatosis,
典型的患者具有上呼吸道,
出血性疱疹,
流脓涕,
本病主要的并发症是金黄色,
男女均可发生,
结痂,
皮肤等脏器,
肺及肾脏病变三联症状,
肠道黏膜发生大小,
注意力不集中,
烦躁不安和震颤1,
Shun gas phlegm sheet,
以及支气管炎见以上症状者,
口服，一次4片，一日3次，小儿酌减；或遵医嘱,
每片重0.27g,
顺气化痰,
口服，一次6g，一日2次，饭后开水冲服；或遵医嘱,
松塔（松实）,
浅棕色至棕色的颗粒,
急慢性气管炎咳嗽多痰,
胸闷气急,
2—8℃避光保存，不宜冷冻,
无色至浅黄色或黄色的澄明液体,
Cisplatin and sodium Chloride Injection,
50mg/50ml/瓶,
Cisplatin for Injection,
初期咳嗽,
天哮呛,
时气嗽,
时行嗽,
咳嗽渐加重；中期嗽起连连,
呕吐涎沫；后期顿呛减轻,
时行顿呛,
顿咳,
致为风寒湿热之邪所袭；肺气不清,
口服，一次3克，一日3次,
口服，10粒/日，早3粒，中4粒，晚3粒，一日3次,
每粒装0.32克,
依维莫司,
急性哮喘,
food—induced asthma,
摄入某种食物而诱发,
已知有本品或何首乌肝损伤家族史的患者慎用,
盐酸左氧氟沙星注射液与香丹注射液存在配伍禁忌,
免疫缺陷或免疫功能抑制者,
坏死性丘疹,
皮下结节或脓肿等,
马尔尼菲青霉菌感染所致,
马来酸伊索拉定,
吗替麦考酚酯,
Job综合征,
high altitude reaction,
低压低氧环境和人体的适应力不相符,
发病地区的海拔高度,
急性高原反应,
慢性高原反应是急,
T70.2,
气压和水压的效应,
慢性高原反应,
胸闷胸痛,
高原病,
高山病,
唇绀,
降低肺动脉压,
慢性低压性缺氧,
移居高原人群,
high altitude pulmonary edema,
胸部压塞感,
乏力或活动能力减低,
咳白色或粉红色泡沫痰,
高海拔或高原地区,
肺部有大,
全身不适等,
多脏器功能衰竭,
对症支持治疗,
抗流感病毒治疗,
外周血象及骨髓象,
病毒抗原及基因检测,
禽类流行性感冒病毒感染,
隔离,
偶见过敏反应,
如出现不良反应，遵医嘱,
对本品有过敏或严重不良反应病史者禁用,
本品不宜与其它药物在同一容器内混合使用,
用于肺脓疡,
鱼腥草成方 鲜鱼腥草,
Sodium Houttuyfonate Tablets,
60mg,
口服，一次60～90mg，一日3次,
抗微生物药,
本品尚未有儿童、孕妇使用的临床研究资料,
热毒内盛所致的发热咳嗽,
用于风热犯肺,
病毒性肺炎见上述证候者,
皮疹。偶见胸闷,
中分化,
乳头型,
低分化,
冷冻,
SCC,
变形,
后壁,
小,
头部,
小细胞,
外生性,
头颈部,
焦油,
烟酰胺,
电烧,
瘢痕,疾病
疣状癌,疾病
白种人,
砷,
肿物,
腐蚀,
金属盐,
饮酒,
骨骼,
高分化,
燥咳痰粘,
用于肺热喘咳,
豆磷脂,
精制鸦胆子油,
psittacosis,
A70,
人鸟接触传播,
咳嗽和肺部浸润性病变,
恶寒,
玩赏鹦鹉者,
鹦鹉热衣原体所引起,
鸟热,
喘咳劳热,
用于肺肾阴亏,
滋肾养肺,
胸腔积液的产生,
Meleumycin Tablets,
对本品及大环内酯类药物过敏者禁用,
支原体性肺炎,
麦白霉素,
Meleumycin Capsules,
麦迪霉素A1,
白色或类白色结晶性粉末或颗粒,
180mg和360mg,
成人一日0.8～1.2g，小儿按体重一日30～40mg/kg,
肺炎球菌等所致的呼吸道感染,
分3～4次服用,
咳唾涎沫,
清养肺胃,
虚热肺痿,
开水冲服，一次5克，一日2次,
用于咳嗽喘息,
Maxing ZhiKe Pian,
味微甜,
慢性支气管炎及喘息,
棕褐色圆形薄膜衣片，除去包衣显黄棕色至灰褐色,
薄膜衣每片重0.26克,
Maxing Zhike Tangjiang,
麻杏止咳成方 麻黄,
口服，一次5克，一日3次,
口服，一次3粒，一日3次，或遵医嘱,
用于支气管炎咳嗽及喘息,
咳逆气急,
压者忌用,
密封，置阴凉处,
装0.55g,
软胶囊剂，内容物为棕褐色油状物，气香，味甘苦,
《伤寒论》,
辛凉宣肺,
解表剂—辛凉解表,
辛凉宣泄,
邪热壅肺证,
风寒咳喘，痰热壅盛者，不宜使用,
加强支持治疗，必要时给予丙种球蛋白静注,
10—14天,
抗病毒治疗，必要时加用抗生素治疗,
X线胸片提示肺部炎症吸收好转,
呼吸道隔离至出疹后10天,
体温正常，咳嗽减轻，精神好转,
氧疗：鼻导管、面罩，必要时人工机械通气治疗,
雾化吸入疗法,
肺部体征减轻,
B05.201↑J17.101*,
免疫力低下者,
体弱,
发绀；肺部干湿啰音,
麻疹病毒感染引起,
高热持续不退,
Maqin cough syrup,
肺气不宣所致的咳嗽,
肺气逆满,
无汗而喘,
喘急气闷,
呕吐等中毒症状,
少动,
神态萎靡,
黄杆菌感染引起,
口服，一次1～2片，一日3～4次,
禁止使用静脉推注的方法给药,
胸闷。3,
口服，每次1袋，一日3次,
Huangqi Shengmai Keli,
中医镇咳祛痰,
Huangying Kechuan Tangjiang,
黄英咳喘成方麻黄,
口服，一次1.2克，一日3次,
Huanglong Cough Capsules,
偶见荨麻疹型药疹,
痰热郁肺之咳嗽,
适用于肺肾气虚,
mucinous carcinoma,
胶样癌,
mucinous adenocarcinoma,
M84800/3,
组织病理学,
饮食和生活方式等,
免疫表型,
平均年龄约45岁女性,
M84300/3,
mucoepidermoidtumor,
黏液表皮样肿瘤,
严格隔离,
血凝试验,
阵发性或持续性咳嗽,
Biyanling Pian,
J33.9,
J33,
中鼻道,
嗜酸性粒细胞性炎症,
交替性鼻塞,
可出现严重呼吸困难和发绀,
咳黏痰或脓痰,
表现为反复发作性咳嗽,
由感染所致,
鼻旁窦—鼻—支气管综合征；鼻旁窦—肺综合征,
流清或脓性鼻涕,
气微香，味辛、微苦,
人因接触感染鼻疽假单胞菌的马,
全身肌痛,
四肢关节酸痛等,
急性鼻疽,
骡,
通过与病马类接触而传播,
驴等病畜而致,
呼吸道硬结病,
原发性纤毛运动障碍,
吸气时鼻腔阻塞,
Imipenem And Cilastatin Sodium For Injection,
口服，一次1～2粒，一日2～3次,
木通,中草药
链球菌和葡萄球菌作为分类于章疾病的原因,
呼吸频率增快,
肋间凹陷,
胸部疼痛,
全血细胞计数,
炎症标志物,
革兰氏染色,
孪生同胞曾发生B族链球菌感染,
头孢唑林,
头孢噻肟,
联用庆大霉素与β—内酰胺药物,
头孢曲松,
靶向抗生素,
心肺支持,
供氧,
联用氨苄西林与庆大霉素,
预防性抗生素治疗,
气管插管,
误吸风险,
耶氏肺孢子菌肺炎,
单侧喘息,
呼气受限,
上皮网状基底膜加厚,
呼吸肌收缩,
吸入性喘鸣,
湿性咳嗽伴随喘息,
气道慢性结构改变,
正常或显示过度通气,
中度、重度急性发作,
反复咳嗽发作,
偶尔闻及喘息,
令人烦恼的咳嗽,
FEV1或FVC水平增加,
发作哮鸣,
呼吸功能负荷增加,
喘息发作,
呼吸减弱,
血清嗜酸粒细胞比例超过4%,
胸壁听诊可闻及广泛多音调的喘鸣音,
清晨或晚上干咳,
每周不少于3天出现日间症状,
每周超过1晚出现夜间症状,
频繁喘息发作,
间断喘息和咳嗽,
行为改变,
辅助呼吸肌,
FeNO测定,
纤毛检查,
哮喘急性发作,
汗液检查,
哮喘治疗中心,
呼吸道病毒感染,
哮喘病史,
房屋尘螨,
支气管热成形术,
胸部X线片检查,
暴露于化学物质,
屋尘螨和食物过敏原,
哮喘家族史,
可逆性气道阻塞病史,
温度变化,
烟草烟雾,
持续性哮喘,
早期一过性喘息,
晚发性喘息,
不频发间歇哮喘,
运动性哮喘,
频发间歇哮喘,
间歇性哮喘,
β2受体激动剂,
哮喘表型,
含氯氟烃的定量吸入剂,
二丙酸倍氯米松,
倍氯米松,
吸入倍氯米松,
吸入性沙美特罗,
吸入布地奈德,
吸入左沙丁胺醇,
口服皮质类固醇,
吸入支气管扩张剂,
吸入性皮质类固醇,
吸入性色甘酸钠,
吸入噻托溴铵,
吸入氟替卡松,
吸入沙丁胺醇,
吸入性奈多罗米,
吸入皮质类固醇,
IVIG,
吸入灭活的草分枝杆菌,
吸入莫米松,
吸入环索奈德,
新型 ICS 药物,
奥马珠单抗,
奈多罗米,
新型长效 β-2 受体激动剂,
氟替卡松,
环索奈徳,
扎鲁司特,
短效β受体激动剂,
沙美特罗,
糠酸氟替卡松,
皮质类固醇加长效受体拮抗剂,
细胞因子拮抗剂,
皮质类固醇备用剂,
美泊利单抗,
皮质类固醇加白三烯受体拮抗剂,
药物基因学,
维兰特罗,
长效 β-2 受体激动剂,
硫唑嘌呤,
气道激发试验,
最大呼气峰流速,
PEFR,
肿瘤坏死因子-α拮抗剂,
运动激发试验,
免疫球蛋白静脉注射,
肺功能支气管舒张试验,
体力活动,
室内环境控制,
减少粉尘螨措施,
舌下免疫疗法,
控制宠物过敏原,
体育锻炼,
并存的胃食管反流管理,
湿度控制,
皮下免疫疗法,
洞穴疗法,
基于家庭的综合性干预,
声带功能障碍,
使用静电消除器,
特应性皮炎,疾病
限制口咽部沉积,
生理性劳力性呼吸困难,
避免局部不良反应,
急性发作,
迁延性细菌性支气管炎,
减少暴露于烟草烟雾,
减少暴露于过敏原,
疫苗接种,
哮喘控制的症状评估,
病毒诱发喘息,
肺功能测试,
气道超敏反应异常,
环境烟草烟雾,
胎内和产后接触烟草烟雾,
血清嗜酸粒细胞增高,
阻塞性睡眠呼吸暂停,
发作时活动受限,
中性粒细胞升高,
过敏原阳性,
明显的哮鸣,
发作时间短,
急性加重频繁,
间歇性气道阻塞,
局限于一侧肺部的哮鸣音,
发作间无症状且 PEFR 正常,
持续性气短,
呼气相哮鸣音,
伴有呼气末附加音,
FEV1/FVC 比值,
空气吸入困难,
阵发性呼吸暂停,
夜间症状≤2次/月,
呼出气一氧化氮,
肋间和肋下肌肉收缩,
白天症状≤2次/周,
呼气流速峰值,
皮肤过敏原点刺试验,
直接激发试验,
痰嗜酸粒细胞检查,
联合 eNO 和痰嗜酸粒细胞检查,
间接激发试验,
过敏原特异性 IgE 免疫测定,
继发于 ICS 的发音障碍,
过敏原暴露,
支气管热成型术,
糖皮质激素抵抗型哮喘,
LABA,
Lebrikizumab,
Tralokinumab,
食品添加剂和化学品,
LTRA,
SABA,
奈多罗米钠,
benralizumab,
Dupilumab,
SASA,
支气管舒张剂,
氟尼缩松,
环索奈德,
甲基黄嘌呤类药物,
福莫特罗,
PEFR 检查,
FEV1,
辅助呼吸机,
鱼油补充剂,
抗过敏治疗,
双水平气道正压通气或插管,
避免刺激物,
环境控制策略,
ADAM33,
α-1 抗胰蛋白酶缺乏,
长期管理的阶梯治疗,
中度持续,
囊肿性纤维化,
普通变异型免疫缺陷病,
第 3 级-中度持续,
轻度间歇发作,
轻度持续,
第 2 级-轻度持续,
第 1 级-间歇发作与运动性哮喘,
重度持续,
过敏原接触,
接触烟草烟雾,
过敏性疾病史,
漂白剂等化学气体,
C32.9,
右侧室带及声带可见坏死溃疡样肿物,
喉部溃疡,
无咽痛性声嘶,
直接看到的喉肿物,
深吸气及呼气时可闻及轻度的喘鸣音,
累及杓会厌皱襞及左侧室带及声带,
累及会厌及杓会厌皱襞,
可屈性光导纤维喉镜,
硬质直接喉镜,
杓会厌皱襞病变,
纤维喉镜,
可屈性内窥镜,
声带下表面至声门下方区域,
杓状软骨,
吸烟人群,
杓会厌皱襞,
喉切除术,
正侧位胸片,
全喉切除术,
喉部分切除,
显微激光手术,
胸颈部CT,
声门下区黏膜的恶性肿瘤,
烟酒嗜好,
声门下喉,
声带不典型增生病史,
俯卧睡姿,
柔软的床面结合俯卧睡姿,
M80410/3,
中央型肿块,
喉返神经麻痹,
肺门淋巴结病,
直接的纵隔侵犯,
咯血、胸痛,
颈或胸/腹壁静脉扩张,
阻塞后肺炎,
颈部或锁骨上腺病,
局部神经功能障碍,
面部和上肢远端水肿,
姑息化疗,
术后化疗,
纵膈镜检查,
老年吸烟者,
同侧半胸,
肺功能试验,
骨髓抽吸,
化疗导致的血液学毒性,
急性/大量咯血,
支气管内肿瘤,
阻塞性肺炎/缺氧,
呕吐、脱发、疲乏,
放疗引起肺损咯血,
内镜超声,
正电子发射断层成像,
低剂量 CT,
梗阻性肺炎,
脑MRI检查,
胸部放疗,
外照射放疗,
短距离放疗,
预防性头颅照射,
氡气暴露,
CT引导下穿刺活检,
支气管活检,
胸腹CT,
穿刺活检,
可曲式支气管镜活检,
伊立替康,
CT引导下经胸壁针刺抽吸活检,
针吸活检,
吉西他滨,
头CT,
支气管镜活检,
泼尼松龙,
多柔比星,
骨髓抽吸和活检,
环磷酰胺,
长春新碱,
病史问询,
拓扑替康,
同侧半胸廓,
CT 引导下经胸细针穿刺,
感染性肉芽肿,
肺炎或支气管炎,
胸部湿啰音,
非胸部原发性肿瘤转移瘤,
甲状腺肿块,
杵状指和杵状趾,
生殖细胞肿瘤,疾病
渐进性劳力性呼吸困难,
非排痰性干咳,
类风湿性关节炎,疾病
细支气管炎伴机化性肺炎,
霍奇金淋巴瘤,疾病
胸腺瘤或胸腺癌,
非霍奇金淋巴瘤,疾病
支气管内窥镜检查,
痰涂片检测,
韦格纳氏肉芽肿病,
急性支气管炎或肺炎,
铍淋巴细胞增殖试验,
培养 TB和非典型分枝杆菌检测,
常规胸部X线检查,
高分辨率胸部CT扫描,
矿物或金属粉尘的吸入,
职业性暴露,
暴露于矿尘或金属,
二氧化硅、煤或铍的暴露史,
石墨尘肺,
急性矽肺病,
油页岩尘肺,
支气管镜活组织检查,
氧饱和度,
肺弥散功能,
肺量测定法,
胸部叩诊,
吸入二氧化硅,
职业和环境史,
喷砂使用煤渣,
药物或辐射诱发肺纤维化,
防止携带铍,
煤累积剂量高,
制造和安装石材,
暴露于二氧化硅、煤或铍,
陶瓷生产和加工,
地下煤炭开采,
水泥切割,
采石,
吸入高累积剂量铍,
采矿,
鼻后滴流,
流涕症状,
上呼吸道黏膜,
鼻黏膜水肿/红斑,
COPD 急性加重,
慢性阻塞性肺疾病病史,
既往肺炎病史,
偏肺病毒,
咽喉不适,
急性咽炎,疾病
急性鼻咽炎,疾病
急性梗阻性喉炎,
伪麻黄碱,
可待因和氢可酮,
减充血剂,
病毒检测,
鼻用异丙托溴铵,
阿片类镇咳药,
鼻用减充血剂,
季节性流行性感冒,
甲型禽流感病毒感染,
H1N1 流感,
戴口罩,
急性鼻窦炎,疾病
清除鼻分泌物,
肺炎急性发作,
远离人群密集的公共场所,
避免接触患者的鼻腔分泌物或痰液,
避免接触感染患者,
暴露于吸烟或其他呼吸道刺激物,
暴露于患病个体,
接触感染患者,
A型和 B型流感病毒,
胺碘酮相关的肺部毒性作用,
吸气不足,
下肢轻微凹陷性水肿,
双侧桶状胸,
气流运动减低,
缩唇呼吸,
粗湿罗音,
肋间隙回缩,
吸气减少,
夜间咳嗽,
辅助呼吸肌参与,
持续性缺氧,
睡眠中断导致疲乏症状,
复发性肺炎,
α1—抗胰蛋白酶水平,
胸部 CT 扫描,
职业暴露史,
肺脏病家族史,
肺量计筛查,
选择性支气管镜肺减容术,
乌美溴铵,
丙酸氟替卡松吸入剂,
吸入性倍氯米松,
吸入性奥达特罗,
全身性皮质类固醇,
吸入性格隆溴铵,
吸入性异丙托溴铵,
吸入性氟尼缩松,
吸入性噻托溴铵,
吸入性沙丁胺醇,
吸入性布地奈德,
吸入性福莫特罗,
吸入性茚达特罗,
吸入性芜地溴铵,
吸入性莫米松,
吸入性阿地溴铵,
支气管扩张剂,
奥达特罗,
格隆溴铵,
白三烯调节剂,
甲基泼尼松龙,
泰利霉素,
磷酸二酯酶—4抑制剂,
短效支气管扩张剂,
罗氟司特,
茚达特罗,
长效 β—2受体激动剂,
阿地溴铵,
减少危险因素暴露,
肿瘤坏死因子拮抗剂,
气道清除技术,
流感疫苗,
呼吸肌肉功能,
患者教育,
疾病评估,
呼吸肺活量测定法,
黏液溶解剂,
药物基因组治疗,
氧合测定,
脉搏血氧测定法,
辅助氧疗,
上气道功能障碍,
GOLD 1 — 轻度,
停止吸烟,
GOLD 2 — 中度,
保持健康,
接种肺炎球菌疫苗,
避免烟草暴露,
GOLD 3 — 重度,
避免有毒烟雾的环境暴露,
吸烟且有过此类暴露,
GOLD 4 — 极重度,
职业和环境危险因素,
慢性肺疾病个人或家族史,
年龄较大,
暴露于空气污染或职业暴露,
环境或职业暴露,
流感和肺炎疫苗接种,
醋酸倍他米松,
特指白喉,
"白喉,的",
播散性白喉,
未特指的白喉,
扁桃体白喉,
白喉性喉气管炎,
白喉性喉麻痹,
白喉性膜性喉炎,
呼气性喘鸣,
鼻咽白喉,
呼吸受损,
哮吼样咳嗽,
持续喉咙痛,
哮吼型咳嗽,
喘鸣和颈部肿胀,
哮吼性干咳,
15 岁以下儿童,
呼吸道黏膜,
未接种疫苗或未全程接种疫苗的人,
细菌学培养和显微镜检查,
复盖灰褐色膜的不愈合溃疡,
白喉棒状杆菌,
颈部软组织 X 线侧位片,
白喉性多发性神经病,
肌内注射青霉素,
口服红霉素,
静脉注射红霉素,
抗微生物药物治疗,
抗毒素治疗,
肌内注射苄星青霉素,
红霉素碱,
苄基青霉素,
预防性抗生素,
静脉或肌内注射青霉素,
气道保护加机械通气,
免疫接种史,
与患者接触史,
前往疫区旅行,
接触感染者,
接触含细菌的呼吸道飞沫,
卫生差、拥挤和贫困,
博德特杆菌属性百日咳,
特指博德特杆菌属性百日咳,
百日咳博德特杆菌性百日咳,
百日咳杆菌百日咳,
无症状携带者,
疫苗接种不完全的个体,
未接种疫苗或未全程接种,
副百日咳博德特杆菌性百日咳,
副百日咳杆菌百日咳,
百日咳肺不张,
百日咳肺炎,
吸气性哮咳声,
咳嗽后呕吐,
支气管败血性杆菌百日咳,
剧烈性咳嗽,
吸气性喘鸣,
肌肉疼痛、不适,
发热不常见或仅有低热,
窒息，仅有轻度咳嗽,
流泪、流涕、干咳等上呼吸道感染症状,
阵发性窒息、轻度咳嗽及其他呼吸道症状,
低热、疲劳和阵发性咳嗽,
百日咳脑病,
发展中国家,
吸气时鸡鸣音,
青少年和成人,
全血细胞分析,
血清学测定,
副百日咳博德特菌,
细菌学培养,
免疫低下的患者及小于1岁的婴幼儿,
鼻咽拭子法,
直接荧光抗体试验,
大环内酯,
甲氧嘧啶,
百日咳强化疫苗,
化学预防,
常规疫苗接种,
强化疫苗,
百白破疫苗,
接触感染病,
百日咳疫苗,
小于6个月的婴儿,
教师和保健工作者,
无或不完全的免疫接种,
呼吸道合胞体病毒感染,
医护人员,
肺叶切除,
楔形切除,
无色痰或血痰,
肺中低部区域浸润,
肺门或气管旁淋巴结病,
A16.2,
体质下降,
发热，淋巴结增大或胸腔积液增多,
印度尼西亚,
巴基斯坦,
呼吸道样本行核酸扩增试验检查,
HIV感染者,
DNA或RNA扩增试验,
出生于高发病率国家和地区的居民,
非洲区域,
接触高风险人群的医务人员,
肺结核患者接触者,
HIV检查,
干扰素释放试验,
核酸扩增试验,
核酸扩增试验检测,
基因分型,
抗酸染色涂片,
涂片或培养,
静脉毒品使用者,
痰细胞学,
组织活检,
结核菌培养,
结核分枝杆菌培养,
药物敏感性试验,
结核菌素皮内试验和干扰素释放试验,
广泛的肺组织破坏,
结核菌素皮试和干扰素 γ 释放试验,
X 线胸片检查,
右中叶综合征,
胸部外科手术,
放射科介入治疗（栓塞）,
支气管灌洗液或经支气管镜活检,
接触结核患者,
吸入含有结核分支杆菌的气溶胶,
胸管（管状胸廓造口术）,
结核病病史,
高分辨 CT,
结核病人的密切接触者,
PA-824,
近期去往结核流行地区,
由地理位置确定的亚群体,
丙硫异烟胺,
近期结核菌素皮试阳转,
普通人群结核患病率为千分之一或更高,
监狱和其他教养机构人员,
Xpert MTB/RIF,
乙胺丁醇,
德拉马尼,
抗结核药,
亚胺培南,
氨基水杨酸,
异烟肼和利福喷丁,
氯法齐明,
环丝氨酸,
维生素 B6,
直接监督疗法,
抗结核治疗,
机械通气支持,
球胞子菌病,
酵母菌病,
居家隔离或者在医院的负压病房,
非结核分支杆菌,
非监督治疗（自行服药治疗）,
HIV 感染,
避免接触儿童和免疫力功能低下人群,
患者居家隔离或者负压病房隔离,
免疫功能受损,
免疫抑制药物,
延误诊断,
避免接触非家庭成员以外的其他人,
ESRD,
高流行国家以及 HIV 高发地区,
免疫功能低下人群,
收容所居住和流浪者,
流浪者,
多年生活在亚洲、拉丁美洲、东欧或非洲,
社会经济地位低下,
有传染性结核患者接触史,
全身性皮质类固醇和 TNF-α 拮抗剂的使用,
PPD阳性,
每天饮酒3 次以上,
结核感染,
高风险的聚集场所,
M80460/3,
呼吸音及浊音减少,
发生于占位性肺炎或肺不张的捻发音,
局部神经障碍,
发生于潜在的慢性阻塞性肺病或支气管阻塞的哮鸣音,
肺胸膜积液,
胸部疼痛或不适,
胸痛或肩膀疼痛,
2个月持续性干咳,
继发于喉返神经麻痹的声音嘶哑,
骨痛或骨折,
后梗阻性肺炎,
痰中带血丝或血凝块,
颈部或胸部/腹壁静脉曲张,
感觉缺失,
在C8到T1分布区域疼痛,
颈部或锁骨上淋巴结肿大,
术前化疗,
克唑替尼与含铂双药化疗,
顺铂类化疗,
第七颈椎至第一胸椎区域感觉异常和/或疼痛,
全身性化疗,
第八颈椎到第一胸椎分布的区域感觉异常和/或疼痛,
同侧纵隔淋巴结,
同侧肺外部,
N2 淋巴结的 T3 和 T4 肿瘤,
同侧肺门淋巴结,
对侧、锁骨上或颈部淋巴结,
50岁以上的吸烟者,
臂神经丛,
年长的吸烟者,
臂丛神经,
喉返神经,
NSCLC,
BRAF检测,
荧光原位杂交,
间变性淋巴瘤激酶检测,
手指肥大性骨关节病,
副肿瘤综合征,
梗阻后肺炎,
肝功能检查,
包括碱性磷酸酶在内的肝功能试验,
霍纳氏综合征,
肥大性肺性骨关节病,
PET-CT,
侧位胸部X线,
基线CT,
多层CT,
增强CT,
内窥镜超声,
头部CT,
支气管内超声检查,
标准正位胸部X线,
窄带成像,
胸部X射线,
胸部X光片,
窄频成像,
胸廓入口MRI,
胸部成像,
随访CT,
脑部MRI或CT,
自体荧光,
右肺切除术,
肺袖状切除术,
胸腔镜手术,
胸廓切开术,
经皮射频消融,
胸壁切除术,
肺部炎症,
SABR,
粘液腺癌,
肉瘤样癌,
x线胸透,
普遍筛查肺癌,
低剂量螺旋CT筛查,
美国国家肺筛查试验,
淋巴结活检,
淋巴结穿刺,
CT引导下经胸细针穿刺活检,
纵隔淋巴结活检,
痰液细胞学,
CT引导下可对可疑的肺肿块行活检,
纵膈淋巴结取样,
活检钳活检,
指杵状变,
经支气管镜对病变部位和纵膈淋巴结的针吸活检,
经支气管镜穿刺,
经胸廓的活组织检查,
经胸廓的针吸活检,
胸膜活检诊断,
Durvalumab,
EGFR 酪氨酸激酶抑制剂,
Necitumumab,
Atezolizumab,
伊匹单抗,
厄洛替尼,
厄洛替尼与贝伐珠单抗的联合,
曲美替尼,
尼鲁单抗,
奥斯替尼,
派姆单抗,
色瑞替尼,
尼达尼布,
白蛋白结合型紫杉醇纳米微粒,
达拉非尼,
曲美木单抗,
贝伐单抗,
ROS1检测,
基线检测,
阿雷替尼,
阿法替尼,
程序化死亡-配体1检测,
东部肿瘤合作组功能状态评分,
会诊,
ALK 抑制剂治疗,
表皮生长因子受体突变检测,
EGFR 激酶抑制剂治疗,
体外放疗,
光动力治疗,
ROS1—导向治疗,
培美曲塞和顺铂联合治疗,
姑息性化疗,
分子靶向治疗,
补充疗法,
心理及精神干预与帮助的联合干预,
胸膜治疗,
靶向治疗,
激光减瘤,
姑息治疗,
近距离放疗,
支气管内治疗,
传染性肉芽肿,
动静脉畸形,
建议戒烟,
良性肿瘤,
IIIB期,
IIIA期,
慢性阻塞性肺病的存在,
暴露于烟草烟雾环境,
石棉接触,
接触烟草、氡气或石棉,
石棉纤维,
M80700/3,
局部淋巴结肿大,
圆顶状结节,
形状不规则,
可能的转移性皮损,
形状不对称,
易破溃出血,
易破溃及出血,
有时出血并愈合不良,
淡黄色或者红斑,
疣状结节,
疼痛或者瘙痒,
局部化学疗法,
角质形成细胞异型性,
常用化疗,
边界不清,
中央气道组织,
局部化疗,
部分丘疹增大变为结节,
边界可见不规则的轻微色素晕,
表面有鳞屑或者出血性痂皮,
肉色或红斑样薄斑块,
不影响美观部位,
影响美观的部位,
影响美观部位,
澳大利亚热带地区,
外周神经,
累及高风险区域,
免疫抑制的患者,
红染的部位,
赤道附近及南北8纬度到10纬度范围地区,
皮下脂肪,
年老的患者,
存在免疫抑制状态的患者,
日照强地区,
存在原发或者继发免疫功能异常的患者,
接受了电离辐射的患者,
器官移植后患者,
腐蚀的上皮,
针吸细胞分析,
铀矿工人,
白种人群,
暴露在高水平辐射的工人,
明显的瘢痕,
MRI扫描,
共聚焦显微镜,
无创性成像技术,
传统外科切除,
高频超声检查,
传统外科手术,
传统手术切除,
切除肿瘤,
简单切除,
Mos手术,
新生物或者不愈合的伤口的病史,
PTEN水平下调,
BRAF抑制剂,
整形手术,
免疫抑制状态是,
人乳头瘤病毒,
暴露于致癌物中,
基因异常的累积,
仅存在病毒感染,
焦油的长期暴露,
有机染料,
职业环境,
治疗环境,
侵袭性鳞状细胞癌,
侵袭性癌,
基底细胞样,
周期性筛查,
梭形细胞型,
定期筛查,
转移性鳞状细胞癌,
转移性（或进展性）鳞状细胞癌,
化学治疗药,
卡培他滨,
伏立诺他,
5-FU,
口服类维A酸,
咪喹莫特,
氟尿嘧啶,
干扰素α-2b,
表皮生长因子受体抑制剂,
BRAFV600E抑制剂,
肿瘤检测,
定期随访,
西妥昔单抗,
沃雷诺斯,
维生素A酸类药物,
维罗非尼,
不提倡进行室内紫外线照射,
肝脏转移,
冷冻和电干燥法,
一级预防,
口服、静脉用药、动脉用药,
严格避免日晒,
局部应用药物,
干扰素治疗,
放射线疗法,
早期检测和治疗,
局部破坏,
系统治疗,
维持疗法,
非手术破坏,
出现转移癌的患者则小于10%,
用电流来凝固创面并使之干燥,
免疫抑制状态,
生存率小于20%,
人乳头瘤病毒以及某些免疫抑制状态,
基底细胞癌,疾病
环境中毒素如砷和焦油,
砷或者焦油,
既往补骨脂素,
电离辐射暴露,
补骨脂素,
人乳头瘤样病毒,
呼吸道上皮,
注射用盐酸四环素,西药
安尔宁颗粒,中成药
棒林,西药
海王抒畅,西药
穿黄清热胶囊,西药
三七止血片,中成药
三七止血胶囊,西药
氨甲环酸氯化钠注射液,西药
奥硝唑分散片,西药
左奥硝唑氯化钠注射液,西药
甲硝唑片,西药
甲硝唑葡萄糖注射液,西药
三七片,西药
一清颗粒,西药
一清胶囊,西药
一清片,西药
复方胚肝铁铵片,西药
大补阴丸（浓缩丸）,中成药
速溶阿胶颗粒,西药
肾上腺色棕片,西药
阿胶胶囊,西药
五味沙棘含片,中成药
度米芬滴丸,中成药
藏青果喉片,中成药
赣鹰,西药
冬凌草片,西药
冬凌草胶囊,中成药
功劳去火片,中成药
利咽灵片,中成药
功劳去火胶囊,中成药
口腔炎喷雾剂,中成药
右旋布洛芬栓,西药
喉舒宁胶囊,西药
复方片仔癀含片,西药
声宝,西药
复方草珊瑚含片,西药
小儿咽扁颗粒,西药
小儿咽扁颗粒（无糖型）,西药
布洛芬缓释混悬液,西药
怡速净,西药
感冒炎咳灵糖浆,中成药
抗扁桃腺炎合剂,西药
新溶君美,西药
海苯酸替培啶片,西药
溶菌酶肠溶片,西药
溶菌酶含片,西药
玉叶清火片,中成药
玉叶清火胶囊,中成药
聚维酮碘含漱液,西药
西地碘片,西药
西地碘含片,西药
藏青果颗粒,中成药
西瓜霜润喉片,西药
金果饮,西药
金栀咽喉袋泡茶,中成药
金玄利咽颗粒,中成药
金果饮咽喉片,中成药
音力,西药
黄氏响声丸,西药
黄氏响声茶,中成药
鼻康片,中成药
倍佳,西药
制霉素片,西药
制霉菌素片,西药
大扶康（Diflucan）,西药
帅克风,西药
天方力星,西药
干意,西药
氟康唑胶囊,西药
环利,西药
硝酸益康唑溶液,西药
硝酸益康唑喷剂,西药
硝酸益康唑喷雾剂,西药
罗兰丝,西药
美狄克,西药
美克,西药
芙芃星,西药
莱抗,西药
麦尼芬,西药
注射用A群链球菌,西药
人免疫球蛋白注射液,西药
人免疫球蛋白,西药
力奥来素,西药
吗啉硝唑氯化钠注射液,西药
灭菌结晶磺胺,西药
百多邦,西药
莫匹罗星软膏,西药
谷氨酸诺氟沙星注射液,西药
达维欣,西药
静脉注射用人免疫球蛋白,西药
静脉注射用人免疫球蛋白（pH4）（冻干）,西药
力深,西药
百合固金丸,西药
复方对乙酰氨基酚片（II）,西药
对乙酰氨基酚丸,西药
复方忍冬藤阿司匹林片,中成药
复方氨酚肾素片,西药
对乙酰氨基酚泡腾片,西药
对乙酰氨基酚泡腾颗粒,西药
对乙酰氨基酚胶囊,西药
小儿复方氨酚烷胺片,西药
氨酚咖黄烷胺片,西药
氨酚烷胺咖敏胶囊,西药
酚咖麻敏胶囊,西药
法斯通,西药
大蒜素肠溶胶丸,西药
大蒜素胶囊,西药
异丙嗪胆汁片,西药
磷酸哌喹片,西药
维生素c葡萄糖注射液,西药
地高辛片,中成药
可立泰,西药
尿多酸肽注射液,西药
注射用转移因子,西药
马洛替酯片,西药
复方甘草酸单铵S葡萄糖注射液,西药
注射用盐酸大观霉素,西药
特非那定胶囊,西药
复方薄荷脑鼻用吸入剂,西药
浅表淋巴结及皮下转移结节活检术,
肺穿刺活检,
头孢磺吡苄,
直肠给药：每天2次（或睡前1次），每次60μg。,
药物对哺乳的影响：(尚不明确),
坦莫西林,
呋苄西林,
药物对老人的影响：老年人因血浆清除率降低，导致药物潜在毒性增加。,
感染,
溴化氟托品,
无特别禁忌。,
肺炎,
普洛斯的明,
呼吸系统药物,
片剂：50μg。,
Cosmegen,
口服给药：,
对哮喘者在症状控制后逐渐停药，一般在应用后4～5天缓慢减量。,
Imurek,
肌内注射:每次1g，每天2次，深部肌内注射，疗程为7～10天。严重感染每次2g，每天2～3次。,
Prostacyclin,
血管性水肿,
左旋氟嗪酸,
少数患者用后可出现血清丙氨酸氨基转移酶(ALT)、天门冬氨酸氨基转移酶(AST)暂时性升高。,
静脉滴注：每次100～200mg，每天2次 ,
哮喘,
阿米君,
对妊娠的影响尚不明确,
对碘过敏者忌用。,
用药前后及用药时应当检查或监测：(1)应定期监测血清茶碱浓度，以保证最佳的疗效同时防止血药浓度过高。(2)因茶碱制剂可致心律失常或使原有的心律失常恶化，故应对患者心率或节律的任何改变进行监测和研究。,
结核活菌苗,
甲哌噻庚酮,
成人：(1)结核病:常与异烟肼或其他抗结核药联合应用，每天1.0g(以链霉素计，下同)，分2次给药，或每次0.75g，每天1次。如临床情况许可，可改用间歇给药，即每周给药2～3次，每次1g。(2)抗菌:每次0.5g，每12小时1次，必要时可与其他抗菌药物联用。(3)细菌性心内膜炎:与青霉素G联用，每次1g，每12小时1次，连续用药1周；然后每次0.5g，每12小时1次，连续用药1周。(4)肠球菌性心内膜炎:与青霉素G联用，每次1g，每12小时1次，连续用药2周；然后每次0.5g，每12小时1次，连续用药4周。(5)土拉菌病:每次0.5～1.0g，每12小时1次，连续用药7～14天。(6)鼠疫:每次0.5～1.0g，每12小时1次，连续用药10天。,
BRL-4910A,
慎用:(1)早产儿、新生儿；(2)有哮喘、湿疹、枯草热、荨麻疹等过敏性疾病史者；(3)肾功能严重损害者；(4)对头孢菌素过敏者；(5)妊娠妇女和哺乳期妇女。,
气管炎,
片剂：4mg；,
优普罗康,
Foromycin,
盐酸表阿霉素,
卡氏肺囊虫病,
肺脓肿,
儿童:(1)结核病:与其他抗结核药联用，每次20mg/kg，每天1次，每天最大剂量不超过1g。(2)其他感染:每天15～25mg/kg，分2次给药。每天最大剂量不超过1g。,
昏迷,
头孢托仑匹酯,
口服：每次200～400mg，每天1次，连续5～7天。用于急性、慢性支气管炎，每次400mg，每天1次，连续10天。用于单纯性淋病，单剂量400mg顿服，用于非淋球菌性尿道炎，每次400mg，每天1次，连续7天。老年患者不需要调整剂量。,
Ampho-Moronal,
瑞康,
优乐新,
为防止过敏反应，给药前应预防用药：地塞米松10～20mg，于给本药前12h和6h各1次，口服；用药前0.5h口服或肌内注射苯海拉明50mg，并静脉注射西咪替丁300mg。,
阿兹曲南,
骨质疏松,
儿童：(1)肌内注射：每天50～100mg/kg，每6～8小时给药1次；大于3个月的婴儿，每8小时16.7～33.3mg/kg。骨感染，每8小时50mg/kg。细菌性脑膜炎，每天200～240mg/kg，每6～8小时给药1次。(2)静脉给药：每天50～100mg/kg，每6～8小时给药1次。大于3个月婴儿，每8小时16.7～33.3mg/kg。骨感染，每8小时50mg/kg。细菌性脑膜炎，每天200～240mg/kg，每6～8小时给药1次。,
硝普钠可引起轻度缺氧血症。,
术前用药：为了抵消手术期间药物所致或迷走牵引反射伴随的心律失常(如心动过缓)可静脉注射0.1mg。,
吡可哌啉,
因有肾毒性，妊娠妇女不宜使用。本品可能影响乳儿肠道菌群，哺乳期妇女宜慎用。,
副肾素,
本药宜经中央静脉通道给药，以避免经外周静脉给药时产生剂量限制性疼痛。,
Hydrocortisone,
长期连续吸入可有口腔念珠菌感染（女性多于男性），可用抗真菌药治疗。,
肺气肿,
水丸剂：每100粒重6g，每袋6g。,
Cisplatin,
Sisomin,
用药前后及用药时应当检查或监测：(1)长期用药时应定期检查肝、肾功能；(2)治疗期间发生假膜性肠炎者应进行粪便检查、难辨梭状芽胞杆菌培养以及该菌细胞毒素分析；(3)肾功能减退者用药前或用药中应做凝血试验测定；(4)有肝、肾功能不全者，用药中应监测血药浓度。,
福林,
成人：(1)肌内注射：每次0.5～1g，每12小时1次。重度感染并伴有免疫功能缺陷者(包括中性粒细胞减少者)每次剂量可酌情递增至2g，每8～12小时1次。单纯性尿路感染每12小时0.25～0.5g。复杂性尿路感染每8～12小时0.5g。骨、关节感染每12小时2g。单纯性肺炎和皮肤软组织感染每8小时0.5～1g；(2)静脉给药：每次0.5～1g，每12小时1次。重度感染并伴有免疫功能缺陷者(包括中性粒细胞减少者)每次2g，每8～12小时1次。单纯性尿路感染每12小时0.25～0.5g。复杂性尿路感染每8～12小时0.5g。骨、关节感染每12小时2g。单纯性肺炎和皮肤软组织感染每8小时0.5～1g。前列腺手术前预防用药，在麻醉诱导期给予1g，并在移走导管时给予第2次剂量。囊肿纤维化患者合并假单胞菌属肺部感染但肾功能正常时，应给予大剂量的头孢他啶，每天按100～150mg/kg，分成3次给药；(3)肾功能不全时剂量：肾功能不全患者的头孢他啶维持剂量推荐为：肌酐清除率每分钟31～50ml，每次1g，每12小时1次；肌酐清除率每分钟16～30ml，每次1g，每24小时1次；肌酐清除率每分钟6～15ml，每次0.5g，每24小时1次；肌酐清除率每分钟＜6ml，每次0.5g，每48小时1次；(4)老年人剂量：治疗65岁以上老年感染时的给药量可减少至正常量的2/3～1/2，每天剂量不超过3g。(5)透析时剂量：正在进行血液透析的患者，建议用1g的负荷量，每次血液透析后再加用1g。进行腹膜透析的患者可用1g的负荷量，接着每12小时给0.5g。,
头孢匹林钠,
A-64077,
慎用：(1)胃肠道疾病活动期或有溃疡病史的患者；(2)接受非甾体类抗炎药治疗的患者；(3)哮喘或阻塞性肺病患者；(4)病窦综合征或室上性心脏传导阻滞患者(本药可能引起心动过缓)；(5)有癫痫发作史者；(6)外科大手术患者(多奈哌齐可以增加氯琥珀胆碱型肌肉的松弛)；(7)妊娠妇女。,
瘙痒,
美地加霉素,
静脉给药：(1)全麻诱导：0.1～0.25mg/kg，静脉注射。(2)全麻维持：分次静脉注射，剂量和间隔取决于患者当时的需要。(3)局部麻醉或椎管内麻醉辅助用药：0.03～0.04mg/kg，分次静脉注射。(4)ICU患者镇静：先静脉注射2～3mg，继之以每小时0.05mg/kg静脉滴注维持。,
菌必清,
一次插管剂量：1.5mg/kg，静脉注射，(可为在60s内进行气管插管提供良好条件，肌肉松弛时间大约15min。需要肌松的手术可按需追加本品。,
Cloxacillinum,
头孢羧甲噻肟,
交叉过敏:对一种氨基糖苷类药过敏者可能对其他氨基糖苷类药也过敏。,
心肺复苏及抗休克药物,
替曼汀,
肺炎、肺化脓、肾盂肾炎、膀胱炎(单纯性除外)、前列腺炎、附睾炎、中耳炎、鼻窦炎等，成人口服本品每次200～300mg，每日3次。此外，根据年龄和症状进行适量增减。,
刻甫定,
慢性支气管炎,
抗真菌药物,
过敏性休克,
吸入剂：50mg，每喷0.25mg，每瓶喷200次。,
博利康尼,
儿童静脉滴注：(1)对1～14岁儿童或体重超过3kg的婴儿：每次75mg/kg，2～3次/d。(2)体重不足3kg的婴儿：每次75mg/kg，2次/d。,
Effervescente Powder of Carbocisteine,
左巴斯汀,
头孢菌素Ⅶ,
Benzylpenicillin,
失眠,
Docetaxel,
注射剂：1ml(含二丙酸倍他米松5mg，倍他米松磷酸二钠2mg)；,
副肾上腺素,
新博林,
甲硝米乙砜,
急性支气管炎,
支气管哮喘,
腹泻,
Gemifloxacin,
Celospor,
氯苯苄咯,
强的松龙,
若出现皮疹、瘙痒等过敏症状，应停止药。,
激素类药物,
过敏性休克：先皮下或肌内注射0.5mg，后静脉注射0.25～0.5mg，可5～15min重复1次。,
重组人体白细胞生成素,
长期用药时应常规监测肝、肾功能和血象；大剂量用药时应做血药浓度监测，尤其是对肝、肾功能减退患者。,
胶囊：50mg，75mg，150mg；,
皮炎芽生菌,
低钾血症,
水肿,
皮炎,
对青霉素过敏者慎用。已知有变态反应史、溃疡性结肠炎、局限性结肠炎者慎用。注射前宜用本品500μg/ml的稀释液进行皮肤敏感试验。,
节丝霉素B,
镇咳、祛痰及平喘药,
赛尼哌,
Ampicloxacillin sodium,
其他β内酰胺类,
本剂喷雾均有赖于一些特殊的工具，粉剂用粉雾器(spinhaler)，水剂用喷雾器(neublizer)，亦有用定量气雾抛射器(meterdoseinhaler)者。此等工具均须坚固好用，定量准确，以免影响疗效。吸药工具必须专人专用，及时清洗，以免交叉污染。,
Cefteram,
特美力,
交叉过敏:本药与青霉素类、头孢菌素类等其他β-内酰胺类药交叉过敏反应的发生率很低；但国外有研究发现，头孢他啶可以完全抑制氨曲南的侧链，与本药存在交叉过敏。,
其他合成抗菌药,
美罗华,
儿童常规剂量：口服给药：饭后服，具体如下：1～6岁：一次60～120mg，一日3次。6～12岁：一次120～180mg，一日3次。,
CefamandoleSodium,
氨噻酸单胺菌素,
Relenza,
培地美松,
奥纳欣,
药物过敏,
复方磺胺甲噁唑注射剂：5ml(每ml含SMZ0.4g，TMP0.08g)；,
口服，一次4粒，3次/d。一疗程90天。,
如出现恶性高热，须立即停药并对症处理。,
Zinamide,
肺癌,
氯林霉素磷酸酯,
药物对妊娠的影响：本药易通过胎盘。动物试验中，妊娠头5个月使用本药可致畸胎，出现脊椎裂、头颅裂、面部裂、腿部畸形，以及中枢神经系统、内脏和骨骼的发育不全。人类也有使用本药后出现胎儿缺陷的报道。此外，在妊娠后3个月中长期大量使用本药可使妊娠期延长。并有增加过期产综合征及产前出血的危险。在妊娠的最后2周用药，可增加胎儿出血或新生儿出血的危险。在妊娠晚期长期用药也可能使胎儿动脉导管收缩或早期闭锁，导致新生儿持续性肺动脉高压及心力衰竭。曾有报道称，妊娠晚期过量应用或滥用本药可增加死胎或新生儿死亡的发生率(可能由于动脉导管闭锁、产前出血或体重过低)。,
据国外资料报道，本药口服时常规不得与药用炭合用。1,
短小棒状杆菌菌苗,
甲磺酸曲伐沙星,
肌内注射：全身给药时，开始为1～2ml，必要时可重复给药；对严重疾病如红斑狼疮或哮喘持续状态，在抢救措施中，开始剂量可用2ml。,
着色真菌病,
喷雾：仅用于非紧急情况下，以10%溶液喷雾吸入，每天3次，每次1～3ml。,
CO2集气剂与闪烁液有一定毒性，严禁内服。,
片剂：10mg；,
成人：(1)口服给药：①利巴韦林片：一般剂量：每天400～1000mg，分4次口服。疗程7～14天；②利巴韦林颗粒：复合膜袋装或胶囊。病毒性上呼吸道感染：每次150mg，每天3次，连用7天。皮肤疱疹病毒感染：每次300mg，每天3～4次，连用7天。(2)静脉滴注：每天500～1000mg，分2次给药。每次静脉滴注20min以上。疗程3～7天。治疗拉沙热、流行性出血热等严重病例时，首剂静脉滴注2000mg，继以每8小时500～1000mg，共10天。(3)经眼给药：滴眼液浓度0.1%。(4)经鼻给药：滴鼻液浓度0.5%。(5)气雾吸入：每天吸入1000mg，此用法必须严格按照给药说明中所述气雾发生器的说明和给药方法进行。,
红霉素琥珀酸酯,
噻吗氧,
爱莎，气雾剂：每支含沙丁胺醇20mg。可喷200揿，每喷0.1mg。；,
1mg/kg时，也不产生神经节阻滞及迷走神经作用。本品80%～85%的阻断作用能被1～3mg新斯的明配合阿托品所拮抗。患有神经肌肉疾病者、过度肥胖、脊髓灰质炎后遗症者慎用。孕妇慎用。,
甘草酸一铵,
慎用：(1)肾功能严重损害者；(2)有哮喘、湿疹、枯草热、荨麻疹等过敏性疾病史者；(3)老年患者 ,
本药单独用于治疗结核病可能迅速产生细菌耐药性，与利福平有完全的交叉耐药性，体外试验结果显示：衣原体属、金黄色葡萄球菌和淋球菌都会对本药产生耐药性，因此必须联合其他抗结核药治疗。本药为长效制剂，但目前尚缺乏其他长效的抗结核药物与之匹配，高剂量异烟肼间隔3天用药尚可，但尚不能和本药每周用药1次相匹配。因此本药与其他抗结核药物联合，间歇该药的模式尚需研究。,
静脉滴注：溶于5%葡萄糖注射剂或氯化钠注射剂100～200ml中稀释成0.5%浓度，静脉滴注时间不少于60min，肾功能不全的患者应减量。,
Exirel,
降低肺血管阻力及肺动脉高压的药物,
卟啉病,
社会获得性肺炎,
气管滴入：急救时以5%溶液经气管插管或直接滴入气管内，每天2～6次，每次1～2ml。,
巴夫龙,
药物对儿童的影响：本药为长效制剂，一般不用于儿童需长期使用激素者。,
PGI－2,
水丸剂：210mg。,
肺水肿,
博莱霉素A5,
Flumark,
出血,
黄疸,
Mancef,
地塞米松磷酸钠，注射剂：1mg(1ml)，2mg(1ml)，50mg(1ml)；,
支气管炎,
Negaxid,
抗炎性平喘药,
肾上腺皮质激素类药,
温水冲服，一次10g，3次/d，4周为一疗程。,
全反式维A酸,
Piperazine theophylline ethanoate,
肾功能不全时剂量:肾功能不全者首次剂量1～2g，然后按其肌酐清除率制订给药方案:(1)肌酐清除率为每分钟30～50ml者，每8～12小时用1～2g；(2)肌酐清除率为每分钟10～29ml者，每12～24小时用1～2g；(3)肌酐清除率为每分钟5～9ml者；每12～24小时用0.5～1g；(4)肌酐清除率小于每分钟5ml者，每24～48小时用0.5～1g。,
使用本药前必须做青霉素皮试。,
皮疹,
Pranlukast,
用药期间禁止给予碱化尿液的药物。,
杜冷丁,
单酰胺菌素,
儿童：(1)口服给药：一般用法用量：每天0.03～0.15mg/kg或1～5mg/m2，每6～12小时1次。类固醇21-羟化酶缺乏症：开始剂量为0.25～0.28mg/m2，清晨顿服，治疗有效后根据情况调节维持剂量。(2)肌内注射：①治疗脑水肿：负荷剂量为1.5mg/kg，随后以每天1.5mg/kg维持，每4～6小时1次，共5天。第2个5天应减量，并停用；②急性哮喘发作：6～12个月小儿：使用16mg，一次给药；13～35个月小儿：使用24mg，一次给药；大于36个月小儿：使用36mg，一次给药。(3)静脉注射：治疗脑水肿：参见肌内注射项。,
柳丁氨醇,
贝伐单抗注射剂：100mg/4ml/支；400mg/16ml/支。必须贮存在原包装内，冷藏于2～8℃，避光保存。不能冷冻，不能摇动。,
片剂：每片重0.25g。,
口服：成人每次0.25～0.5g，每天2次 ,
药物热,
老年人剂量老年患者首剂宜为80mg/m2。,
异丁巴胺,
静脉炎,
奥先达,
Clexane,
先锋羟苄唑,
tissue-type plasminogen activator,
Orciprenaline,
丽珠刻乐，片剂：每片含氢溴酸右美沙芬15mg、盐酸伪麻黄碱30mg、愈创甘油醚100mg；,
粉针剂：0.5g。,
支气管扩张,
孕妇、早产儿、新生儿慎用。,
长期外用，可致耐药性。,
片剂：5mg。,
喘息样支气管炎,
色马开伦,
祛痰药物,
支气管哮喘患者慎用。,
重症肌无力,
鼻衄,
噻甲羧肟头孢菌素,
HR-810,
氯喘通,
头孢塔齐定,
Kefadim,
偶见过敏反应，极少数病例出现过敏性休克。,
凡毕士,
口服：一般每天4～8mg/kg，分2次服。,
解除感冒症状的复方药物,
片剂：5mg；,
水痘,
胸膜炎,
长期大剂量用药后撤药前应进行下丘脑-垂体-肾上腺轴受抑制的检查。,
氟嗪酸,
氢可,
甲硝咪氯丙醇,
Aztreonam,
氟美瞳,
Deltahydrocortisone,
肺囊性纤维化加服鱼肝油胶丸4粒，每天2次，用药6周；并服用胰酶和维生素类药物。,
血药峰浓度超过10μg/ml、谷浓度低于2μg/ml时即有毒害，对肾功能不全或较长疗程用药应进行药物监测。,
支气管扩张、肺脓疡、肺心病、肺结核患者出现咳嗽时应到医院就诊。,
预防流感的作用，临床研究的资料还很有限。,
新康泰克,
肾功能不全时剂量:肾功能不全者须根据血浆肌酐清除率调整剂量:(1)血浆肌酐清除率大于或等于每分钟30ml者，其半衰期为1h，给药间期应调整为每6～8小时1次；(2)血浆肌酐清除率为每分钟15～29ml者，其半衰期为5h，给药间期应调整为每12小时1次；(3)血浆肌酐清除率为每分钟5～14ml者，其半衰期为9h，给药间期应调整为每24小时1次。,
咳快好,
磺苄青霉素,
氟羟氢化泼尼松,
慎用：(1)中枢神经系统疾病：(2)有癫痫史；(3)严重肾功能减退。,
特洛伪麻,
达克珠单抗,
肺纤维化,
Noscapine,
注射剂(粉)：0.25g，0.5g，1.0g。,
第二代,
平喘药物,
氨吡酮,
口服，200mg，12小时1次，疗程7～14天。,
由于本药潴钠活性较强，一般不作为抗炎、抗过敏的首选药；,
气雾剂：每瓶10ml，20ml。,
磺胺甲基异噁唑,
Rapacuronium bromide,
争光霉素A5,
有的患者吸入后可有声音嘶哑，可暂停吸入。,
路泰,
Pingyangmycin,
对本品过敏者禁用，过敏体质者慎用。,
胃肠道症状,
头孢菌素类,
注射剂：50mg(1ml)，100mg(2ml)。,
噻吩甲氧头孢霉素,
头孢甲氧环烯胺,
慎用：(1)过敏史；(2)充血性心力衰竭；(3)Ⅰ度房室传导阻滞；(4)糖尿病；(5)肺气肿或非过敏性支气管炎；(6)肝功能不全；(7)甲状腺功能低下；(8)雷诺综合征或其他周围血管疾病；(9)肾功能减退；(10)麻醉或手术患者；(11)妊娠及哺乳期妇女。,
苯苷头孢霉素,
喷雾剂10g/250mL、20g/500mL。,
配制本品时，粉针剂应先以指定溶剂溶解，再以生理盐水或5%葡萄糖注射液稀释后使用(配制后浓度不超过,
增加痰水样层厚度的药物,
蕾婷A,
片剂：0.25g，0.5g；,
口服：每次3～4片，每天3次。,
不宜在服药期间同时服用滋补性中药。,
糖尿病,
阿氯米松丙二酸酯,
Moxam,
慎用：(1)肝肾功能不全者及支气管哮喘患者慎用；(2)孕妇最后1个月和产妇第1个月慎用。(3)慢乙酰化者；(4)肝、肾功能损害；(5)青少年类风湿性关节炎的全身用药；(6)纤维化肺泡炎。,
"气体样品收集完毕，在瓶盖上作好标记编号(不可在瓶壁标记)，用洁净吸管(甲醇冲洗)向样品瓶内加入稀释闪烁液4.5ml,加盖密封，用纯净卫生纸擦净瓶壁和瓶底。若加入闪烁液后出现分层不溶现象，再加数滴甲醇即可溶解。",
Makrodex,
百力特,
注射剂(粉)：0.25g，0.5g，1.0g，2.0g。,
Megalocin,
少数患者用药后口干，皮肤潮红，心率增快。,
口服：每次3片，每天3次。,
Rulide,
儿童：每天按20～40mg/kg，分2～4次给药。,
氯洁霉素磷酸酯,
头孢羟羧氧,
盐酸溴环已铵,
下列情况需慎用：癫痫，偏头痛，哮喘，心力衰竭患者，以及不能耐受细胞外液快速增加的患者。,
气雾吸入：成人每次6～10mg。,
艾索拉定马来酸盐,
不能耐受磺胺类药物或其他磺胺衍生物利尿药的患者，也不能耐受本药。,
小儿利宝,
其他：对苯二氮卓类药耐受量小的患者初始剂量宜小。若出现呼吸抑制和低血压，常提示已超量或静脉注射过快。避免长期大量使用而成瘾。阿普唑仑宜逐渐停药。在治疗恐惧过程中发生晨起焦虑症状，表示有耐药性或两次间隔期的血药浓度不够，可考虑增加服药次数。,
儿童:(1)静脉注射：轻至中度感染，每天40～80mg/kg，分2～4次溶于灭菌注射用水中缓慢静脉注射。(2)静脉滴注：重度感染，每天剂量可达120mg/kg，分2～4次溶于灭菌生理盐水、5%～10%葡萄糖液中静脉滴注。,
可用镇静药对抗。,
胃肠道有溃疡、破损的患者使用时应注意镁离子中毒，表现为呼吸抑制，膝腱反射消失和尿量减少。,
Rifocyn,
Compound Triamcinolone Acetonide,
仑氨卡西林,
5倍。未满月婴儿不宜使用。儿童不推荐使用。肝硬变、胆汁瘀积或严重肾功能不全患者使用本品时，肌肉松弛持续时间及恢复时间延长。,
治疗期间不应接种天花疫苗，以免引起神经系统并发症。,
慎用:(1)对其他β-内酰胺类抗生素过敏者；(2)肝、肾功能不全者；(3)高度性体质者。,
片剂：0.125g，0.25g。,
Gentalin,
间羟舒喘宁,
口服，成人每次400mg，3次/d，饭后口服，可随患者年龄及症状程度适当增减剂量。,
成人:(1)肌内注射：用量以亚胺培南计，根据病情，每次0.25～1g，每天2～4次。对中度感染一般可按每次1g，每天2次给予。每天最高剂量不超过4g。(2)静脉滴注：一般用量:以亚胺培南计，轻度感染，每6小时0.25g；中度感染，每6～8小时0.5g；严重感染，每8小时1g。每天最高剂量不超过4g。(3)肾功能不全时剂量:肾功能不全者应按肌酐清除率调整剂量:肌酐清除率大于每分钟70ml者，可用正常剂量:肌酐清除率为每分钟30～70ml者，每6～8小时用0.5g；肌酐清除率为每分钟20～30ml者，每8～12小时用0.25～0.5g；肌酐清除率低于每分钟20ml者，每12小时用0.25g。(4)透析时剂量:建议在血液透析后应补充一次用量，但下一次剂量预定在4h内给予者可不补充用量。,
肺力咳胶囊,
注射剂：0.2g。,
肥厚型心肌病,
吡丁舒喘宁,
脓胸,
成人常规剂量：,
七氟异丙甲醚,
Nuodilkang,
Dimocillin,
口服给药，成人每次250～500mg，每日2次，疗程5～10日。儿童每次15mg/kg，每日2次。,
避光，2～8℃保存，避免剧烈摇晃。,
氯化乙基二甲胺,
药物对儿童的影响：处于生长发育期的婴儿与儿童在接受本药长期治疗时，须认真随访其生长发育情况。,
Forane solution,
Dexambutol,
Methylprednisolone Sodium Succinate,
茶碱类药,
慎用:(1)哺乳期妇女；(2)肝功能不全者。,
口服：成人一般首次量0.2g，以后每12小时服0.1g。或在首次量后，每6小时服用50mg。用于衣原体或支原体感染所致的尿道炎，每次0.1g，每天2次，连续10～14天。,
振源口服液,
氨甲酰甲胆碱,
交叉过敏:对一种头孢菌素类药过敏者对其他头孢菌素类药也可能过敏；对青霉素类、青霉素衍生物过敏者也可能对头孢菌素类药过敏。,
长期使用易引起龋齿。,
Platinum,
林肯霉素,
其他：应用中避免与其他延长Q-T间期的药物如索他洛尔、胺碘酮、普鲁卡因或奎尼丁联合并用。本品避免用于耐甲氧西林葡萄球菌的感染，也不适于铜绿假单胞菌所致的感染。,
Baymicin,
青霉素过敏,
Cefpodoxime Proxetil,
安步乐克,
新生儿窒息,
腹痛,
禁用、慎用：①支气管扩张、肺脓疡、肺心病、肺结核患者，应在医师指导下服用。②对本品过敏者禁用，过敏体质者慎用。,
Gyramid,
重症肌无力患者：重症肌无力患者用药须谨慎，过量时可造成神经肌接头的除极型阻滞，出现肌无力现象，即“胆碱能危象”。,
Mexypamine,
结核病,
名力爽,
Intal,
倍利安,
片剂：5mg，10mg，25mg；,
Ciprobay,
丙酸倍氯松，气雾剂：0.1%，每瓶14g含倍氯美松双丙酸盐14mg，每揿50μg；,
Photofrin,
Aminodur,
片剂：100mg，200mg；,
美喘清,
奈唑利得,
Sulbactam/Ampicillin,
咽炎,
甲哌力复霉素,
用药前应了解患者心肺情况，心肺毒性尤其是呼吸抑制是注射硫酸镁最危险的不良反应，可很快地达到致死的呼吸麻痹，注药前呼吸频率每分钟至少保持16次。,
口服。大蜜丸一次1丸，一天2次。浓缩丸：一次8丸，一天3次。口服液，一次20ml，一天3次。小儿酌减。,
学会雾化器和压缩器给药，本品不可稀释或混入其他药物的雾化器中，一次剂量给药，需要10～15min。2～8℃冷藏。,
硫酸丁胺卡那霉素,
血尿,
头孢齐定,
Paveral,
立复欣,
注射剂(粉)：200mg，1g。,
Capastat,
片剂：0.75mg；,
去敏泰,
霉康唑,
糖浆剂：20mg(1ml)。,
本品对肝功能高度损害和血小板数量极低的出血疗效差，对肺咯血效果不佳。,
Rifater,
Sulfocillin,
特美汀,
PD-107779,
舒氨新,
普青,
药物相互作用：不宜在服药期间同时服用滋补性中药。,
注射用琥珀酸钠氢化可的松（粉）：135mg（相当于氢化可的松100mg）；,
慎用：(1)妊娠前三个月孕妇；(2)哺乳期妇女；(3)严重肝、肾功能障碍者。,
儿童：每次2.5～5mg/kg，每天2次。,
用药过量可导致严重心律不齐及阵发性痉挛等，此表现为初期中毒症状，应暂停用药，监测血药浓度，在上述中毒迹象和症状完全消失后仍可继续使用。,
SMZ Co,
对于过敏者，应立即停药，并嘱以后禁用本药或其他非甾体抗炎药。有哮喘者应立即给予扩张气管的药物及吸入氧等。哮喘严重者可给予静脉补液及氨茶碱静脉滴注。1,
Tegafur-Uracil,
快速注射可引起组胺释放，导致低血压、心动过速。,
Sinecod,
呼吸衰竭,
注射剂：200mg，300mg。,
咳吗宁,
节丝霉素,
气雾剂：10mg，20mg ,
乙氨伏克辛,
成人：每天1.0g，分2次给药，每次30min滴完。重症或顽固性感染疾病:剂量可增至每天2.0g，分2次静脉滴注，但每次滴注时间应不少于1h。,
地洛他定,
直肠给药：500mg/次。,
胶囊：0.5mg；,
Carbon Dioxyde,
安近宁,
支气管扩张、肺脓疡、肺结核、肺心病患者，应在医师指导下服用。,
乙二胺丁醇,
溶栓剂,
"大剂量时，本药的β1受体选择性逐渐消失。支气管痉挛患者需慎用，一般仅用小量,并及时加用β2受体激动药。",
药物对老人的影响：老年人的中枢神经对本药也较敏感，静脉注射可出现呼吸暂停、低血压，心动过缓甚至心脏停搏。,
二甲氧苯青霉素,
Vectarion,
肝炎,
不宜与异丙嗪多次合用，否则可致呼吸抑制，引起休克等不良反应。与单胺氧化酶抑制剂(MAOI)合用可引起兴奋、高热、出汗、神志不清。,
苄基青霉素普鲁卡因,
Levasalbutamol,
Spiriva,
Aerosprin,
治疗结束后，应继续观察2周血细胞计数：血小板计数＜8万/mm3，或白细胞计数＜2500万/mm3时，应考虑减量；当发生严重和持续的血小板降低(＜5万/mm3)，或白细胞减少(＜1500万/mm3)时，应中止治疗。,
美施康定,
用药期间应避免驾驶或从事具有潜在危险的工作。,
欣民立,
Bleomycin A5,
Precef,
花粉症,
抗生素类药物,
Sulbenicillin,
硝基羟乙唑,
Apacef,
过量反应包括严重头晕、晕厥、心率缓慢、心律不规则、呼吸困难以及抽搐发作。处理：(1)洗胃、服药用炭。(2)严重低血压：可选用阿托品、多巴酚丁胺、肾上腺素、去甲肾上腺素或异丙肾上腺素。但当β受体被显著阻滞时，拟交感神经药物的作用可能受到抑制，改用高血糖素也许有效。(3)抽搐：可静脉给予安定治疗。(4)心脏传导阻滞：必要时可经静脉起搏。(5)肺水肿或心力衰竭：可给予速尿或洋地黄糖苷类。(6)支气管痉挛：可给予β2激动药(如异丙肾上腺素或茶碱类)。,
第三代,
Ipradol,
Fluticasone,
紫苏霉素,
红霉素月桂酸酯,
异丁哌力福霉素,
对长期应用本品的患者，在手术时及术后3～4天内常需酌增用量，以防皮质功能不足。,
Sod.Aminosalicylate,
吸入全麻药,
交叉过敏:患者对一种大环内酯类药过敏时，对其他大环内酯类药也可过敏。,
平喘灵,
倍乐松，气雾剂：每瓶50mg，每揿250μg，每瓶200揿；,
吞咽困难,
贮法：室温、避光保存。,
卡波孟,
口服给药：成人：,
希舒美,
Cromoglicic Acid,
血小板,
氨利酮,
Alteplase,
口服：每次0.1g，每天3次。儿童每天5mg/kg，分3次服。本品为预防用药，起效慢，短期作用不明显，一般用药在4周以上，2～3个月为1个疗程。,
Solu-Medrol,
饮食宜忌：忌食辛辣、油腻食物。,
法安明,
亚特那唑,
片剂：1mg。,
氨苄唑头孢菌素,
给药者应受过严格麻醉专业训练，给药前应先准备机械通气的设备。,
Achromycin,
拟肾上腺素药,
邻氯喘息定,
荨麻疹,
结节病,
奥复星,
服药期间，若患者出现高热，体温超过38℃，或出现喘促气急，或咳嗽加重，痰量明显增多应到医院就诊,
Bleomycin,
儿童：静脉滴注：(1)常用量:每天40～80mg/kg，分2～4次给药。(2)严重或难治性感染:剂量可增加至每天160mg/kg，分2～4次给药。舒巴坦钠的最大剂量每天不得超过80mg/kg，若头孢哌酮钠的需要量超过每天80mg/kg时，应另行单独加用头孢哌酮钠。,
Compound Polygale Tablets,
口服。口服液：一次10ml，一天2次。胶囊剂：一次1～2粒，一天2～3次。散剂：一次1～2瓶，一天2～3次。,
儿童、孕妇、哺乳期妇女禁用。,
Dirithromycin,
凯帝龙,
氟甲强的松龙,
生白能,
1．本品可引起肝功能异常，治疗期间应定期监测肝功能，出现严重肝功能异常应考虑减量或停药。2．本品可引起出血，有些与合用华法林有关。正在使用华法林或其他双香豆素类抗凝药的患者应监测凝血酶原时间。3．使用本品出现腹泻导致脱水的患者及出现严重皮肤反应的患者，应降低剂量或暂时停药。4．儿童用药安全性尚未评价。5．本品过量可能引起腹泻、药疹、肝转氨酶升高，出现药物过量应停止给药，并采用对症治疗。6．15～30℃保存。,
烟酸二乙胺,
Ambaxin,
库欣综合征,
Cefnixime,
慎用：(1)支气管痉挛者；(2)肾功能不全者；(3)因体液潴留和水肿导致高血压和心脏疾病恶化者；(4)有肝功能损害史者；(5)有凝血功能障碍史者；(6)用药前存在感染者；(7)14岁以下儿童；(8)孕妇和哺乳妇女。,
盐酸右美托咪定注射剂：100mg/支。15～30℃保存。,
胆汁淤积性黄疸,
口服：每次3粒，每天3次。疗程6周。,
每次吸药后应用水漱口，以减少真菌性口咽炎 ,
糖浆剂：100ml。,
Tessalon,
泰索帝,
高钾血症,
Doxapramum,
呼吸性酸中毒和低钾血症可使本品的药效增强。体温升高可增强去极化神经肌肉阻断药的作用，反之则见减弱。,
Rituxan,
确炎舒松-A,
诺普伦,
其他中成药,
有出血倾向者慎用；妇女经期减量，孕妇及肺结核患者忌用。,
磺胺甲噁唑-甲氧苄啶,
Dipenine Bromide,
美欧卡霉素,
IFO,
注射剂(粉)：5mg，10mg，30mg；,
其他注意事项分别参见利福平和异烟肼的相关内容。,
Obracin,
可拉灵,
使用前宜先补充血容量及纠正酸中毒；用药期间须进行血压、心排出量、心电图及肺楔压定时或连续监测。,
肌酐清除率＜45ml/min的患者不建议使用。,
儿童：每天0.015g/kg，顿服。,
Fluorometholon ,
氧甲氟哌酸,
片剂：醋酸酯2mg，4mg；,
苯甘头孢菌素,
Benzylpen,
溶液剂：30mg(5ml)；,
普米克,
Rickamicin,
Prednisolone,
重复或连续注射可能造成积蓄，导致作用延长和严重的心血管和呼吸抑制。通常应有必备的抢救设备(如气管内套管，氧气)。,
克脱吩,
儿童：(1)口服给药：①利巴韦林片：6岁及6岁以上小儿每天按体重10mg/kg，分4次服。疗程7～14天；6岁以下小儿口服剂量未定。②利巴韦林颗粒：a.按体重计：每天10～15mg/kg，分3～4次服，连用7天。b.按年龄计：0.5～1岁，每次1袋(含利巴韦林50mg)；2～5岁，每次2袋(含利巴韦林100mg)；6～12岁，每次3袋(含利巴韦林150mg)。均为每天3次，用温开水溶解后服用，疗程7天。(2)静脉滴注：每天按体重计为10～15mg/kg，分2次给药。每次静脉滴注20min以上。疗程3～7天。(3)气雾吸入：此用法必须严格按照给药说明中所述气雾发生器的说明和给药方法进行。给药浓度为20mg/ml，每天吸12～18h，疗程3～7天。对于呼吸道合胞病毒性肺炎和其他病毒感染，也可持续吸药3～6天；或每天3次，每次4h，疗程3天。,
成人口服给药：(1)细菌性支气管感染：每次400mg，每天1次；或每次300mg，每天2次，疗程7～14天；(2)急性单纯性尿路感染：每次400mg，每天1次，疗程7～10天；(3)复杂性尿路感染：每次400mg，每天1次，疗程14天；(4)手术感染的预防：手术前2～6h服400mg。,
每次250mg，每8小时1次，重症感染或敏感性较差的细菌引起的感染，剂量可加倍，但每天剂量不超过4g。,
肠梗阻,
大多数β-内酰胺类抗生素可引起严重反应(包括过敏性休克)，在用药前应仔细问诊。,
托苏沙星,
肌内注射：每天0.5～1g，分2～3次给予，重症每天可用6g，分3次给予。,
甲氧基红霉素,
9%氯化钠注射液或灭菌注射用水)，再用同一溶剂稀释至50～100ml(或100～200ml)供静脉滴注用(最大终浓度为250mg/ml)，滴注时间为30～60分钟。10．贮法：密闭，在阴凉干燥处保存。,
头孢氧哌唑,
给药过快可引起血压下降，故静脉注射须缓慢；少数病人用药后出现呼吸抑制，需准备急救用品；与乙醚有协同肌松作用，须注意；反复静注(成人积累达30～60mg/kg)新斯的明不能拮抗其作用；本品水溶液不稳定，贮存半年以上即浑浊。,
片剂：20μg，40μg；,
罗迈新,
氨甲蝶呤,
弥漫性胸膜间皮瘤,
皮下注射：每次15～30mg，每天1～3次。,
胶囊：250mg，500mg。,
慎用：(1)有头孢菌素过敏史者；(2)孕妇及哺乳期妇女；(3)严重肝、肾功能障碍者；(4)凝血功能异常者。,
Flixonase,
Ethambutol,
慎用肾功能不全者。,
药物对儿童的影响:尚未确定本药对早产儿、新生儿、乳儿及婴幼儿的安全性。,
Coramine,
硫酸卡那霉素注射剂(粉):0.5g，1g；,
益替欣,
光神霉素,
长期用药时应监测尿常规及肾功能。,
克菌定,
治疗期间应定期检查肝肾功能和听力。,
培氟哌酸,
本品不能与其他药物混合注射。,
口服，推荐剂量为150mg，饭前1h或饭后2h服用。肝功能不全患者可适当降低剂量。,
VP-16,
阿莫西林-克拉维酸钾联合制剂,
伊康唑,
注射剂：200mg(100ml)。,
注射剂：20mg(1ml)。,
Alrex,
慎用：(1)有哮喘、湿疹、枯草热、荨麻疹等过敏性疾病史者；(2)孕妇及哺乳期妇女；(3)肾功能严重损害者。,
口服给药：化疗时每次口服本药1mg，每天2次，首剂应于化疗前1h服用，12h后服用第2次。,
本药粉吸入剂含有乳糖，故对乳糖及牛奶过敏者禁用本药粉吸入剂。,
三甲氧苄二氨嘧啶,
HMR3647,
Kabikinase,
本药宜空腹服用。,
Alupent,
药物过量的处理：用药过量时应立即终止给药，并给予对症、支持治疗。血液透析不能有效清除本药。1,
盐酸诺斯卡品,
必须具备有气流量表的麻醉机，以准确地指示每分钟氧化亚氮和氧的流量，一般先用静脉全麻作诱导，尔后用半开放或半关闭装置吸入氧化亚氮和氧混合气体作维持。吸入氧化亚氮前，应先用高流量氧作肺泡气去氮，停吸氧化亚氮时必须给氧。,
本品ED95的药量为0.08mg/kg，常用气管插管量为0.15%～0.25%，插管时间是在静注后90min左右，临床肌松维持时间10～15min。,
遮光密封，在阴凉处保存。,
药物对儿童的影响：如大面积长期或采用封包使用本药，会增加药物的全身吸收，同时会增加造成肾上腺皮质功能抑制的危险性，必须加以注意。尤其对于婴儿及儿童，由于体表面积相对较大，使用本药对产生下丘脑-垂体-肾上腺轴抑制及库欣综合征的敏感性大于成年人，且可影响儿童的生长发育，因此对于儿童使用本药应注意尽可能减少药物的用量。1,
MometasoneFuroate,
口服：成人1～2g/d，分2～4次；儿童20～40mg/(kg·d)。肌内注射根据病情，参考说明书酌情应用。,
弗洛非宁,
氢化皮质素,
恶嗪氟哌酸,
新达罗,
镇咳药物,
Avastin,
慢性铁蓄积疾病，如原发性和继发性含铁血黄素沉着症的治疗：肌内注射，首次1.0g，以后0.5g/h，给药2次。此后每4～10小时给0.5g，总量不超过5g/d。静脉滴注方法和剂量同1。口服：0.5g，2次/d。,
胍哌甲基四环素,
Doxacurium Chloride,
中枢性非麻醉性镇咳药,
早产儿,
Dexamethasone,
胸腺多肽,
乐君毕,
新青霉素Ⅰ,
Sodium Cromoglycate,
噻孢霉素,
口服：每次600mg，每天2次，宜与食物同服或餐后服用。或初始一次300mg，每天2次，每隔2天增加100mg，至一次600mg。,
呋脲苄青霉素,
联合用药剂量为3mg/m2，每周1次，连用2周，休息1周为1个疗程。,
133Xe发货后于5天内使用。,
Ambroxol/Clenbuterol,
心肌病,
3的其他溶液混合。出现过敏反应，如皮疹、荨麻疹、瘙痒感，应立即停药。,
美洛培南,
肺源性心脏病,
Niketamid,
尼多克罗,
高血压及心脏病患者禁服。,
Cefiximum,
氨噻肟烯头孢菌素,
德萨美松,
奥米特灵,
高血压,
给本品前先用适量阿托品，可防止过多流涎。1,
口服：成人每天3次，每次2.5～7.5mg，儿童酌减。,
氯氟舒松,
妊娠期及哺乳期妇女慎用。,
Imipenem and Sodium Cilastation,
Curarin,
用药前后及用药时应当检查或监测：(1)肺功能异常者，用药时应严密监测肺功能。(2)服药期间应经常检查心率，若心率比平时低或每分钟低于50次，可能会导致循环障碍。,
康力康,
美可舒,
气雾剂：每克含药0.147mg。,
合剂：每瓶100ml。片剂：每片重0.6g。口服液：每瓶10ml。,
片剂：200mg，400mg；,
Rhinocort,
药物过量时，可能表现为中性粒细胞减少、皮肤反应和感觉异常。目前尚无特效解毒药。,
孕妇及哺乳期妇女慎用。,
本品对妊娠妇、哺乳期妇女使用的安全性尚未结论，故应慎用。,
胸痛,
如曾间歇服用利福平后发生变态反应，如血压下降或休克、急性溶血性贫血、血小板减少或急性间质性肾炎者，均不宜再用本药。,
插管后马上给药25mg至气管内，如果婴儿保留插管，则在1h后第2次给药。只要婴儿仍然在借助机器呼吸，则在插管后24h要进行第3次给药。25～29周早产儿出生后应迅速插管，最好在第1次呼吸之前。临用前照说明书现配。,
慎用:(1)本药对孕妇的用药安全性尚未确定，孕妇应慎用；(2)本药对婴儿的用药安全尚未确定，早产儿、新生儿应慎用；(3)肝、肾功能不全者慎用；(4)高度过敏性体质者慎用；(5)高龄体弱者及全身状况差者慎用。,
爱素思,
Robinul,
过量、长期局部使用糖皮质激素类药物可能抑制下丘脑-垂体-肾上腺轴，造成继发性肾上腺功能不足。可采用对症治疗或逐步减量至停止用药。1,
Rifampicin and Isoniazid,
色苷酸二钠,
使用过程中若发生刺激或过敏反应，应停止用药并适当治疗。,
布福宁,
OPC-17116,
Medrol,
少数患者用药后可出现丙氨酸氨基转移酶、天门冬氨酸氨基转移酶、血清胆红素及血清乳酸脱氢酶的测定值升高。,
颗粒(按红霉素计)：75mg。,
儿童、孕妇、体质虚弱者慎用。,
胶囊(1.09g的盐酸克林霉素相当于克林霉素1g)：75mg，150mg。,
Aristoderm,
Antibiotic BL-S-786,
成人：(1)口服给药：①驱蛔虫：1.5～2.5mg/kg，空腹或睡前顿服 或每天100～200mg，饭后1h顿服；②驱钩虫：1.5～2.5mg/kg，每晚1次，连服3天 或每天100～200mg，饭后1h顿服，连服2～3天；③治丝虫病：4～6mg/kg，分2～3次服，连服3天 或每天200～300mg，分2～3次饭后服，连服2～3天；④驱蛲虫：1mg/kg顿服，连服3天；⑤肿瘤的辅助治疗：每天150～250mg，连服3天，休息11天，再进行下1个疗程；⑥治疗类风湿性关节炎等：每天2～3次，每次50mg，可连续服用；⑦治疗支气管哮喘：每次50mg，每天3次，连服3天，停药7天，6个月为1个疗程；⑧真菌引起的皮肤、黏膜、眼、呼吸道及全身性的复发性和慢性感染：本药可减轻症状、缩短病程、减少复发，并使一些免疫指标提高和恢复正常 用法为每周2天，每天100～150mg，分3次服；⑨血小板减少、湿疹多次感染综合征、变异性低丙种球蛋白血症、毛细血管扩张性运动失调症、慢性肉芽肿、复合免疫不全症等原发性免疫缺陷病：本药可减轻临床症状和改善免疫指标 用法为：每周用药2天，每天100～150mg，分3次服 或每周服3天，每天100～150mg (2)局部给药：早期钩虫感染：搽剂每天3次，连用2天 用药量视皮炎范围而定，每次约0.5～1.0ml ,
Triamcinolone Acetonide,
本品打开包装后应在9天内使用。,
苏太明,
按体重法：先静脉弹丸注射15mg，接着30min静脉滴注0.75mg/kg，然后1h内静脉滴注0.5mg/kg。,
0rthoxine,
长效西林,
福莫特诺,
片剂：50mg，75mg，150mg；,
克红霉素,
甲泼尼松龙醋酸酯分解缓慢，作用较持久，可用于肌内注射达到较持久的全身效应，也可用于关节腔内注射。甲泼尼龙琥珀酸钠为水溶性，可供肌内注射，或溶于葡萄糖液中静脉滴注。,
康纳可-A,
药物对老人的影响：老年人的中枢神经对本药也较敏感，可出现呼吸暂停、低血压、心动过缓甚至心脏停搏。,
膜衣片：100mg；,
仙道伦,
舍尼通,
肌内注射或静脉给药：每次1～2g，每8～12小时1次。危重患者或由铜绿假单胞菌所致的严重感染；每次2g，每6～8小时1次，每天最大剂量不宜超过8g。无并发症的尿路感染:每次0.5～1g，每8～12小时1次。,
成人：(1)眼科小手术表面麻醉：常用本品0.4%溶液。进行眼压测定时，可滴入1～2滴；佩戴角膜接触镜时滴入2滴；角膜上皮异物清除或小手术时可滴人3～4滴。每两滴之间应间隔30～90s先后滴入结膜囊内，可根据年龄、体质适当增减。(2)耳鼻喉科表面麻醉使用本品1%的溶液，最大用量为1.5mg/kg。时间较长的支气管镜检查，可将本品1%的溶液通过气管导管送入左、右主支气管内进行表面麻醉，用药总量为10ml，分三次送入。,
SY-5555,
对于患有严重心脏/肺功能损伤的病人，其全身性反应可能导致明显危险，须在注射该药后给予注意及适当的照顾。,
TH-1165a,
用药前后及用药时应当检查或监测：(1)长期用药时应常规监测肝功能和血象；(2)有肝、肾功能损害和(或)胆道阻塞者使用本药时应进行血药浓度监测。患结肠炎者慎用。,
对轻度肝、胆、肾损伤者不需调整剂量。本品对心电图Q-T间期无明显影响。本品可被嗜中性多形核细胞高度浓缩，较其他细胞浓度高约300倍，提示本品易被细胞内细菌吞噬。,
用药期间不得驾驶、操作机器及高空作业。,
麦地霉素A1/吉他霉素A6,
多黏菌素E,
高血糖,
成人常规剂量：(1)口服给药：阿莫西林舒巴坦匹酯片一次0.5～1.0g，一日3次。(2)静脉滴注：阿莫西林钠舒巴坦钠一日4.5～6g，分2～3次给药；严重感染时每日用量可增加至9.0g或150mg/kg。疗程一般为7～14日，重症感染者可适当延长疗程。(3)肌内注射：用法与用量参见静脉注射。(4)肾功能不全时剂量：口服给药时按以下方案调整剂量：肌酐清除率为10～30ml/min者，每12小时口服阿莫西林舒巴坦匹酯0.5～1.0g；肌酐清除率小于10ml/min者，每12小时口服量少于0.5g。,
静滴，推荐剂量为每次1mg/kg，稀释于生理盐水50ml中，于15min内静滴。每14天1次，5次为1个疗程。首次给药应在器官移植前24h内给予。严重肾损害的病人不必进行剂量调整。,
Netilyn,
帕利佐单抗,
硫酸乙基西梭霉素,
生物制品、生化药物、酶及辅酶类,
Broncho-Vaxom,
流行性感冒,
乃柏欣,
气道扩张药,
二甲胺四环素,
Tilade,
使用本品治疗时如出现严重的周围神经病变、严重的或累积性皮肤反应，或严重的中性粒细胞减少(低于,
地利兹霉素,
口服溶液：一次5～10ml，每天3次，服时振摇。,
儿童服用本品应由家长指导和监督，未满8岁的儿童不宜服用。,
有特异过敏体质者慎用。,
喉炎,
插管量：0.05～0.08mg/kg；预置量/维持量：0.005～0.01mg/kg。,
克乐苯丙哌酮,
羟羧氧酰胺菌素,
患有甲亢、严重心功能不全、心绞痛、心律失常、原发性高血压者慎用。,
Pefloxacin,
Pemetrexed,
焦虑,
获明显疗效后，可减少给药次数，如须停药，应逐步减量后再停，不能突然停药，以防哮喘复发。,
安联酮,
疼痛,
Gendicine,
Furbenicilin Sodium,
AmphotericinumB,
格雷西隆盐酸盐,
克林社福,
密都锭,
注射剂:10mg(1ml)，40mg(1ml)，80mg(2ml)；,
使用前先做碘过敏试验。对碘过敏、气喘、癫痫、低血压者禁用。年老及心血管疾患者慎用；,
先锋霉素Ⅱ,
Mycobutin,
奔克,
休克,
头孢匹美,
注射液：l0ml。,
Capostatin,
口服给药：每次100～300mg(最大量为400mg)，每天1次，疗程5～10天，可根据病情调整剂量。,
高保息,
成人：(1)一般用量:每天1～2g，分2～4次。(2)军团病:每天3～4g，分４次给药。高剂量不能超过4g。,
先锋腈霉素,
长期动物实验观察99mTc-MAA无致癌和致突变后遗症。,
搏拿,
成人:(1)一般感染:首次0.2g，以后每次0.1g，每天1～2次。疗程为3～7天；⑵抗寄生虫感染:第一天100mg，每12小时1次，继以100～200mg，每天1次，或50～100mg，每12小时1次；⑶单纯性淋球菌感染:每次100mg，每12小时1次，共7天；⑷非淋球菌性尿道炎:每次100mg，每天2次，疗程至少7天。⑸由沙眼衣原体或解脲脲原体引起者，以及沙眼衣原体所致的单纯性尿道炎、宫颈炎或直肠感染:每次100mg，每天2次，疗程至少7月；⑹预防恶性疟:每周0.1g；⑺旅行者腹泻的预防:每天1次，每次100mg，共3周；⑻梅毒:每次150mg，每12小时1次。疗程至少10天。⑼肾功能不全时剂量:当肾功能损害时，多西环素从胃肠道的排泄量增加，药物不在体内积蓄，因此，患者用常规剂量时，无须调整剂量。,
曾对青霉素过敏者慎用。妊娠及哺乳期妇女慎用。5岁以下的儿童不宜服用。患者本人、双亲和兄弟有易引起支气管哮喘、发疹、荨麻疹等变态反应体质者，高度肾功能障碍者，经胃肠摄取营养不良或非经胃肠营养患者，高龄者和全身状态恶劣者慎用。本品曾导致休克或休克症状，因此，如出现不快感、口内异常感、喘鸣、眩晕、便意、耳鸣、出汗等症状时应及时停药。由于本品从人乳汁中分泌，为避免哺乳婴儿不良反应的发生，应停止哺乳或更换其他药物。,
阿美利查尔,
Tobramycin,
因福利美,
泼尼卡松,
派斯钠,
慎用:早产儿和新生儿慎用。孕妇及哺乳期妇女慎用。严重肾功能不全者慎用并相应减量。,
芦别林,
同喷托维林,
Cefpiran,
可的索,
喹诺敌,
甘昔洛韦,
氟甲去氢氢化可的松,
儿童和老年人用药安全性尚未评价。,
SK,
注射剂：2.5mg(0.5ml)，5mg(1ml)，25mg(5ml)；,
耐丝菌素,
忌食辛辣、油腻食物。,
枸橼酸丁胺氧酯,
Zagam,
Cefadroxilum,
Invanz,
希美纳,
肺损伤,
出现过敏症状应立即停药。,
因本药半衰期很短，故治疗严重休克时，应于4h后重复给药。,
盐酸羟考酮,
喹诺仙,
片剂：0.25g；,
注射剂:1.6g，3.2g，1.0g。,
诊断用药,
肝功能减退的患者，即使每周仅用药1～2次，也必须密切观察肝功能的变化。,
成人口服给药一次80mg，一日1次。,
本品不推荐作为哮喘控制的起始治疗药物，应在病情所需皮质激素的合适剂量已确立时使用。如增加使用短效支气管扩张剂来缓解哮喘症状，提示对哮喘的控制尚不满意。,
阿米卡霉素,
肌内注射或静脉滴注：(1)磷酸酯(注射剂)用于成人革兰阳性需氧菌感染每天0.6～1.2g，分为2～4次肌内注射或静脉滴注；厌氧菌感染一般每天用1.2～2.7g；极严重感染可用到每天4.8g；(2)儿童1个月龄以上，重症感染每天15～25mg/kg，极严重可按25～40mg/kg，分为3～4次应用。肌内注射量一次不超过0.6g，超过此量则应静脉给予。静脉滴注时溶于5%葡萄糖注射剂中，0.6g药物应加入不少于100ml的输液中，至少输注20min，1h内输注的药量不应超过1.2g。,
支气管扩张、肺脓疡、肺心病、肺结核患者，应在医师指导下服用。,
爱罗苏,
安保速灵,
Kinalysin,
Cefonicid,
Asmeton Strong,
唯地息,
布地缩松,
利其丁,
喘乐宁,
口服液，一次10～20ml，一天3次。,
盐酸美贝维林,
Kaletra,
Abelcet,
口服，一次1～2片，一日3～4次。可根据情况加大剂量，但应遵医嘱。,
一般情况下，本药口服极量为每次1mg；皮下或静脉注射极量为每次2mg。用于抢救感染性中毒性休克，治疗锑引起的阿-斯综合征和治疗有机磷农药中毒时，往往需用至接近中毒的大剂量，使之达到阿托品化才能奏效。此时即出现瞳孔中度散大、面颊潮红、口干、心率加快、四肢回温、轻度不安等症状。1,
Doxycyclinum,
可倍宁,
Inocor,
FUT,
禁用、慎用：①脾虚易腹泻者慎服。②风寒袭肺咳嗽不适用，症见发热恶寒、鼻流清涕、咳嗽痰白等。③对本品过敏者禁用，过敏体质者慎用。,
三甲啶,
Betamethasone/Betamethasone Dipropionate,
慎用：(1)肝功能损害者；(2)正在服用华法林的患者；(3)孕妇及哺乳期妇女。,
大外科手术前数周内不应使用本品，大外科手术后28天禁用本品，必须等切口完全愈合后才能使用。,
Extractumglycyrrhizae Liquidum,
口服：成人与12岁以上儿童，每次225～450mg，每日2次，早晚餐后服用。老年患者因其肝肾功能多有减退应酌情减量。,
慎用：患有或疑有中枢神经系统疾患，从事驾车和其他机械作业的人员慎用。,
药物对哺乳的影响：尚不明确。,
阿马灵,
过敏体质患者，临床应用时加强用药监护。,
神经过敏,
气管炎溶菌菌苗,
吗啉乙基吗啡,
复达新,
马斯平,
治疗已知或疑及类阿片超量者：开始给予0.5mg(以体重70kg为准)，如必要，可在2～5min以后再给1mg。如总用量达到1.5mg仍未见效，再增加用量也不会产生更好的效果。如怀疑患者是成瘾者，建议开始的剂量应当是0.1mg，如2min内未出现戒断综合征的症状，才能使用常用量。,
儿童:(1)肌内注射：每天3～5mg/kg，分3次给药。(2)静脉滴注：每天3～6mg/kg，分3次给药。,
泰星妥布霉素,
孕妇、哺乳期妇女及老年人慎用；小于2岁儿童不宜服用。,
头孢克洛-水和物,
本品为基因治疗药物，对患者本身的预后，如缓解期、进展时间、中位生存时间、无病生存率(1年或3年)的影响，目前尚无充分资料加以证实。,
禁用PVC增塑的设备稀释或盛装药液。,
儿童：(1)口服给药：每次6.25～12.5mg/kg，每6小时1次；(2)肌内注射：小儿(1周岁以上)，每次12.5～25mg/kg，每6小时1次，作深部肌注；(3)静脉给药：小儿(1周岁以上)，每次12.5～25mg/kg，每6小时1次，静脉滴注或静脉注射。,
成人和3岁以上儿童，接种1剂，每剂0.5ml。,
恶性胸、腹水患者：可预先尽量抽空胸、腹水后使用本品，胸腔内注射每次600μg(以生理氯化钠溶液20ml稀释后注入)。腹腔内注射每次800μg(以生理氯化钠溶液50ml稀释后注入)。胸、腹腔注射均为每周1～2次，共2～4次。,
Atracurium,
用药前后及用药时应当检查或监测:(1)本药在肝病患者中可以蓄积，因此大剂量用药时应监测血药浓度；(2)本药与氨茶碱合用时，应注意监测氨茶碱的血药浓度；(3)本药与华法林合用时应检查凝血酶原时间。,
美素生,
过多、反复应用气雾剂可产生耐受性，此时，不仅肾上腺素β受体激动剂之间有交叉耐受性，而且对内源性肾上腺素能递质也产生耐受性，使支气管痉挛加重，疗效降低，甚至增加病死率。,
暗霉素,
口服：成人1粒/次，2或3次/d，饭后服用。儿童或老人用量酌减或遵医嘱。,
CBDCA,
胶囊：100mg。,
T-1220,
慎用：(1)支气管哮喘、肺气肿及其他严重肺部疾病患者；(2)严重心血管疾病患者；(3)惊厥或有惊厥史者；(4)内分泌疾病患者：如影响下丘脑或垂体功能的内分泌疾病；(5)有闭角型青光眼倾向者；(6)肝肾功能障碍者；(7)有黑色素瘤病史或怀疑有黑色素瘤者；(8)有心肌梗死史者；(9)尿潴留者 ,
G-11021(Z-ChainForm),
胸膜腔内注射：对中等量或大量胸腔积液者选用直径0.3cm硅胶管插管，将胸腔积液引流尽后，可在胸膜腔内注入CP菌苗7mgNS20ml＋DX5mg，然后夹住硅胶管，48h后开放，如无胸腔积液流出，可拔去硅胶管，拍胸片和B超检查胸腔积液情况。中等量以下胸腔积液选用直径0.15cm穿刺针抽液后，再注入上述药，48h复查胸片和B超。对原发灶和其他转移灶可择期全身化疗或放疗等综合治疗。,
苯丙哌酮,
每天服药1次，每次2粒，饭后1h服，21天为1疗程。疗程间应停药1周。,
Clarithromycin,
气管插管，成人1次用量为0.6mg/kg。术中维持量为0.2～0.3mg/kg，老人与小儿均可首选应用此药，因其阻滞可被抗胆碱酯酶药逆转。,
口服倍他米松0.5～5mg/d，分次服用。静脉注射、静脉滴注或肌内注射倍他米松磷酸钠，剂量相当倍他米松4～20mg。儿童缓慢静脉注射，1岁以下剂量相当倍他米松1mg，1～5岁2mg，6～12岁4mg，必要时可24小时重复给药3～4次。局部软组织注射倍他米松磷酸钠，剂量相当倍他米松4～8mg。磷酸钠酯有时也与醋酸酯、二丙酸酯联合应用使作用缓慢而持久。局部应用治疗眼、耳、鼻过敏性和炎症疾病，通常用0.1%滴剂或软膏。,
立克菌星,
Decaderm,
Firstcin,
毛囊炎,
盐酸头孢他美匹酯,
5%～1%的幅度增加吸人浓度。,
片剂：每片重0.6g。,
哌鲁司特,
63mg开始，然后根据临床症状调整剂量 8．在本品的避光包装中存放，可在开启后2周内使用完；使用非原包装避光保存，应在开启后1周内用完 9．20～25℃避光保存 ,
中诺莫奈,
Cephazolin,
Isoniazid/Rifampicin/Pyrazinamide,
吗导敏,
Glycopyrronium Bromide,
格隆溴胺,
莎姆，片剂：每片2mg、4mg。,
药物过量应采取支持治疗，并密切关注电解质和体液平衡。,
灭滴灵,
凯杰舒,
片剂：盐酸盐，5mg；,
组织纤维蛋白溶酶原激活剂,
儿童:静脉给药:(1)婴儿(3个月以内):不宜使用本药。(2)儿童(3个月以上):每次13.3～26.7mg/kg，每6小时1次或每次20～40mg/kg，每8小时1次。,
Caspofungin Ace-tate,
Flutropium Bromide,
儿童:(1)肌内注射：用量以亚胺培南计，体重超过40kg，可按成人剂量给药；体重小于40kg，可按15mg/kg，每6小时1次给药。每天总剂量不超过2g。(2)静脉滴注：用量以亚胺培南计，体重超过40kg，可按成人剂量给药；体重少于40kg，可按15mg/kg，每6小时1次给药。每天总剂量不超过2g。,
药物过量：(1)沙美特罗过量可表现为震颤、头痛和心动过速，首选的解毒药为心脏选择性β-肾上腺素受体阻断药(有支气管痉挛史的患者慎用)；也可发生低钾血症，可补钾治疗。如因β受体激动剂过量而必须停用本药，则应考虑使用适宜的皮质激素替代治疗。(2)急性吸入丙酸氟替卡松超过推荐剂量时，可导致暂时性肾上腺功能抑制，因肾上腺功能通常于数日内恢复，故无需紧急处理。如长期持续用量超过推荐剂量，则可导致肾上腺功能明显受抑，此时可能需监测肾上腺储备功能。但丙酸氟替卡松过量时仍可继续使用适量本药以控制症状。,
儿童：(1)口服给药：结核病：小儿按体重10～20mg/kg，每天不超过300mg，顿服。某些严重结核病患儿(如结核性脑膜炎)，每天按体重可高达30mg/kg(最高日剂量为500mg)；(2)肌内注射：治疗剂量同口服。,
成人：(1)肌内注射：每次0.5～1g，每6小时1次；严重感染者，每天剂量可增加至6～8g；每天最高剂量不能超过12g；(2)静脉给药：剂量同肌内注射；(3)肾功能不全时剂量：肾功能减退患者须调整减量，①肌酐清除率为每分钟80ml者。每6小时给予2g；②肌酐清除率为每分钟50ml者，每6小时给予1.5g；③肌酐清除率为每分钟25ml者，每6小时给予1g；④肌酐清除率小于每分钟10ml者，每6小时给予0.5g；⑤无尿患者每天的维持剂量为1.5g，分次给予。(4)透析时剂量：尿毒症患者在血液透析开始时静脉注射1g，透析全程中可获得有效血药浓度，透析后再静脉注射1g，有效血药浓度可维持48h；也可在透析期间每6～12小时给予1g剂量，以维持血中有效药物浓度。,
孕妇及哺乳期妇女慎用或遵医嘱。1,
赐尔泰,
Bronquinucil,
氨甲苯唑头孢菌素,
哥利迈仙,
Lasolvan,
氨噻肟吡戊头孢,
胶囊剂：每粒含0.15g(头孢羟氨苄0.125g、甲氧苄啶0.025g)。,
Pediapred,
丙酸倍氯松,
本品极易潮解，粉剂一旦吸湿即黏附成团，不能均匀喷散，故药物使用时必须注意防潮。,
交叉过敏:患者对一种大环内酯类药过敏时，对其他大环内酯类药也可能过敏。,
皮下注射：成人首次0.1～0.2ml，以后每周1次，每次递增0.1～0.2ml。维持剂量为每次0.5～1.0ml(每周1次)，疗程3～6个月。,
大咯血,
应准备好急救药品和器械。如出现长时间的呼吸暂停，应尽快给氧和气管插管，直至自主呼吸已充分恢复为止。此外，还可使用新斯的明或依酚氯铵抢救。同时并用硫酸阿托品。,
赛特定,
霉可乃除,
宜佛斯酰胺,
阿化斯汀,
磺胺灭脓,
皮内注射，吸取本品0.1ml(5U)，皮内注射于前臂掌侧。于注射后48～72h检查注射部位反应。测量应以硬结的横径及其垂直径的毫米数记录之。5U制品反应平均直径应不低于5mm为阳性反应。凡有水泡、坏死、淋巴管炎者均属强阳性反应，应详细注明。,
愈甘醚,
NSC-125066,
达克舒林,
注射剂：1.5ml(80mg/ml)；3ml(80mg/ml)。,
以下对象禁用：(1)早产儿及新生儿。(2)有下呼吸道疾病包括哮喘的患者。(3)对本品成分可待因、麻黄碱、吡咯吡胺、愈创木酚磺酸钾过敏的患者。(4)正在进行单胺氧化酶抑制剂治疗、严重高血压及冠心病患者。,
本药与类固醇、支气管扩张药等不同，不能快速减轻气喘发作及症状，故用于支气管哮喘的治疗时应谨慎。,
18F-FDG,
Cromolyn,
过量可引起呼吸抑制、惊厥、昏迷、死亡。,
5倍时，应停用本品治疗。,
本药对急性哮喘发作和明显的哮喘症状不能立即起效。若服用本品后未见效，不可长期服用。实验显示，本品能通过大鼠乳汁消除，乳汁中药物浓度高于血药浓度，故哺乳期妇女如需使用本品必须加倍注意。如药液滴到眼睑皮肤上时，应立即擦去。,
酰胺三唑核苷,
溃疡性结肠炎,
长期用药时应注意监测肝功能；本药与茶碱合用时，需监测茶碱血药浓度。,
混悬剂：125mg(5ml)(每瓶50ml或100ml)，250mg(5ml)(每瓶50ml或100ml)。,
悉复欢,
静滴：负荷剂量为0.5～1.0μg/kg。维持剂量为0.25～4μg/(kg·min)，必要时可用到2μg/(kg·min)，或间断静注0.25～1.0μg/(kg·min)。,
口服：2粒/次，3次/d，小儿酌减或遵医嘱。,
莎姆,
抗细菌药,
意识障碍,
本品妊娠毒性分级为X，使用本品的妇女若有怀孕可能，每月应进行一次怀孕检查。,
其他注意事项参见利福平、异烟肼和吡嗪酰胺的相关内容。,
表面麻醉：(1)用0.5%眼膏，涂于眼结膜，也可用0.5%～1%的滴眼液，每1～2小时滴1次；(2)外用软膏：用0.5%的软膏，痔疮和皮肤病可涂敷于患处，24h用量以38mg为限；(3)外用乳膏：用1%的乳膏，可用于痔疮或皮肤病，用量与软膏相同；(4)外用液的浓度为0.5%～2.0%，可用棉花或纱布浸润后涂敷于咽喉，气管或食管等处，或喷雾，以便于进行各项检查操作。每1ml外用液中可加入肾上腺素0.1μg，以使吸收减慢，防止逾量。,
希刻劳,
孕妇及哺乳期妇女仅在治疗的益处高于其危险时服用本品。,
喷雾吸入：用于液化痰液，可制成0.05%溶液雾化吸人。,
用于危重疾病的急救用药：推荐剂量每次30mg/kg，静脉给药时间不得少于30min。此剂量可在48h内，每4～6小时重复给药1次。,
链球菌激酶,
Formoterol,
溶液摇匀后于液闪仪上作样品碳14C放射性测定2min。,
噻吗氧头孢菌素,
煎膏剂：每瓶50g，100g，125g，180g，240g，250g。,
诺科隆,
本药潴钠作用微弱，不宜用于肾上腺皮质功能减退的替代治疗。,
Ambroxol,
氟氯舒松,
改良链激酶,
氨噻羧单胺菌素,
成人：(1)口服给药：①结核病；预防：每天300mg，顿服；治疗：与其他抗结核药合用时，按体重每天5mg/kg，最高300mg。或每次15mg/kg，最高900mg，每周2～3次；②细菌性痢疾：每次200mg，每天3次，连服3～7天；③百日咳：每天按体重10～15mg/kg，分3次服；④麦粒肿：每天按体重10mg/kg，分3次服。,
尚无儿童相关资料。,
氯哌啶,
舒血宁,
皮质醇,
慎用：16岁以下儿童慎用。,
每周疗法：35～40g/m2，每周1次，连用6周停2周。为预防液体潴留和过敏反应的发生，从使用本品前1天开始口服地塞米松，每天16mg，连续5天。,
成人:(1)静脉滴注：泌尿系以外的严重感染:每天10～20g，分4次静脉滴注。全身性严重铜绿假单胞菌感染:每天剂量可增加至24g，分4次静脉滴注；(2)胸腔、腹腔或关节腔给药：每次0.5～1kg；(3)膀胱冲洗：0.2%溶液；(4)气雾吸入：每次0.5～1g，溶于3～5ml灭活注射用水中。,
儿童每天25～50mg/kg，每12小时1次 严重肾功能衰退的患者(肌酐清除率每分钟10ml或更低)，成人剂量每24h不得超过800mg ,
忌食辛辣食物。阴虚咳嗽者慎用。,
美蓝,
Aldecin,
巴卡西林,
噻庚酮,
甲基红霉素,
老年患者及肾功能、肝功能不全患者应使用推荐剂量。,
茚满酯羧苄青霉素,
来立信,
肺炎衣原体肺炎,
成人：(1)常用剂量:每次150～300mg，每天4次。(2)重症感染:每次可增至450mg，每天4次。,
超剂量使用可发生降压，应减量或停药。,
注射剂：4mg(1ml)。,
盐酸吗啡,
药物对儿童的影响：根据目前资料，6个月以下儿童免疫系统发育尚不成熟，故不推荐服用本药。,
中枢性麻醉性镇咳药,
Tazidime,
头孢4号,
考地索,
对正在用肾上腺皮质激素或其他平喘药治疗者，用本品后继续用原药至少1周或至症状明显改善后，才能逐渐减量或停用原药。,
溴化万科罗宁,
激素类,
倍氯美松双丙酸酯,
硫酸阿托品,
与乙胺丁醇联合应用时，更需注意视力、视野检查。如疗程中出现视力减退或其他视神经炎症状时应立即停用并进行眼部检查，并定期复查。,
儿童口服给药：治疗盘尾丝虫病：15kg以上或5岁以上患儿0.15mg，每12个月1次。,
肌内注射：用于支气管哮喘：每次40mg，3周1次，连续5次为1个疗程，症状较重者每次80mg；6～12岁儿童减半，在必要时3～6岁幼儿可用成人剂量的1/3。用于过敏性鼻炎：每次40mg，每3周1次，连续5次为1个疗程，或下鼻甲注射，鼻腔先喷1%的利多卡因液表面麻醉后，在双下鼻甲前端各注入本品5～20mg，每周1次，连续5次为1个疗程。,
氙[133Xe]注射液：1ml∶37～740MBq。,
意欣,
羧噻吩甲氧青霉素,
醋氮酰胺,
毛霉病,
成人：(1)肌内注射：每24小时1～2g或每12小时0.5～1g。最高剂量每天不能超过4g。淋病推荐剂量为单剂注射250mg；(2)静脉给药：每24小时1～2g或每12小时0.5～1g。最高剂量每天不能超过4g；(3)肾功能不全剂量：建议肾功能不全患者每天剂量小于2g；(4)老年人剂量：老年患者的用药剂量和一般成年人相同，不需调整；(5)透析时剂量：血液透析不能有效清除药物，透析后不需增补剂量。,
Aerobid,
羧苄西林钠苯酯,
舒其松,
Etapenem,
毛花甙,
老年人、严重心血管患者、肺功能不全者慎用。,
治喘灵,
对于中至重度季节性过敏性鼻炎患者，建议在花粉季节开始前2～4周使用本药鼻用气雾剂作预防性治疗。每次用药前应充分振摇容器。,
氢泼尼松,
Cefuzonam,
肺结核,
室性心动过速,
口干,
Rifinah 150,
非格司亭,
鼻窦炎,
林可霉素类,
使用全身糖皮质激素的患者换用本药时，某些患者尽管鼻部症状有所缓解，但可发生全身用药时糖皮质激素的停药症状如关节和(或)肌肉痛，乏力及抑郁，这时需鼓励患者继续使用本药。此外，全身用糖皮质激素转为鼻腔局部应用时亦可暴露出原先存在的过敏性疾病，如过敏性结膜炎和湿疹(因这些病症在全身用药时受到抑制)。1,
不宜用作静脉注射，局部注射时不应太浅，每次用药总量不要过多。,
婴儿的安全性尚未确立，未满2岁者慎用。,
Pentamidine,
儿童:口服每天3～6mg/kg，分3次给药。,
成人：(1)口服给药：每次0.25～0.5g，每6小时1次，严重感染时可增至每次1g。每天最高量为4g；(2)肌内注射：每次0.5～1g，每6小时1次，作深部肌注。每天最高量为8g；(3)静脉给药：每次0.5～1g，每6小时1次，静脉滴注或静脉注射。每天最高量为8g；(4)肾功能不全时剂量：肾功能减退者须减少剂量或延长给药间期。肌酐清除率大于每分钟20ml时，其推荐剂量为每6小时0.5g；肌酐清除率为每分钟5～20ml时，其剂量为每6小时0.25g；肌酐清除率小于每分钟5ml时，其剂量为每12小时0.25g。,
盐酸左旋沙丁胺醇,
索布氨,
NM-441,
铭乐希,
注射剂(粉)：0.25g，0.3g。,
推荐剂量1000mg/m2，加入生理盐水中静脉滴注30min，每周1次，连用3周休1周，每4周重复；或每周1次，连用2周休1周，每3周重复。使用中应依据患者毒性反应调整剂量。,
口服，成人一次10～15ml，每天3次。儿童用量酌减。,
慎用：(1)肾功能严重损害者；(2)有哮喘、湿疹、枯草热、荨麻疹等过敏性疾病史者；(3)老年人。,
成人：(1)肌内注射：每天1～2g，分2次作深部肌内注射。可用0.5%～1%利多卡因注射剂作溶剂；(2)静脉注射：每天1～2g，缓慢静脉注射，每天2次，每次历时至少4～6min；(3)静脉滴注：每天1～2g，静脉滴注，每次历时30min。重度感染：每天剂量可酌情递增至4g，分2～3次静脉滴注，每次历时30min。,
严重哮喘患者慎用。,
应在医师指导下用药。,
罗力得,
慎用：脑水肿、心动过速、甲亢、心律不齐、心脏病、嗜酪细胞瘤、支气管哮喘、溃疡病、急性心绞痛及孕妇、急性血卟啉症 ,
支气管哮喘患者服用本药后，可能使痰液黏稠而不易咳出，从而加重呼吸困难，故有下呼吸道感染及哮喘患者不宜用本药。,
静脉滴注：用于术后催醒，在需要时可采用静脉滴注法。药物用5%葡萄糖注射剂或氯化钠注射剂稀释至1mg/ml，静脉滴注开始时每分钟5mg，获效后减至每分钟1～3mg，总用量最多为4mg/kg。,
Ceftizox,
鲁氟沙星,
儿童：每天75mg/kg，分2～4次给药。,
甲基强的松龙,
注射剂(粉)(钠盐)：500μg。临用时以pH10.5的含甘氨酸的专用缓冲剂溶解。,
药物对儿童的影响儿童用药安全性和有效性尚未明确。,
氨羧甲氧头孢菌素,
交叉过敏:本药与青霉素类药有交叉过敏。,
成人常用量：0.25%气雾剂每次吸入1～2揿，每天2～4次；舌下含服，每次10～15mg，每天3次。极量每次20mg，每天60mg。,
Bumex,
咳乐钠,
MTX,
Temopen,
氢化考的松,
孕妇和婴幼儿避免大面积长期使用。,
安卡星,
长期用激素治疗的患者，给本药后可将激素减量，但应仔细观察，逐步进行。,
氨双吡酮,
同头孢菌索和TMP及青霉素类抗生素。,
成人：(1)肌内注射：①中度感染(皮肤和软组织感染、泌尿系统感染、呼吸道感染)：维持量为每次200mg，每天1次；②严重感染(骨和关节感染、败血症、心内膜炎)：维持量为每次400mg，每天1次。心内膜炎和骨髓炎的疗程推荐为3周或3周以上。(2)静脉注射：①矫形手术预防感染：麻醉诱导期单剂量静脉注射400mg；②中度感染(皮肤和软组织感染、泌尿系统感染、呼吸道感染)：负荷量为第1天1次给药400mg；维持量为每次200mg，每天1次；③严重感染(骨和关节感染、败血症、心内膜炎)：负荷量为开始3次剂量每次400mg，每12小时给药1次；维持量为每次400mg，每天1次。心内膜炎和骨髓炎的疗程推荐为3周或3周以上；④严重烧伤感染或金黄色葡萄球菌心内膜炎：维持量为每天12mg/kg。(3)静脉滴注：同静脉注射剂量。(4)肾功能不全时剂量：肾功能受损患者，前3天按常规剂量给药，第4天开始根据血药浓度的测定结果调节用量。①轻度肾功能不全者(肌酐清除率在每分钟40～60ml之间)，按常规剂量，每隔1天1次，或剂量减半，每天1次；②严重肾功能不全(肌酐清除率小于每分钟40ml)，按起始剂量给药，每3天1次；或按常规剂量1/3给药，每天1次。(5)透析时剂量：持续不卧床腹膜透析者：发热患者，第一次负荷剂量静脉给药400mg，然后推荐在第1周中每袋透析液内按20mg/L的剂量加入本药，在第2周中于替换的透析液袋中按20mg/L的剂量给药，在第3周中仅在夜间的透析液袋内按20mg/L剂量给药。,
足叶乙苷,
艾比特思,
静脉注射或静脉滴注：成人每次0.25～0.5g，小儿每次2～3mg/kg，以25%～50%葡萄糖注射剂20～40ml稀释后缓慢静脉注射（不得少于10min）或以5%葡萄糖注射剂500ml稀释后静脉滴注。因刺激性大，不宜肌内注射。,
悦复能,
阿棒,
流浸膏：500g/500ml。咳嗽糖浆：含桔梗、桑白皮、沙参、贝母、薄荷等。口服每次4～8ml，每天4次。痰咳宁片：每片含桔梗流浸膏0.08ml、远志流浸膏0.05ml、甘草浸膏0.055g、麻黄碱5mg、酒石酸锑钾0.5mg、苯甲酸钠1mg。口服每次1～2片，每天3次。,
本品需用100ml,
磺斯安,
合成鱼腥草素,
高敏体质及心、肺、肾疾病患者慎用。,
复方氯丙那林片：每片含盐酸氯喘通5mg、盐酸溴己新10mg、盐酸去氯羟嗪25mg。,
脑损伤,
注射剂：0.25g，0.5g。,
所有神经肌肉阻断药均不可与碱性溶液(如硫喷妥钠)配伍。,
无明确禁忌证。但对妊娠妇女、阴虚火旺者需慎用。,
其他用药,
箭毒碱,
氨氯吡咪,
Aztreonamum,
Deltacortone,
应用本品前，必须与使用其他肌松剂一样，做好气管内插管、进行呼吸机人工呼吸的准备。应用本品的手术必须在全麻下气管内插管控制呼吸。,
硝酸酯类药,
乐铂,
根据需要调节吸入浓度。在有呼吸支持设备的条件下应用。多次使用氟烷麻醉者最好间隔3个月以上。氟烷麻醉下出现心动过缓时，应用阿托品可使副交感神经张力完全消失，增加室性心律失常的发生率。,
萨地同,
注射剂:200mg(2ml)，100mg(2ml)，400mg(10ml)(用前需稀释)，200mg(50ml)，200mg(100ml)，400mg(100ml)(可直接输注)；,
环戊哌利福喷丁,
环戊哌嗪利福霉素,
Maxaquin,
克敏能,
体重小于50千克者：每次3片(卫非宁TM150)每天1次；,
青霉素P12,
霉可唑,
口服：每次20ml，每天3次。,
单水头孢氯氨苄,
Erythromycinum,
史达功S250,
Nebcin,
白喉,
抗胆碱能药,
Benzetamophylline,
小儿呼吸道合胞病毒肺炎,
本药禁与羟苯甲酸甲酯、对羟苯甲酸丙酯或苯酚等混合使用。,
注射剂（粉）：40mg；,
瘫痪,
Poractant Alpha,
静脉注射：每次2.5～15mg，用注射用水稀释至4～5ml，缓慢注入(持续4～5min)，并须备有吗啡拮抗剂和辅助呼吸设备。,
成人：(1)一般用量：每次500mg，每天2次。(2)下呼吸道感染：①支气管炎：每次250～750mg，每天2～3次，疗程7～14天；②肺炎：每天500～1500mg，疗程10天。(3)耳鼻喉科感染：①急性中耳炎，每次10mg/kg，每天2次，疗程7天；②慢性中耳炎：每次250～500mg，每天2次；③鼻窦炎：每次500～1000mg，每天2次，连续用药7天；④扁桃体炎，每次1000mg，每天2次，疗程7～10天。(4)尿路感染：①无并发症的尿路感染，每次250～500mg，每天2次，疗程3～7天；也可以一次性给药1500～2000mg；②有并发症的尿路感染：每天2000mg，分1～2次给药，疗程10～15天；③急性淋病性尿道炎：一次性给药500～1500mg。,
Cleanal,
胶囊剂：0.28g/粒。,
药物对老人的影响：老年人多见肾功能减退，应慎重给药。,
甲强松,
Human Gamma Seroglobulin ,
多普兰,
本品起效较慢，对于症状发作不能迅速缓解，急性发作时应及时应用其他药物。,
Rifaldin,
成人：(1)抗结核病：每天10～20mg/kg，分3～4次服。也有每天900mg的用法；(2)抗麻风病：每次600mg，每天1次，连服6天，停服1天。6个月为1个疗程。,
去炎松,
菲洛非宁,
Desametasone,
胶囊：20mg。,
利迈先,
副球孢子菌病,
复方庆大霉素,
Sodium Houttuyfonate,
急性左心衰：吗啡10mg，皮下或肌内注射，可降低前后负荷，减轻呼吸困难，减少耗氧量，减轻患者忧虑。,
唑啉头孢菌素,
PGX,
古司培莫斯,
Lincomycinum,
异福酰胺,
用于肿瘤的辅助治疗：(1)皮肤划痕法：在四肢皮肤上纵横划痕各10条，交叉成方块状，每条划痕长5cm，在其上置BCG悬液(每毫升75mg干重活菌)，一次1～2ml，每周1～2次，一般10～20次为1个疗程。(2)瘤内注射：将BCG注入肿瘤结节内，多用于恶性黑色素瘤，剂量为一次0.05～0.15ml。(3)口服：每周口服75～150mg(最多200mg)1～2次，1个月后改为每周或2周1次，第3个月后每月1次，直至一年以上。口服前将BCG置于胶囊中或混在一杯橘子水中1次服下。(4)胸腔内注射：于肺癌术后3～5天由胸腔引流管内注入BCG2～4ml(150～300mg活菌)。,
Prednisone,
药物对儿童的影响:本药在6个月至12岁小儿中应用，耐受性良好；但在小于6个月小儿中的疗效和安全性尚未确定。,
口服：成人每天150～200mg。早晨空腹顿服。儿童3～4mg/kg，一次服用，治疗肺结核病的疗程为6～12个月。,
Lincocin,
胶囊剂：每粒含洛匹那韦133.3mg，利托那韦33.3mg；,
急性心肌梗死,
复合利福平,
利康霉素,
低血糖,
鸦胆子油乳注射剂,
丽珠强派,
注射剂(粉)：0.5g，1.0g，2.0g。,
强力阿莫仙,
第一代,
口服给药：每天总量为120μg，分3次服用。,
过量中毒时可用纳洛酮治疗。,
老年病人、慢性肝肾疾病患者和非典型血浆胆碱酯酶基因纯合子病人，插管用推荐剂量不必要降低，但稳态滴注速度宜适当减慢。,
药物对妊娠的影响：本药用于妊娠后期3个月时，可使胎儿动脉导管闭锁引起持续性肺动脉高血压。,
儿童口服给药：(1)抗结核：①5岁以上每天按体重10～20mg/kg，顿服；②新生儿，每次5mg/kg，每天2次；(2)脑膜炎球菌带菌者(无症状)：1个月以上小儿每天10mg/kg，每12小时1次，连服4次。,
樟脑阿片酊,
交叉过敏：对一种青霉素类药过敏者可能对其他青霉素类药过敏，也可能对青霉胺或头孢菌素类药过敏。,
心血管功能不全、高血压、甲亢患者及孕妇慎用；老年及对β受体兴奋剂敏感者慎用。,
Imurel,
气管内插管术,
呋苄青霉素,
口服：每次5～10mg，每天3次。预防夜间发作可于睡前加服5～10mg。,
更生霉素,
Cefsulodine,
胡茭喘定,
叔丁氯喘通,
迪克菲,
金嗓开音胶囊,
硫苯咪唑青霉素,
风寒咳嗽不宜服用。,
慎用：(1)中枢神经系统处于抑制状态的急性酒精中毒。(2)有药物滥用或成瘾史者。(3)癫痫患者(突然停药可导致发作)。(4)肝、肾功能损害者(可延长本药的清除半衰期)。(5)运动过多症患者。(6)低蛋白血症患者(可导致患者嗜睡难醒)。(7)严重精神抑郁者(可使病情加重，甚至产生自杀倾向)。(8)严重慢性阻塞性肺病患者(可加重呼吸衰竭)。(9)重症肌无力者(可使病情加重)。(10)老年人。(11)同时使用神经系统药物如吩噻嗪类、麻醉镇痛药、巴比妥类，抗抑郁药，东莨菪碱及单胺氧化酶抑制剂者。(12)因本药可损伤精神运动功能，故服药后24h内不宜驾车及操纵机器。,
本品不宜长期使用，以免产生耐药菌株及发生二重感染。,
口服：每次400mg，每天1次，连用3～7天。,
慎用：(1)慢性肺部疾病患者。(2)低血压、高血压、甲状腺功能亢进及青光眼患者。,
对青霉素过敏者慎用。,
肺吸虫病,
Vetstrap,
鼻息肉,
儿童：静脉给药：①一般用量：每天50～100mg/kg，分4次给药；1周内的新生儿每12小时20mg/kg，大于1周者每8小时20mg/kg。②预防手术后感染：术前0.5h和手术期间按20～30mg/kg给药，术后每6小时给药1次。,
用药前后及用药时应当检查或监测:(1)听电图测定(尤其对老年患者)，用以检测高频听力损害；(2)温度刺激试验，用以检测前庭毒性；(3)肾功能测定；(4)血药浓度监测，以避免血药浓度峰值超过12μg/ml和谷浓度超过2μg/ml(本药的有效治疗浓度范围为4～10μg/ml)；(5)长期接受妥布霉素治疗的患者，应定期监测血清镁浓度。,
慎用：(1)冠心病、严重心动过速、心律失常；(2)心力衰竭尚未纠正时；(3)重症高血压；(4)气道堵塞、胸廓塌陷、呼吸肌轻瘫、气胸等引起的呼吸功能不全；(5)急性支气管哮喘发作或有发作史；(6)肺栓塞及神经肌肉功能失常导致的呼吸衰竭；(7)矽肺或肺纤维化呼吸受限等所致的肺部病变；(8)孕妇及12岁以下的儿童；(9)肝功能不全。,
片剂:0.25g，0.5g；,
结核菌素纯蛋白衍生物,
肾功能不全者应减量使用。,
普鲁司特,
口服给药：每次1～2mg，每天3～4次，饭后及睡前服。维持量为每次1mg，每天2次。单次极量4mg，每天极量12mg。,
0.044,
环耐宁,
亚胺硫霉素/西拉司丁钠,
本品多用于院内获得性肺炎、并发腹腔感染、严重危及生命或肢体的感染等严重感染。,
Epoprostenol,
Tamiflu,
静脉滴注：每次0.2g，每天2次，稀释于5%葡萄糖注射剂250ml中滴注。,
Codeine Phosphate,
利复星,
维宁佳,
口服液：每支10ml。,
Ketek,
Airum,
硫酸丁胺卡那,
抗肿瘤药物,
羟苄磺唑头孢菌素钠,
Globacillin,
其他,
头孢替唑注射剂：0.25g/支；0.5g/支；1.0g/支；1.5g/支；2.0g/支；4.0g/支(以头孢替唑计)。密闭，在凉暗干燥处保存。有效期暂定18个月。,
Tazocin,
Biklin,
异丙喹喘宁,
口服，一次3粒，2次/d。,
6-O-甲基红霉素A,
过敏反应偶见于有变态反应史或支气管哮喘病人。部分病人对日光敏感化。禁用于对本品及磺胺过敏者。,
静注应加25%葡萄糖注射液稀释后缓慢注入。,
吸入：每次3～4揿．每天3～4次。,
左氟沙星,
有严重肝、肾损害者以及白细胞或血小板严重减少患者及小儿和孕妇慎用。,
用药期间应注意检查肺、肾功能及其他毒性反应。置于密闭、凉暗干燥处保存。,
Calc-Hepin,
本品抗胆碱作用仅为阿托品的万分之一，可用于不宜使用抗胆碱药的患者(如青光眼或前列腺增生患者)。,
静脉滴注，每次20ml，加入500ml5%葡萄糖注射液，注意控制滴速在60滴/min内，每日1次。,
阿戈托班,
舒喘灵,
头孢多星酯,
Cabimicina,
面部,
药物对妊娠的影响：药物可少量经母乳排泄使婴儿致敏，出现腹泻、念珠菌感染和皮疹。哺乳期妇女应用本药要权衡利弊。,
咯血,
球孢子菌病,
不应同时并用氨基苷类抗生素。,
雾化吸入：100～200mg溶于10～20ml生理盐水中。,
Netilmicin,
雷托那韦,
鬼臼乙叉苷,
喘通,
糖浆剂：每瓶：120ml。颗粒剂：每袋12g。口服液：每支10ml。,
肝功能不全时应慎用并减量，对腹腔积液及黄疸患者可每两天用药1次。,
Sulperacillin,
芽生菌病,
糖浆剂：20mg(1ml)；,
去炎松-A,
Broncholysobacteria vaccine,
气雾剂：25mg。,
醋酸泼尼松龙(PridnisoloneAcetate)片剂：5mg。,
Proventil,
丽珠芬,
便秘,
老年人应根据肾功能确定剂量或给药间隔。,
兰勃素缓释胶囊,
严重肝、肾功能障碍者。,
口服：每次15ml，每天3次。,
Compound Codeine Platycodon Tablets,
眩晕,
Romycin,
戊烷脒,
Innohep,
丙对卡因,
西艾克,
阿红霉素,
Procarine Benzylpenicillin,
心律失常,
成人:(1)肌内注射：轻至中度感染，每天0.5～2g，分2～4次溶于灭菌注射用水或0.5%利多卡因注射剂中作深部肌内注射。(2)静脉给药：每天0.5～2g，重度感染每天剂量可至4g。分2～4次溶于灭菌生理盐水、等渗氯化钠注射剂、5%～10%葡萄糖注射剂中静脉注射或静脉滴注。(3)肾功能不全时剂量：肾功能不全时应根据肌酐清除率调整剂量。肌酐清除率超过每分钟60ml时，标准剂量每8小时1g，最大剂量每8小时2g；肌酐清除率每分钟31～60ml时，标准剂量每12小时1g，最大剂量每8小时1g；肌酐清除率每分钟15～30ml时，标准剂量每24小时1g，最大剂量每24小时1g；肌酐清除率小于每分钟15ml时，标准剂量每48小时1g，最大剂量每24小时1g。(4)透析时剂量:头孢唑肟经血液透析可清除相当多的给药量。对于接受血液透析者，一般剂量为每48小时500mg，或每24小时250mg；对于更为严重的感染，应该采用每48小时0.5～1g，或每24小时0.5g。,
氟芬合剂,
注射用培氟沙星：200mg，400mg。,
片剂：0.25mg，0.5mg，1mg，2mg；,
氟哌喹酸,
卡马特灵,
泽娃灵,
Dipropyline  Citrate,
丙酸倍美松,
慎用(1)已接受过放射治疗者。(2)有骨髓抑制者或当肿瘤已侵犯骨髓时。(3)有痛风病史或有尿酸性肾结石病史者。(4)肝功能不全者。(5)有急性发作的气短及支气管痉挛，尤其是已使用丝裂霉素而肺功能障碍者。,
慎用:(1)过敏体质者；(2)肾功能不全者；(3)肝功能不全者(有报道酒精性肝硬化患者对本药的总清除率可降低20%～25%)；肝功能受损的患者应观察其动态变化。(4)孕妇；(5)哺乳期妇女；(6)婴幼儿；(7)老年患者。,
老年人、婴幼儿、孕妇、哺乳期妇女使用安全性：孕妇禁用。,
依封氯铵,
静脉注射、静脉滴注或肌内注射：,
扑尔伪麻,
在使用前，注射药物产品需以肉眼检查有否特别物体及变色。在无菌环境下，将稀释液加入无菌粉末药瓶中，只可使用特定的稀释液。甲泼尼龙琥珀酸钠溶液与其他药物予静脉输注混合液中的静脉注射兼容性及稳定性受混合液中酸碱度、浓度，时间、温度及本药自身溶解性的影响。为了避免兼容性及稳定性问题，建议在任何情况下，应尽可能让本药与其他药物分开投药。,
注射用头孢呋辛钠(1.05g头孢呋辛钠相当于1.0g头孢呋辛)：0.75g，1.5g，0.25g，0.5g。片剂：0.125g，0.25g，0.5g。,
Betamethasone,
药物对老人的影响：老年人不宜使用本药。,
气雾剂：硫酸盐，每瓶含本品225mg，每喷一次约含本品0.65mg。,
慎用：(1)有β-内酰胺类家族过敏史者；(2)早产儿和新生儿；(3)孕妇及哺乳期妇女；(4)严重肾功能不全者慎用并相应减量；(5)患有哮喘、皮疹或变态反应者。,
Spiropent,
新敏乐,
忌烟、酒及辛辣、生冷、油腻食物。,
服用本品后不宜驾车或操作机械。,
大剂量突击疗法：用于严重中毒性感染、休克、哮喘持续状态、肾上腺危象、急性排异反应、严重皮肤病如剥脱性皮炎、天疱疮等，首剂可静脉滴注200～300mg，根据病情调整用量。疗程不超过3天。,
可乐必妥,
新安宁,
Mabuterol,
间羟叔丁肾上腺素,
安欣,
汉防己甲素,
片剂：0.25g（含麻黄碱3.2～3.4mg）。,
倍他美松,
Glycopyrrolate Bromide,
成人静脉滴注外周血管病：间歇滴注小于或等于2ng/(kg·min)，每次持续滴注5～12h，连续3～6d或持续滴注14～48h。对雷诺综合征患者严重缺血时，可连续用药14～28天。肾功能不全时剂量开始剂量应为0.5ng/(kg·min)，然后以0.5ng/(kg·min)逐渐增量，直至出现轻微头痛和发热为止。肝功能不全时剂量见肾功能不全时剂量。成人静脉给药为了避免或减少不良反应的发生，开始时应以低速度输入0.5ng/(kg·min)，然后逐渐递增至最大剂量。,
Cillimicina,
肾功能不全者慎用，需用时应调整剂量。,
艾洛松,
心绞痛,
与口服降糖药或胰岛素合用时应注意监测血糖。有可能发生假膜性肠炎。如在治疗时有疼痛感、发炎或肌腱断裂应停用本品。用药期间应避免过度日光或人工紫外线照射。,
给药后，患儿继续进行机械通气，各项机械通气指标应与给药前一致；然后再根据患儿的临床表现，尤其是胸廓扩张情况和血气指标，及时调节呼吸机设置通气指标。由于给药后患儿的血氧分压、饱和度迅速提高，因此应密切动态观察动脉血气的变化。,
白萝仙,
Gentamicin Compound,
本药的疗效与用药方法之正确与否关系极大，必须教会患者正确的用药方法。无论气雾吸入，粉雾吸入或局部喷布，务必使药物尽量到达病变组织，喷布时间必须与患者呼吸协调一致。,
Adreson,
口周皮炎,
本药应在晚饭后服用。,
注射剂中含有亚硫酸钠，常引起过敏，甚至全身过敏，有哮喘病或其他易感人群应避免使用。,
Caprolin,
四肢,
PUFX,
富马酸扎莫特罗片：200mg。,
对使用本药时间较长者，应定期检查肝、肾及血常规凝血酶原时间。,
奈他美,
Toclase,
甲氟哌酸,
抗炎症介质类药物,
1．交叉过敏：本药与青霉素类药、头孢菌素类药有交叉过敏。2．慎用：(1)单核细胞增多症患者。(2)严重肾功能障碍者。(3)有哮喘、湿疹、花粉症、荨麻疹等过敏性疾病史者。3．药物对儿童的影响：1岁以下儿童应用本药的安全性尚未确立，应慎用。4．药物对老人的影响：老年人用药须调整剂量。5．药物对妊娠的影响：孕妇应用本药的安全性尚未确立。因此，孕妇用药应权衡利弊。6．药物对哺乳的影响：少量阿莫西林可分泌入母乳中，可能导致婴儿过敏，故哺乳期妇女应慎用或用药期间暂停哺乳。7．药物对检验值或诊断的影响：(1)以Clinitest、Benedict溶液或Fehling溶液进行尿糖测定时可出现假阳性，用葡萄糖酶法测定则不受影响。(2)孕妇使用本药口服制剂时，血浆中的结合雌三醇、雌三醇-葡萄糖苷酸、结合雌酮、雌三醇会出现一过性升高。8．用药前后及用药时应当检查或监测：长期或大剂量用药者，应定期检查肝、肾功能和造血系统功能。淋病患者初诊及治疗三个月后应进行梅毒检查。9．用药前须详细询问患者过去病史，包括用药史、过敏反应史，以及有无家族变态反应疾病史。10．给药(包括口服给药)前必须作皮肤过敏试验，皮试阳性反应者不能使用。11．本药与重金属(特别是铜、锌和汞)有配伍禁忌。12．接受别嘌醇或双硫仑(Disulfiram)治疗的患者，不宜使用本药。13．用药中如出现二重感染应及时停药，并予以相应处理。14．药物过量的处理：用药过量时主要采取对症治疗措施，必要时也可采用血液透析清除部分药物。15．阿莫西林钠舒巴坦钠配成溶液后必须及时使用，不宜久置。,
噻喘酮,
慎用：(1)葡萄糖-6-磷酸脱氢酶(G6PD)缺乏者；(2)周围神经病变者；(3)肺部疾病患者；(4)肾功能减退者。,
交叉过敏：对一种青霉素类药过敏者可能对其他青霉素药过敏，也可能对青霉胺或头孢菌素过敏。,
通达霉素,
研立双,
百日咳,
本药吸入剂50μg/100μg、气雾剂25μg/50μg不适用于成人(或儿童)严重哮喘患者。,
Gilurytmal,
慎用：(1)支气管哮喘患者；(2)术后肺不张或肺炎患者；(3)心律失常尤其是房室传导阻滞者。,
Kenacomb,
为防止产生耐药菌，使用前必须进行药敏试验，限敏感菌使用，并尽量缩短疗程至最低限。,
其余注意事项参见氢化可的松的相关内容。,
Compound Theophylline,
威乐星,
静脉注射或静脉滴注不可肌内注射，成年人用于气管插管剂量为0.08～0.1mg/kg；手术中维持用量为0.01～0.015mg/kg，(或静脉注射补充0.03～0.05mg/kg)根据需要可重复给药。与安氟烷或异氟烷合用，可减少前两药用量的20%～30%。1～10岁儿童初始剂量可稍增，重复给药的间隔时间也可酌情缩短；10～17岁与成人同样处理。,
沃克,
先特能,
急性呼吸窘迫综合征,
索尼芬新琥珀酸盐,
密闭阴凉处保存。,
氨甲酰基吡嗪,
肺动脉高压,
恩度,
肉桂氨茴酸,
Bevacizumab,
装有集气剂2.0ml/瓶(含氢氧化海胺2mmol)的闪烁瓶40瓶。,
本品并不能迅速减轻正在发作的支气管哮喘，须向患者说明。,
哮喘持续状态,
苄星青霉素G,
外感风寒，痰涎壅盛者禁用，其表现为咳嗽气急，痰多稀薄色白，易咯出，伴鼻塞，流清涕，头身疼痛，恶寒发热。,
克瘤灵,
环戊哌丙醇,
慎用：(1)糖尿病；(2)肾脏疾病；(3)肝脏疾病；(4)外周血管疾病(手指或脚趾血液循环不畅)；(5)甲状腺功能低下；(6)肺功能异常；(7)孕妇、哺乳妇女。,
该制品由卡介菌培养物中提取，其功能与结核菌素纯蛋白衍生物一致，但免疫原性略低于结核菌素纯蛋白衍生物，对结核菌感染者注射后引起的不良反应也低于结核菌素纯蛋白衍生物，由于其抗原提取自卡介菌，更适合用于卡介苗接种后阳转考核。详见结核菌素纯蛋白衍生物。,
心律失常者慎用。,
氢化吗啡酮,
亚胺培南/西司他定,
儿童：(1)肌内注射：每天40～80mg/kg，分2～4次给予；(2)静脉给药：每天40～80mg/kg，分2～4次静脉滴注或静脉注射。,
口服：每次12.5～25mg，每天25～100mg。肌内注射：每次25～125mg，每天1～2次。,
交叉过敏：对一种头孢菌素类药过敏者对其他头孢菌素也可能过敏；对青霉素类、青霉素衍生物或青霉胺过敏者也可能对头孢菌素过敏。,
成人:(1)肌内注射：每次1～1.7mg/kg，每8小时1次，疗程7～14天。(2)静脉滴注：用量同肌内注射。(3)鞘内或脑室内注射：治疗细菌性脑膜炎，每次5～10mg。(4)肾功能不全时剂量:肌酐清除率在每分钟70ml以下者其维持剂量须根据测得的肌酐清除率进行调整。,
麦佳乐杏,
皮下、肌肉或静脉注射：0.2g/次。,
康力得,
肌内注射：每次3～10mg；极量为每次20mg，每天50mg。,
药物对哺乳的影响:尚无资料显示阿奇霉素是否可分泌至母乳中，哺乳妇女应用时须谨慎考虑。,
盐酸西替利嗪,
儿童:每天10mg/kg，一般分为2次给予(单次剂量不超过200mg)。,
流行性感冒灭活疫苗：商品名：福禄立适。,
Sustiva,
Nikethylamidum,
气雾剂：可揿112次，每次放出奈多罗米钠2mg。,
Meticorten,
顺羧酸铂,
对视觉功能不全者需要监护。,
静脉给药过敏性哮喘中度或重度常年性过敏性哮喘，本品2.5μg/kg或5.8μg/kg(按血清IgE的ng/ml计)，与口服和(或)吸入糖皮质激素联用。其中，第1、第4日给予半量，第7日给予全量，以后每2周给予全量1次，共20周。,
口服，15岁以上患者，每次2粒，每日3次；8～15岁患者每次1粒，每日3次。,
Cromate,
增加气道黏膜纤毛运动的药物,
菊乐舒,
穿孔,
Spara,
埃罗替尼,
本药与碘化油、糜蛋白酶、胰蛋白酶有配伍禁忌。,
交叉过敏:患者对一种头孢菌素或头霉素(cephamycin)过敏者对其他头孢菌素或头霉素也可能过敏。患者对青霉素类、青霉素衍生物或青霉胺过敏者也可能对头孢菌素或头霉素过敏。,
Cycloprostin,
非小细胞肺癌,
注射金化合物引起小肠结肠炎、肺纤维化变性、表皮脱落性皮炎的患者忌用。,
头孢磺吡酮,
苯唑青霉素,
Albuterol,
英脱利匹特,
革替沙星,
静脉滴注：将本药100mg溶于注射用生理盐水500ml中，在3h内按以下方式滴完，即前2min先注入本药10mg，以后60min内滴入50mg，最后120min内滴完余下的40mg。,
安可胶,
交叉过敏：对一种头孢菌素过敏者对其他头孢菌素类药也可能过敏；对青霉素类、青霉素衍生物或青霉胺过敏者也可能对头孢菌素类药过敏。,
本品不适用于治疗急性哮喘症状，而需要使用快速短效的支气管扩张剂(如沙丁胺醇)。建议患者随时携带能够快速缓解症状的药物。,
吗乙苯咯,
帕氟沙星,
Josacine,
西力欣,
Atropine Methobromide,
头孢卡品酯,
颅脑损伤,
舒巴坦钠/头孢哌酮钠,
Calciparin,
Matromyein,
低血压,
Ancef,
肌内注射，一次1～2支，每天2次。7岁以下儿童1/2～l支，每天2次。慢性支气管炎：一次3支，每天1次，40d为一疗程。建议治好1周后巩固一疗程。哮喘发作期：一次2支，每天2次，7岁以下儿童一次1/2～1支，每天2次。哮喘缓解期：一次3支，每天1次，7岁以下儿童一次1/2～1支，每天1次，30d为一疗程。,
倍他米松磷酸钠注射液：5.26mg/ml(相当于倍他米松4mg)；,
氨溴醇,
注射剂(粉)：0.5g，1g。,
注射剂(粉)：1g，3g，6g。,
Ciprocin,
本品对12以下儿童使用的安全性尚未结论，应慎用。,
体质虚弱及脾胃虚寒者慎用。,
慎用(1)麻醉(或外科手术)状态(因心肌抑制)。(2)支气管痉挛性疾病。(3)脑血管供血不足。(4)充血性心力衰竭。(5)糖尿病。(6)肝脏疾病。(7)甲状腺功能亢进(或甲状腺毒症)。(8)重症肌无力。(9)外周血管病。,
Sisomicin,
硫氮卓酮,
α-糜蛋白酶,
Theophylline Sodium Glycinate,
放线菌病,
开封后未用完的药物应丢弃。本品仅供气管内给药。,
优氟泰,
息喘气雾剂：用法及用量同上。,
氨苄青,
头孢霉素2号,
丙酮去炎松,
美菲康,
Demethyl Vancomycin Hydrochloride,
盐酸那可汀,
交叉过敏：对一种头孢菌素过敏者对其他头孢菌素可能过敏；对青霉素类、青霉素衍生物过敏者也可能对头孢菌素类药过敏。,
鲁卡必夫,
万可松,
Diumax,
Triamcinolone,
Prenisolone Sodium Succinate,
严重肝肾功能不全者剂量酌减。,
念珠菌病,
沙米特罗,
Azidobenzyl Penicillin,
佳单胞,
成人：(1)蛔虫病、蛲虫病：400mg顿服。(2)钩虫病、鞭虫病：①每次400mg，每天2次，连服3天。②400mg顿服。(3)粪类圆线虫病：每次400mg，每天2次，连服3天。(4)旋毛线虫病：每天600～800mg，分2次服，疗程1周。(5)囊虫病：①每天20mg/kg，分3次口服，10天为1个疗程，一般需1～3个疗程。疗程间隔视病情而定。②每天15～20mg/kg，分2次口服，10天为1个疗程，停药15～20天后，可进行第2个疗程。一般需2～3个疗程，必要时可重复治疗。③皮肤型为15mg/kg，10天为1个疗程，一般需2～3疗程，每疗程间隙15～21天。④脑型为每天18mg/kg，疗程同皮肤型。(6)包虫病：每天20mg/kg，分2次口服，疗程1个月，需多次治疗。一般需5个疗程以上。疗程间隔为7～10天。(7)牛肉绦虫感染：每次400mg，每天2次，连服3天。(8)猪肉绦虫感染：每天300mg，连服3天。(9)棘球蚴病：每天7～10mg/kg，每天2次，疗程1个月，每个疗程间歇半个月。(10)华支睾吸虫病：①每天400mg，分2次或1次服用，7天为1个疗程。②每天8mg/kg，顿服或每天2次，连服7天。(11)肺吸虫病：每天400mg，7天为1个疗程。(12)梨形鞭毛虫病：每天400mg，连服3天。(12)治疗猪囊尾蚴病：15～18mg/kg，每天服2次，连服10天为1个疗程，间隔10～20天再重复疗程，一般为2～3个疗程。,
竹安新,
第四代,
患有哮喘、花粉症、鼻黏膜肿胀(鼻息肉)或慢性呼吸道感染(尤其当合并花粉症症状时)者，对各种非甾体抗炎药过敏者，使用本品易诱发哮喘，故应慎用。,
咪唑西林,
凯特瑞,
静脉滴注：成人心肺分流术先每分钟连续静脉滴注10ng/kg；在分流术中每分钟静脉滴注20ng/kg，术毕即停注。,
静脉给药常用于危重疾病，如严重休克等的治疗；哮喘持续状态和痰培养白色念珠菌为阳性者禁用地塞米松吸入给药。,
Pancuronium Bromide,
以下对象慎用：(1)孕妇、哺乳期妇女、老年人以及严重肝肾功能不全者。(2)眼内压过高、活动性消化道溃疡、前列腺肥大、高血压、糖尿病患者。(3)脑外伤及有急腹症待查的患者。,
叔丁喘宁,
银黄冲剂,
天冬羟氨青霉素,
青霉V,
凡脾胃虚弱，呕吐泄泻者，腹胀便溏，咳嗽痰多者慎用。,
药疹,
气管插管可用0.05～0.06mg/kg。,
片剂：250mg，500mg。,
泛司颇灵,
片剂：5mg，10mg。,
粒细胞集落刺激因子,
Fortaz,
药物对妊娠的影响：目前尚未发现本药有任何胚胎毒性作用，如确有适宜的使用指征，可在妊娠期间使用本药。,
锋泰灵,
苄星青,
药物对老人的影响：由于老年人肾功能减退引起半衰期延长，长期使用可有一定肾毒性，因此应密切监测肌酐清除率，根据肌酐清除率进行调整剂量。,
交叉过敏:对一种大环内酯类药过敏者，对其他大环内酯类药也可能过敏。,
片剂：每片含磷酸苯丙哌林20mg。,
Fortam,
消化性溃疡,
Bisolvon,
儿童口服给药(1)大于12岁儿童：同成人剂量。(2)12岁以下儿童：一次2.5～15ml，一日2次。可根据年龄及体重调整剂量，如下表1：,
Josamycin,
Ampicloxacillin,
有交叉过敏性，对阿司匹林过敏而发生哮喘的患者中，少部分人（5%以下）在服用本品后发生轻度支气管痉挛性反应。,
泛司博林,
Daktar,
曲霉病,
军团菌肺炎,
已有明显缺氧的哮喘患者，若用量过大，易致心肌耗氧量增加，引起心律失常，甚至可致室性心动过速及心室颤动。,
Erlotinib,
强力阿司米通,
舒巴坦-头孢哌酮,
①治疗前应先检查患者血清中马免疫球蛋白抗体，特别对既往使用过本品或马血清制剂者；②滴注本品时最好避免输血或用其他代用品，避免与其他液体一起滴注。,
假单胞菌感染,
儿童口服头孢沙定干糖浆，每天30mg/kg，分3次服用。,
如有明显发热或哮喘加剧，则应停止用药；,
AH-3923,
新亚雅太,
皮下注射：每次5～25mg，每周1～2次。,
安释定,
Imipenem/Cilastatin Sodium,
心力衰竭,
口服，一次4片，一天3次，饭后温开水送服。1年为一个疗程。,
开林,
依克沙霉素,
人血免疫球蛋白,
INH,
药物对妊娠的影响妊娠早期慎用。,
治疗已确诊的新生儿呼吸窘迫综合征：多剂给药比单剂给药对减少气胸和降低死亡率更为有效。本品的最佳多剂治疗方法可采用：初始剂量100mg/kg，如果患儿仍需机械通气，则在第12h和第24h再给予两次各100mg/kg的剂量(最大累积剂量为300mg/kg)。,
卫肺特,
Palivizumab,
胸腔积液,
Lincomixzo,
吸入性肺炎,
一氧化二氮,
潘必定,
溴维来克星,
二苄乙二胺青霉素,
注射用美洛西林钠舒巴坦钠：1.25g(美洛西林钠1.0g，舒巴坦钠0.25g)。2.5g(美洛西林钠2.0g，舒巴坦钠0.5g)。贮法：密闭，凉暗干燥处保存。,
托磺沙星,
Acetylmidecamycin,
禁用、慎用：①凡脾气虚，症见鼻涕清稀者，不属胆经郁热证者不宜使用。②过敏者忌用。,
PemetrexedDisodium,
毒毛花甙K,
普利博通,
AF3012,
克拉红霉素,
益富清,
片剂:125mg(12.5万单位)，250mg(25万单位)，500mg(50万单位)；,
呋喃坦啶,
尿素[14C]胶囊40粒。,
Cedax,
Ceftibuten,
青霉素类为繁殖期杀菌药，半衰期短、排泄快，故应间歇给药。每天剂量应分3～4次给药，至少分2～3次给药，重症感染可以每3～4小时给药1次。青霉素类有局部刺激性，肌内注射量不能过大，以免局部过于疼痛并引起硬结，影响药物吸收。青霉素G肌内注射每次40万～80万U，适用于轻度与一般中度感染。重症感染应静脉注射给药，药液浓度青霉素G以1万U/ml为宜，半合成青霉素以1%～2%为宜。因青霉素类药物有过敏反应，快速大剂量静脉推注可能引起速发过敏反应，故不宜静脉推注给药。,
口服，一次12g，一天2次，小儿酌减，温开水冲服。,
Penicillanicacid suffone,
消旋氢溴酸山莨菪碱,
口服。大蜜丸：一次1丸，一天2次。片剂：一次4片，一天2次。,
丹木斯,
卡介菌苗,
舒噻胺,
不论口服或静脉输注，常用量均为600mg，每12小时1次。无并发症的皮肤和软组织感染，可给予400mg，每12小时1次；由MRSA引起的感染，则给予600mg，每12小时1次。当病情许可时，可即时将静脉给药转换成口服，而不必调整用量。针对VREF感染，应给药14～28天，包括同时患有菌血症的病人，对合并或未合并皮肤和软组织感染、医院内感染的肺炎或社会获得性肺炎(包括同时患有菌血症)均用药10～14天。,
本品应避光、室温下保存。,
替卡青霉素,
注射剂：0.3mg(2ml)。,
口服液：每5ml含400mg/100mg。,
支气管扩张、肺脓疡、肺心病、肺结核患者，应在医师指导下服药。,
慎用：严重肝功能不全者(国外资料)。,
交叉过敏:对一种头孢菌素过敏者对其他头孢菌素也可能过敏。对青霉素类、青霉素衍生物或青霉胺过敏者也可能对头孢菌素过敏。,
气雾吸入：每次1～2喷(吸入0.1～0.2mg)，每日3次。,
世福素,
巴坎西林,
FK-037,
Atropine Methylbromide,
成人常规剂量：静脉滴注：一次260mg/m2，滴注30min，每3周1次。,
Bambuterol,
矮地茶素,
环丙氟哌酸,
IG,
心源性哮喘,
环戊基哌嗪利福霉素,
药物对妊娠的影响：妊娠期间服用本药的安全性尚未确立，孕妇慎用。,
其他抗过敏药,
儿童常规剂量：口服给药：常用剂量为一次0.05～0.15mg/kg，每4～6小时1次。一次用量最多可达5mg。,
密封、避光保存。,
已知有变态反应史者慎用。,
其他类,
重度感染：每次2～3g，每8小时1次。每天剂量不宜超过9g。免疫缺陷患者伴严重感染剂量可增加至每天12g。预防手术感染应在手术开始前30～90min静脉给予1或2g，此剂量每12小时可重复1次。对于多数病例，预防给药持续时间应不超过24h。对发生感染可能性大的手术(如结肠、直肠手术)或可能出现严重感染的手术(如开放性心脏手术或修复性关节成形术)，本药的预防给药可持续至手术完成后72h。,
氯益康唑,
药物对妊娠的影响：孕妇使用本药的安全性尚未确定，应慎用。,
凯复定,
Azithromycin,
乙基西梭霉素,
注射剂：50mg。,
达复啉,
Xolair,
胶囊剂：每粒含罗匹那韦133.3mg和利托那韦33.3mg；口服液：含罗匹那韦80mg/ml和利托那韦20mg/ml，适合儿童使用。,
胶囊：50mg，100mg；,
上呼吸道感染,
曲安舒松-A,
六甲密胺,
诺斯卡宾,
生物反应调节剂,
安比先,
糖浆剂：每瓶100ml。,
成人及大于12岁的儿童:一般感染每天200mg，中度感染每天400mg，皮肤和软组织感染每天800mg，以上剂量均分为2次服用。妇女淋球菌感染服用单剂量200mg。,
长效土霉素,
雷米封,
在治疗急性哮喘上，白三烯受体拮抗剂的疗效尚未确定，暂对不宜应用于急性发作的治疗，不宜突然代替肾上腺皮质激素，也不宜用于解除哮喘急性发作时的支气管痉挛。,
TMP,
特灭菌,
Alcomide,
OxymetazolineNasal,
二异丙酚,
如用药后仅发生面部潮红或局部皮肤反应，则不需要停止治疗。如发生严重过敏反应(血压下降超过,
药物对妊娠的影响：本药能透过胎盘屏障，应慎用。,
Flomoxef Sodium,
凯福捷,
盐酸美司坦,
三唑核苷,
密封，2～8℃阴凉处保存。,
可逆性阻塞性气道疾病(包括哮喘)的治疗应遵循阶梯方案，并应通过肺功能测定监测患者的治疗反应。由于吸入型皮质激素可能引起全身不良反应(虽然较口服皮质激素大大减少)，尤其是长期大剂量使用后，故本药剂量应逐渐调至可有效控制病情的最小维持剂量。,
由于本药潴钠作用较弱，故一般不用作肾上腺皮质功能减退的替代治疗。若需使用，应与盐皮质激素合用。,
氢可的松,
DL-8280,
Rulid,
曲安缩松,
喷雾吸入：每次喷吸2～3喷(相当于本品3～5mg)，每天3次。,
头孢克罗,
Remodulin,
Tarceva,
小诺新,
患者体重40～49kg者，每次4片，每天1次；,
不宜用本药突然替代吸入或口服的糖皮质激素，在重度哮喘患者的治疗中，考虑减少激素用量时应谨慎。在停用口服激素的重度哮喘患者中，极少数可发生嗜酸粒细胞浸润，应注意。,
有过敏史者用药前可先用1∶100降钙素稀释做皮试。,
用药前须做过敏试验。如发生过敏性休克，可用肾上腺素解救。,
强利灵,
西梭霉素,
Acefylline pigerazine,
服药期间，若患者出现高热，体温超过38℃，或出现喘促气急，或咳嗽加重，痰量明显增多，或痰色由白转黄应到医院就诊。,
Dormicum,
Histamine,
氟咪龙,
Davercin,
氨噻肟头孢菌素钠,
咳塞坦,
慎用：1因使用扎那米韦或其他基于唾液酸的神经氨酸酶抑制剂而导致过敏反应或不良反应者；2尽管本药对慢性心脏疾病、慢性呼吸性疾病、免疫缺陷患者的不良影响尚未完全明确，仍建议上述患者慎用本药。,
思诺迪清,
头孢菌素Ⅳ号,
美罗配能,
本品经乳汁分泌，哺乳期妇女应用本品应停止哺乳。,
Thymitaq,
波生坦片剂：62.5mg/片；125mg/片。20～25℃贮存。,
妇产科用药,
呃逆,
头孢三嗪,
用前须做过敏试验，以防发生过敏性休克。1,
严禁静脉注射。,
头孢来尼,
以注射用水溶解时应沿瓶壁注入，以免产生气泡，溶解后宜于当天用完，不得放置保存。,
肌内注射：尿路感染：(1)成人：每天4～8g，每6小时1次；(2)儿童：每天50～200mg，每4～6小时1次。,
肾功能不全时剂量：肾功能减退者首次剂量为1g饱和量，然后根据肾功能减退程度延长给药间期。肌酐清除率为每分钟25～50ml、10～25ml和0～10ml时，分别每12小时、24小时和36小时服药500mg。,
儿童：与其他抗结核药合用，每次按体重口服4～5mg/kg，每8小时1次。,
马来酸艾索拉定,
成人用量静脉注射按体重0.08mg/kg，可以进行气管插管，但起效慢，需等待4～8min，因此一般仅用于维持肌松，0.04mg/kg即生效。通常都主张初量偏大些(成人4mg)，追加量为初量的1/2～1/3，可更安全，每一手术的总用量，除非情况特殊，成人不得超过8mg。,
Nolcuron,
麻痹性肠梗阻,
Aludrine,
成人静脉给药：(1)轻至中度感染：每天4～8g，分4次给药；(2)极重感染剂量可增加至每天12g，分4次给药。,
每包量5g，含羧甲基半胱氨酸0.25g。,
用药时须配合人工呼吸和给氧措施 ,
弹性蛋白酶,
孕妇、老年人、肝肾功能不全者慎用。,
慎用：尚不明确。,
呼吸性碱中毒,
Alegysal,
阿莫灵,
注射液：10mg/10ml；10mg/5ml。,
注射剂：(1)0.5g(氨苄西林和氯唑西林各0.25g)；(2)1g(氨苄西林和氯唑西林各0.5g)；(3)2g(氨苄西林和氯唑西林各1g)。,
威利宁,
头孢菌素Ⅷ,
磺胺类,
服药期间，若患者出现高热，体温超过38℃，或出现喘促气急，或咳嗽加重，痰量明显增多应到医院就诊。,
盐酸氯林霉素,
口服：每次1丸，每天2次。,
肺栓塞的溶解常伴随血流动力学变化，要注意采取维持血压措施 ,
Proxyphylline,
抗人淋巴细胞免疫球蛋白,
Acetivase,
肝功能不全者、严重衰弱者、严重水潴留者、严重感觉神经疾病患者慎用。,
Compound Ephedrine Sodium Cromoglicate,
1-烯氢化可的松,
慎用：(1)抑郁症患者；(2)肺功能不全者；(3)老年患者；(4)有药物滥用史者；(5)严重贫血者；(6)心脏病、高血压患者；(7)糖尿病、甲状腺功能亢进，肾上腺功能减退已处于临界状态者；(8)多动症患者；(9)不能控制的疼痛。,
白加黑感冒片（美息伪麻片），片剂：日用片每片含对乙酰氨基酚325mg、盐酸伪麻黄碱30mg、氢溴酸右美沙芬15mg；夜用片每片除上述成分外，加入盐酸苯海拉明25mg；,
Mosifloxacin,
毛花丙甙,
出血性疾病,
阿特普酶,
Extramycin,
Virazole,
Ertapenem,
甲基泼尼松,
心功能不全,
异丁基哌嗪利福霉素,
Piperacillin Sodium/Tazobactam Sodium,
Sulfamethoxazolum,
派奇,
成人:(1)一般感染:轻症，每次250mg；重症，每次500mg。均为12小时1次，疗程7～14天；(2)化脓链球菌咽炎:每次500mg，12小时1次，疗程最少10天；(3)分枝杆菌属感染:建议起始剂量为500mg，每天2次；(4)根除幽门螺旋杆菌:建议起始剂量为250～500mg，每天2次，疗程为7～10天，且宜与奥美拉唑再加另一种抗生素联用；(5)能不全时剂量:肾功能严重减退患者可根据肌酐清除率调整用量:肌酐清除率大于每分钟30ml者，250mg～500mg，每天2次；肌酐清除率低于每分钟30ml者，首剂500mg，以后250mg，每天2次或250mg，每天1次。,
丙酸杆菌菌苗,
Sodium Aescine,
儿童：静脉给药：(1)儿童：每天200～300mg/kg，分次给药；(2)婴儿：每天225mg/kg，分次给药；(3)7天龄以下新生儿：每天150mg/kg，分次给药。,
Drocode,
成人：(1)肌内注射：①轻至中度感染：每天2.25～4.5g，每8小时1次。②严重感染：可增加至每天6g，每6小时给药1.5g。③脑膜炎：每天剂量不宜超过9g。④单纯性淋病：单剂1.5g，同时口服丙磺舒1g，可治疗耐青霉素菌株所致单纯性淋病。(2)静脉给药：①轻至中度感染：每天2.25～4.5g，每8小时1次。②严重感染：可增加至每天6g，每6小时给药1.5g。③脑膜炎：每天剂量不宜超过9g。(3)肾功能不全时剂量：肾功能不全者按肌酐清除率制定给药方案：①肌酐清除率大于每分钟20ml者，每天3次，每次0.75～1.5g；②肌酐清除率为每分钟10～20ml者，每次0.75g，每天2次；③肌酐清除率小于每分钟10ml者，每次0.75g，每天1次。(4)透析时剂量：每次血液透析后给予750mg。,
鳞状细胞癌,
气雾吸入：每次50～200μg，每天3～4次。儿童每次50～100μg，每天2～4次。,
释炎达,
胶囊：0.25g；,
本品有一定的致心律失常作用，用量过大时，宜注意心律的变化。,
酚丙喘宁,
甘氨酸茶碱钠,
Hexastat,
Rotesar,
本品可引起呼吸抑制和窒息，需在呼吸和心血管功能监测及辅助设施完备的情况下给药。若出现呼吸抑制时，通常可将输注速度降低50%，或暂时停药，并进行辅助呼吸。,
可来替兰,
咳嗽痰多，或舌苔厚腻者慎用。,
威立克,
成人:(1)口服给药：每天1.5～2g(按林可霉素计，以下同)，分3～4次给药；(2)肌内注射：每次0.6g，每8～12小时1次；(3)静脉滴注：每次0.6g，每8～12小时1次。,
氧氟沙星滴眼剂,
万迅,
肺肾两虚,
不能与β受体拮抗剂联合应用。,
儿童静脉给药：(1)婴幼儿和12岁以下儿童：给药剂量尚未正式确定，临床应用的每天剂量为100～200mg/kg；(2)新生儿体重低于2kg者：出生后第1周，每12小时50mg/kg；第2周起，每8小时50mg/kg；(3)新生儿体重2kg以上者：出生后第1周，每8小时50mg/kg；以后，每6小时50mg/kg。,
侵袭性曲霉病：首日负荷剂量70mg，继以维持剂量每日50mg，缓慢静滴1h。疗程依据患者基础疾病的严重程度、免疫缺陷恢复情况以及临床反应而定。,
萨洛,
静滴，推荐剂量为5mg/kg，每2周静注1次。本品应在术后28天以后使用，且需伤口完全愈合。本品需用100ml0.9%生理盐水稀释，第一次静滴应在化疗后，滴注时间应超过90min。第一次滴注耐受性好，第二次静滴时间应超过60min，仍然耐受好，以后滴注时间超过30min即可。,
慎用：(1)有哮喘、湿疹、枯草热、荨麻疹等过敏性疾病史者；(2)孕妇及哺乳期妇女；(3)严重肝、肾功能障碍者。,
本品宜空腹服用，以利吸收。,
本品口服用过量，给予β受体拮抗剂后症状可即消失，与β受体拮抗剂有相互拮抗作用。,
特丽仙,
Rovamycin,
服药期间不宜食用冷饮、辛辣食品。,
巴特芬,
丁氯喘,
拉他头孢,
病毒性肺炎,
(1)禁用于哮喘、未被控制的充血性心力衰竭、高度房室传导阻滞未用起搏器控制者、严重脉搏徐缓(50次/min、雷诺综合征，严重肾功能不全(肌酸酐清除率低于10ml/min)，同时使用单胺氧化酶抑制药或异搏定者。(2)孕妇慎用。(3)不宜与胺碘酮合用。(4)充血性心力衰竭病人在使用β-阻滞药前应给予洋地黄。心绞痛病人不能突然停药，否则可能突发心肌梗死和室性心律失常。对糖尿病病人可能发生低血糖。为避免过度心搏徐缓，静脉给药应缓慢或给予阿托品。(5)给药过量时可能引起心搏过度徐缓、心力衰竭、低血压和支气管痉挛。(6)本品可与利尿药、ACE抑制药、钙拮抗药(异搏定除外)、血管扩张药合用。,
其他：凡外感风寒之鼻塞，流清涕者，应根据病情辨证选用。,
PLM,
儿童按体重给药，体重7～15kg者给12mg/kg，15～40kg给10mg/kg，每次最高不可超过400mg/100mg。,
儿童:(1)口服给药：每天30～50mg/kg，分3～4次服用。(2)局部给药：沙眼、结膜炎、角膜炎，用适量眼膏涂于眼睑内，每天数次。,
氨苄青霉素碳酯,
用药中凡注射后24小时内有局部红肿、皮疹者，下次注射应将剂量减半或减少1/3，以观察反应的变化。,
过敏反应包括过敏性休克较多报道。,
本药一般不能与其他药物配伍静脉滴注，也不能与其他药物共用一条静脉血管来滴注。,
达诺欣,
咽泰,
口服，一次15ml，一天3次。,
阿他利特,
复方新明磺,
胶囊：一次300～400mg，一日2次。静脉注射：一次200mg，每12小时1次，以50%葡萄糖注射液稀释至40ml缓慢静脉注射，时间应在20min以上，5～l0日为一疗程。静脉滴注：将本药300mg加入5%葡萄糖注射液或生理盐水注射液100ml中，缓慢静脉滴注，滴注时间不少于30min，一日1次，5～10日为一疗程。其他疾病时剂量：合并高血压、充血性心力衰竭、肺源性心脏病、甲状腺功能亢进、肝脏疾病、肾功能减退的患者用药时应减量。国外用法用量参考：成人常规剂量：口服给药：,
硫酸环己烷二氨铂,
儿童：常规剂量，口服给药。12岁以上（包括12岁）儿童，用量同成人。,
毒毛苷K,
MK-0826,
吉姆欣,
静脉给药:,
二甲氧基苯青霉素,
棕色合剂,
大叶性肺炎,
磷酸氯林可霉素,
止喘栓：成人用，每个含氨茶碱0.4g，盐酸异丙嗪0.025g，苯佐卡因0.045g；小儿用，每个含量减半。,
Kefurox,
西那依普,
负荷显像：注射氮[13N]氨水注射液后40min，给负荷药物，8min后再注射370～740MBq，采集15～20min。儿童酌减。,
儿童、孕妇及妊娠妇女慎用。,
025μg/(kg·min)。,
99mTc-MAA,
Budesonide/Formoterol,
慎用:(1)对其他β-内酰胺类抗生素过敏者慎用；(2)头孢拉宗钠对孕妇及早产儿、新生儿的用药安全性未确定，孕妇及早产儿、新生儿慎用；(3)肝、肾功能不全者慎用；(4)高度过敏性体质者慎用；(5)高龄、体弱者慎用；(6)胃肠道吸收不好或需依靠肠外营养者慎用。,
蓓克,
Ceftazidime,
常规剂量的CTX不产生心脏毒性，但当高剂量时可产生心肌坏死，偶可发生肺纤维化。,
PAM-C1,
爱纳灵,
乙二胺茶碱,
高尿酸血症,
儿童和3月龄以上婴儿：每天40～80mg/kg，每6小时1次。,
氯唑青霉素,
成人每次300mg，溶于5%葡萄糖液中静滴，2次/d，疗程3～14天。其中中或重度慢性呼吸道感染和术后感染疗程3～14天，复杂性尿路感染和妇科感染疗程5天。,
呋氟嘧啶,
Minocyn,
立思丁,
对大豆蛋白过敏者，用药前须做过敏试验。1,
苄那消,
司巴乐,
Pefloxacinum,
成人常规剂量：口服给药：一次10ml，一日3～4次。肾功能不全时剂量：严重肾功能损害者，需调整剂量。肝功能不全时剂量：严重肝功能损害者，需调整剂量。,
小儿支气管哮喘,
冷暗处保存，不得冷冻。,
Ledertrexate,
视神经炎,
幽门梗阻,
Zafirlukast,
当气道有真菌、病毒或结核菌感染时，应慎用本药 ,
对氨基柳酸钠,
片剂：125mg，250mg，500mg；,
败血症,
萘啶青霉素,
溴化二甲基轮环藤宁,
用药前后及用药时应当检查或监测：(1)听力检查。(2)定期检查血液。(3)定期检查肝、肾功能。,
缩酮氨苄青霉素,
肝功能不全时应慎用并减量，对腹腔积液及黄疸患者可每两日用药1次。,
嗜铬细胞瘤,
Miocamycin,
赞诺欣,
桑菊感冒冲剂,
酚间异丙肾上腺素,
肾功能不全时剂量:给药时应根据肌酐清除率调整剂量:(1)肌酐清除率为每分钟30～10ml者，起始量1～2g，以后维持量按常用量减半，间隔时间为6、8、12小时1次；(2)肌酐清除率小于每分钟10ml者，起始量0.5～1g，以后维持量按常用量的1/4，间隔时间为6、8、12小时1次。,
亚胺硫霉素/西拉司丁,
复达欣,
溴丁东莨菪碱,
下述推荐剂量是与氧化亚氮作为麻醉剂合用的剂量，若与其他麻醉作用更强的麻醉剂合用必须减量。静脉注射：成人和儿童，首剂量，0.04～0.1mg/kg，后续剂量每次0.01～0.02mg/kg，根据临床反应适时调整剂量。用于气管插管时0.1mg/kg。,
注射剂：0.1g(1ml)，0.2g(2ml)。,
妥舒沙星,
Elemene,
慎用：(1)妊娠和哺乳期妇女；(2)有骨髓抑制者或当肿瘤已侵犯骨髓时；(3)有痛风病史或有尿酸盐性肾结石病史者；(4)肝功能损害者；(5)已接受过放射治疗者；(6)有急性发作的气短及支气管痉挛，尤其是已使用丝裂霉素而肺功能障碍者。,
痰之保克,
清舒地尔,
注射剂：0.2mg(1ml)。,
蜜丸剂：10g。,
耳聋,
注射剂(粉)：20mg，80mg。,
Triamcinolone Acetonide/Neomycin sulfate/Thymol,
冠沙,
沐舒痰,
福禄马,
洗剂：0.025%；0.1%。,
用注射器抽吸冻干人纤维蛋白原溶解液，注入冻干人纤维蛋白原瓶内，得冻干人纤维蛋白原溶液；用另一注射器抽吸冻干人凝血酶溶解液，注入冻干人凝血酶瓶内，得冻干人凝血酶溶液。用原注射器分别抽吸冻干人纤维蛋白原溶液及冻干人凝血酶溶液等容量，然后将它们分别卡入推液架上，再把注射针针座或喷嘴安装到连接针座的锥头上，将两注射器锥头牢固地连接到连接针座上。安装完毕后，检查无松动渗漏，匀速、均衡地推动注射器联杆，点布或喷涂到需要处理的组织创面上，即可形成纤维蛋白胶。涂胶体之前，吸干伤口表面，提供一个干爽的表面，然后沿着缝线或创面处涂胶，10s内就会开始凝固。涂上胶体后，最少在60s内不要吸干或压迫伤口。使用的剂量与所要黏合或覆盖的表面、使用的涂药方法有关，用1.0ml规格的外科用冻干人纤维蛋白胶可以黏合面积大约为10cm2的创面。,
山梗菜碱,
异丙基肾上腺素,
氯氨铂,
神经病,
支气管哮喘患者用粉雾胶囊，成人每天3～4次，每次吸入20mg。水雾吸入，成人每天3～4次，每锨压两下，每锨约吸入10mg，6岁以上儿童，每天吸2次，剂量与成人相同。6岁以下儿童，很难做到使其协调吸药，故较少选用本药。,
Iressa,
慎用：(1)癫痫患者或有癫痫发作倾向者；(2)前列腺炎、膀胱炎患者；(3)5岁以下儿童；(4)支气管哮喘患者；(5)哺乳期妇女。,
Pirexyl,
肌内注射：尿路感染：成人：每天6～8g(每天量100～125mg/kg)，每6～12小时1次。,
丁溴东碱,
成人：(1)结核初治(与其他抗结核药合用)：①每次0.015g/kg，每天1次，顿服；②或每次0.025～0.03g/kg，最高2.5g，每周3次；③或每次0.05g/kg，最高2.5g，每周2次。我国目前间歇用药最高剂量为每天1.0～1.25g。(2)结核复治：每次0.025g/kg，每天1次，顿服，连续60天，继以每次0.015g/kg，每天1次，顿服。(3)非结核分枝杆菌感染(与其他抗分枝杆菌药合用)：每天0.015～0.025g/kg，顿服。,
Alpha-lobeline,
慎用：(1)胆石症或胆道疾病患者(可引起胆道平滑肌张力改变)。(2)慢性阻塞性肺疾病或慢性支气管炎患者(可引起呼吸道阻力、支气管平滑肌张力或分泌物改变)。(3)肝肾功能不全者。(4)甲状腺功能亢进者。(5)帕金森病患者。(6)消化性溃疡或胃肠道痉挛者。(7)肾结石患者(可能引起肾绞痛或输尿管反流)。(8)认知能力低下或有精神障碍者(可能影响中枢神经系统)。(9)尿路梗阻者。(10)有视网膜脱落史或有脱落危险者。,
海舒必,
吡哌醇,
Cefotaxime Sodium/Sulbactam,
乙琥红霉素,
Pipecunium,
Almitrine Bismesylate-Raubasine,
栓体舒,
大剂量可能兴奋呼吸，引起支气管痉挛。,
Erimec,
耳鸣,
抗变态反应药物,
成人：(1)口服给药：起始剂量每次20mg，每天2次。一般维持剂量为每次20mg，每天2次。剂量可逐步增加至最大量，每次40mg，每天2次，可能疗效最佳。(2)用于预防哮喘，应持续用药。(3)肾功能不全时剂量：不需调整剂量。(4)肝功能不全时剂量，起始剂量为每次20mg，每天2次，然后根据临床反应调整剂量。,
新复先,
石蜡油,
海力健,
糖浆剂：每瓶150ml。,
Jomybel,
Cancidas,
贝那替嗪,
密封、避光贮存。,
Lomefloxacin,
马来酸美吡拉敏,
Cefmenoxime,
Adcortyl-A,
前列环素I2,
无味红霉素,
利福霉素SV钠,
扑敏宁,
孕妇不宜长期应用。,
头孢噻甲羧肟五水化物,
矽肺,
口服：成人100～300mg，2～3次/d，极量500mg/次，1.5g/d。,
重症肌无力患者用药须谨慎掌握剂量，过量时可造成神经肌接头的除极型阻滞，出现肌无力现象，即所谓“胆碱能危象”。1,
Unasyn,
本品不能用于支气管痉挛急性发作的初始治疗。,
氢考酮,
Itraconazole,
优立新,
ABCD,
异性霉素,
口服，一次6g，一天1～2次。,
药物对老人的影响：老年患者应用本药时需减量。,
乙咪酯,
AtropinSulfatis,
慎用：局部注射时，有高血压、心脏病、糖尿病、骨质疏松症、青光眼、肝肾功能不全等的患者视病情慎用乃至禁用。,
达苄霉素,
呼吸兴奋药物,
药物对哺乳的影响本药可经乳汁排泄，哺乳妇女慎用。(1)本药不宜与普萘洛尔等非选择性β受体阻断药合用。(2)大剂量服用其他交感神经兴奋剂的患者慎用本药。(3)一旦发生全身性过敏反应应及时停药。(4)长期过量服用本药可致心律不齐或心肌麻痹，但一般在停药后症状即可消失。药物过量可选用心肌选择性β受体阻断药，但有支气管痉挛史者慎用。,
中性粒细胞减少,
灵菌素,
对呼吸肌麻痹者无效,
福多力,
本药不可用于急性哮喘发作。,
慎用：(1)自主神经功能障碍；(2)充血性心力衰竭；(3)冠心病；(4)高血压；(5)甲状腺功能亢进；(6)回肠造口术或结肠造瘘术；(7)心动过速；(8)轻度肝、肾疾病；(9)儿童和老年患者。,
药物对检验值或诊断的影响：可使血尿酸浓度测定值增高。,
赛特赞,
瑞普欣,
安迪灵,
奈西利肽,
儿童：每天40～80mg/kg，分4次服。,
静脉注射或静脉滴注：0.3～0.5mg/kg(成人每次15～30mg)，以注射用水3ml溶解后加入5%葡萄糖注射剂250ml中，每天1次，连用5天，3周重复，6周为1个疗程。,
Nasea,
防矽一号,
金诺尔曼,
全特宁,
Cefadroxil,
羧比西林,
风热,
可空腹或于进食后给药。如服利福平出现胃肠道刺激症状者，可改服本药。,
葡萄球菌感染,
克波阿宗,
双氯双氨络铂,
肾功能不全者减量使用。,
优利克,
Levalbuterol Hydrochloride,
小儿：每天100～200mg/kg，分2～4次给药，每天最高剂量为300mg/kg；②足月产新生儿：每次12.5～50mg/kg。在出生后前48h，每12小时1次；第3天至第2周，每8小时1次；以后每6小时1次；③早产儿：每次12.5～50mg/kg，第1周，每12小时1次；1～4周，每8小时次；4周以上，每6小时1次；(4)鞘内注射：用于脑膜炎患儿，婴幼儿(0～2岁)5mg，儿童(2～12岁)10mg。,
捷孚,
雅激酶,
舌下含服：每次60～120μg，先舌下含服，待哮喘缓解后，将所余部分用温开水送下。,
伟霸霉素,
溶栓治疗后必须给予抗血小板及抗凝药物以抑制潜在性血栓复发倾向 因此，在开始溶栓治疗之初，宜将尿激酶与低剂量阿司匹林(160mg)合用，待溶栓后，继续使用阿司匹林1个月，以降低急性期及15个月内的死亡率，但出血倾向会略加重 ,
氮唑速尿,
Ciprofloxacin,
柱晶霉素,
新生儿呼吸窘迫综合征,
慎用：(1)支气管哮喘患者；(2)术后肺不张或肺炎者；(3)消化道溃疡患者；(4)心律失常尤其是房室传导阻滞者；(5)低血压患者；(6)迷走神经功能亢进者；(7)甲亢患者；(8)肾上腺皮质功能不全患者；(9)帕金森病患者。,
成人常用量：3%溶液10～15ml，缓慢静脉注射，或用氯化钠注射液稀释到100ml后静脉注射(5～20min)，随后静脉注射25%硫代硫酸钠40ml(硫化氢中毒不需注射硫代硫酸钠)。必要时0.5～1h后可重复给半量或全量。,
醋氮磺胺,
Rifampicin,
Bareon,
支气管哮喘：皮下注射：0.2～0.5mg，可增至1mg，20min～4h重复，儿童0.01mg/kg。,
镇咳宁胶囊,
心肌梗死发生不久患者慎用。,
Flumarin,
健儿婴童咳水，糖浆剂：每瓶120ml，每5ml含氢溴酸右美沙芬4.5mg、氯苯那敏2mg、氯化铵30mg、枸橼酸6mg。,
赖氨酸头孢菌素,
使用本药期间不能进行放射治疗，特别是胸部放疗。在停止放疗后至少3～4周才能使用本药。,
喘乐宁气雾剂：急性或间歇用药：每次吸入1～2喷；维持性或预防性用药：每次2喷，每天3～4次；预防运动性哮喘：于运动前吸入2喷。儿童剂量减半。,
用药前后及用药时应当检查或监测:(1)听电图测定(尤其对老年患者)，用以检测高频听力损害；(2)温度刺激试验，用以检测前庭毒性；(3)肾功能测定；(4)血药浓度监测，本药的有效治疗浓度范围为15～25μg/ml，应避免血药峰浓度持续在35μg/ml以上和谷浓度超过5μg/ml。,
雾化吸入：每次1～3ml，用于黏痰阻塞引起的呼吸困难。,
重症肌无力患者可出现“胆碱能危象”，须谨慎掌握剂量。,
治疗新生儿重症肌无力：可皮下或肌内注射甲基硫酸新斯的明50～250μg，或口服新斯的明1～5mg，通常每天4次。治疗极少需要超过8周龄。,
Bosentan,
双丹片,
治疗轻至中度代谢性酸中毒时，宜口服给药；而治疗重度代谢性酸中毒(如严重肾脏病、循环衰竭、心肺复苏、体外循环及严重的原发性乳酸性酸中毒、糖尿病酮症酸中毒等)时，则应静脉内用药。,
妊娠期一般不应使用本品；由于左卡巴斯汀由肾脏排泄，故肾功能损伤病人慎用；由于本品鼻腔喷雾给药，无镇静作用，对精神活动亦无影响，故司机及精细操作者也可使用本品；作用时间长(持续12～16h)，故一般每天只须用药2次 ,
患有心脏病、甲亢、慢性阻塞性肺病、肝病、青光眼、排尿困难者及高龄者须遵医嘱服用。,
Fasturtec,
乙氧萘青霉素,
药物对哺乳的影响：尚不明确本药是否通过乳汁分泌，哺乳期妇女用药时应停止哺乳。,
煎膏剂：100g。,
防止误入气管。,
Salbutamol,
成人：(1)肌内注射：①单纯性尿路感染或社区获得性肺炎：每天4～8g，分2～4次给药。②单纯性淋病：单次肌内注射2g，注射前30min口服丙磺舒1g；(2)静脉给药:①单纯性尿路感染或社区获得性肺炎：每天4～8g，分2～4次静脉滴注；②败血症、院内感染的肺炎、腹腔感染、妇科感染：每6h3～4g。每天最大剂量不可超过24g；③手术后感染预防：在经腹子宫切除术前0.5～1h静脉给药2g，术后2g，6h后再予以2g；经阴道切除子宫时，术前0.5～1h静脉给药2g，第一次给药后6h和12h分别给药2g；剖宫产时在胎儿脐带夹住后即予产妇静脉注射2g，第一次剂量后，4h和8h再分别静脉给药2g；进行腹腔内手术时，于术前0.5～1h静脉给药2g，手术期间2g，以后每6小时再给予2g，至24h为止；(3)肾功能不全时剂量：肾功能减退者用药时适当减量。,
喘乐宁，气雾剂：每瓶总重18g，内含沙丁胺醇20mg，可喷200揿，每喷0.1mg；,
莫咳,
甲哌利福霉素,
肾功能不全时剂量：肾功能轻度不全者可不减量，肾功能中度和重度减退者的剂量应分别减为正常剂量的1/2和1/4。,
泛生舒复,
Selexid Vial,
舒美特,
成人常用量:1.0g，每12小时1次，每天最大量为4.0g。可深部肌内、静脉推注(3～5min)和静脉滴注(30min)。肾功能减退患者应根据肌酐清除率调整给药剂量:先给予与正常人一样的初始剂量后，肌酐清除率为每分钟30～10ml者，每天1.0～2.0g；每分钟＜10ml者，每天0.5～1.0g，每12小时1次。,
去甲氧噻肟头孢菌素,
结核胺,
本药为稀化痰液的制剂，对能够自行咳痰的患者，应用本药时应鼓励患者经常将稀化后的痰液咳出。,
注射剂：爱可松50mg/5ml；100mg/10ml。,
注射剂：1.5g，含头孢噻肟钠1g和舒巴坦0.5g。,
鼻塞,
下列情况慎用：血糖控制不良的糖尿病患者，近期发生过心肌梗死患者，严重器质性心血管疾病患者，甲状腺功能亢进患者，嗜铬细胞瘤患者，闭角型青光眼患者，前列腺肥大患者，膀胱癌患者。尚无12岁以下儿童应用的临床经验。妊娠及哺乳期间，慎用本品。药物过量出现的症状及处理：因吸入或口服溴化异丙托溴铵时，不易为全身吸收，故溴化异丙托溴铵无急性过量反应。沙丁胺醇过量反应为：咽痛、高血压、低钾血症、心动过速，发生上述反应时，可选用心肌选择性β受体阻滞剂尤其是β1受体阻滞剂是合适的特异性解毒剂，但是必须考虑使用这类药物时，有可能加重支气管阻塞，支气管哮喘患者应仔细调整剂量。使用气雾剂前应先将气雾液摇匀，并按压2次气雾剂活瓣。,
对青霉素过敏及过敏体质者慎用。,
甲苄胺唑啉,
不得与其他药液混合注射。,
高血压、心脏病、糖尿病、甲亢、青光眼、前列腺肥大引起的排尿困难、呼吸困难、肺气肿患者、老年人及12岁以下儿童不宜服用本品。,
Cortisol,
胶囊：150mg；,
沙美特罗氟替卡松,
有支气管扩张、肺脓疡、肺心病的患者，应在医师指导下服药。,
与鞣酸、有机碱盐类及各种金属盐类配伍，均可能产生沉淀；遇碱类加热可水解，并脱去乙二胺基生成烟酸盐 ,
慢性阻塞性肺疾病,
地氟可特,
丁尿胺,
用药期间应定期检查肝肾功能及血象。,
Amoxicillin/Sulbactam,
孕妇慎用。,
优喘平：每片含无水茶碱400mg。,
氨苄青霉素酞酯,
Asthone,
丁卡唑啉,
环己烯胺头孢菌素,
Ceftriaxone Sodium,
回苏灵,
盖洛仙,
Methylprednisolone,
Rocamycin,
头孢噻腾,
慎用：(1)乙醇中毒；(2)肝病或病毒性肝炎；(3)肾功能不全；(4)支气管哮喘；(5)胆结石；(6)颅脑外伤或颅内病变；(7)前列腺肥大；(8)不明原因的急腹症、腹泻；使用本药后可能掩盖真相，造成误诊；(9)哺乳妇女。,
格力特,
使用本药应严格遵守医嘱用药，并按时做记录；漏服药后不可服用双倍量；重症肌无力患者用量要恰到好处，过量时可发生胆碱能危象。,
儿童静脉给药：(1)新生儿(出生体重大于2kg)：日龄不超过7天者，每8小时30mg/kg，超过7天者，每8小时50mg/kg。(2)儿童：每天剂量50～150mg/kg，分3次用药，每天极量为6g。,
无体内蓄积，可长期应用。,
Cefsulodin,
肌之定,
本品50μg/100μg规格不适用于患有重度哮喘的成人和儿童哮喘患者。,
福尔利,
郎素,
本品含有防腐剂苯扎氯铵(洁尔灭)，故治疗期间勿用隐型眼镜。,
Ticarcillin/ Clavulanate Potassium,
Procaterol,
Cefspan,
胶囊(按红霉素计)：0.05g，0.125g；,
口服，每次75mg，2次/d，早餐和晚餐后服用。,
泼尼氮芥,
Tasonermin,
静滴溶于生理盐水或5%葡萄糖注射液。,
奥罗那,
Guaiacol Glycerol Ether,
海正立特,
集气剂如有渗漏，不得使用。,
科赛斯,
多西他赛注射剂：20mg/支，80mg/支(各附有1.5ml、6ml溶剂)。避光贮藏，放置于2～8℃下保存。,
使力安,
用药前后及用药时应当监测全血细胞计数。,
康宁克通-A,
热病,
跟腱断裂,
缓慢静注：(1)成人：每次15mg，每天2～3次；(2)儿童：每次7.5mg，分2～3次。,
在使用过程中，应注意保暖防寒，避免感冒，在饮食上以清淡为主，并忌辛辣、香烟、酒等香燥之品。,
服药期间可能出现皮疹、恶心、纳减等现象，继续服药后会自行消失。,
Pathomycin,
己双肾上腺素,
Rifam,
Lotemax,
诺维本,
炎消迪娜儿糖浆,
用药前后及用药时应当检查或监测:(1)听电图测定(尤其对老年患者)，用于检测高频听力损害；(2)温度刺激试验，用于检测前庭毒性；(3)肾功能测定；(4)血药浓度监测，以避免血药峰浓度持续在30～35μg/ml以上或谷浓度超过5μg/ml(本药有效浓度范围为15～30μg/ml)。,
交叉过敏：对乙硫异烟胺、吡嗪酰胺、烟酸或者其他化学结构相关的药物过敏者也可能对本药过敏。,
成人:(1)肌内注射：每次0.5～1g，每天2次。(2)静脉给药：每次1g，每天2次。重度感染，每天剂量可增倍给予。,
环戊去甲利福平,
Fenoterol,
甲氧氰甲硫唑头孢菌素,
贝拉司特,
长期大量使用可有皮质醇增多症表现，必须观察血糖、血压及有无精神症状。,
主动脉瓣狭窄,
茶碱片：常释片：0.1g，缓释片：0.1g；1,
Rufloxacin,
Dibutyryl Cyclic Adenosine Phosphate,
连续应用时间不宜超过14天。听力不佳者慎用。,
应准备好抢救过敏性休克的措施。,
氨苄三水酸,
Minocycline,
对轻度肝、胆、肾损伤者不需调整剂量。,
安迪芬,
本药与其他喹诺酮类药之间存在交叉过敏。,
Romicil,
妊娠妇女的安全性未确立。,
Kamynex,
发生血管性水肿时应停用本药，并皮下注射肾上腺素，静脉注射氢化可的松或地塞米松。1,
肾功能不全、癫痫患者慎用。,
普米克令舒,
抗肿瘤抗生素,
前列环素,
安唐西林,
威他霉素,
本可松,
ME-1207,
不宜单独用于多痰患者，对于多痰患者，应与祛痰药联合使用。,
对氨柳酸钠,
儿童，按体重每天40～80mg/kg，6～8小时1次，重症感染可增加至每天160mg/kg；脑膜炎每天可用到200mg/kg，6～8小时1次。,
新敏灵,
在某些急症治疗中，通常采用肌内注射或静脉给药，以期快速起效。,
Midecamycinum,
急性肺水肿：静脉注射成人起始剂量为40mg，60～90min后再给。,
正肾素,
双丁酰环磷腺苷,
吸入型丙酸氟替卡松的益处为可将口服皮质激素减小到最低需求量。但患者从口服皮质激素改为吸入型丙酸氟替卡松治疗时，因存在肾上腺反应不足的可能，应特别谨慎，口服给药应在开始使用吸入皮质激素的同时逐步撤销，并定期监测肾上腺皮质功能。,
二乙烟酰胺,
有变态反应史者慎用。,
避免与其他镇咳祛痰药、感冒药、抗组胺药、镇静药同时服用。,
睡眠障碍,
儿童必须在成人监护下使用。,
茶碱乙烯双胺,
Cefprozilum,
重组干扰素α-2b,
吉赛欣,
注射剂：20mg。,
泰必治,
羟甲基无环鸟苷,
玉屏风片,
儿童常规剂量：口服给药：(1)预防和(或)巩固治疗：6个月至12岁儿童，使用儿童胶囊，一日3.5mg，余同成人给药。(2)急性期治疗：6个月至12岁儿童，使用儿童胶囊，一次3.5mg，一日1次，余同成人给药。,
尿活素,
福必安,
多肽类,
清康,
99mTc-MIBI,
房颤,
泰洛伦,
利复斯汀,
曲氟沙星,
复方卡那霉素注射剂:每支含卡那霉素360mg和甲氧苄啶18mg(2ml)；,
甲氟烯索,
交沙霉素丙酯,
Eritromicina,
避光、热保存，开瓶12h后不宜作麻醉药用。贮存2年后，应重新检查，符合质量要求才能使用。,
琥珀酸钠泼尼松龙注射剂：(PrednisoloneSodiumSuccinate)25mg/mL，供肌肉注射、静脉注射或滴注。,
氟氯苯甲异恶唑青霉素,
宇力,
舒巴坦钠-头孢哌酮钠,
阿莫克拉,
格雷西隆,
爱纳灵，缓释胶囊：每粒含沙丁胺醇4mg、8mg；,
下列情况慎用：肺结核患者，严重心血管疾病(包括心律失常)患者，糖尿病患者，未经处理的低血钾或甲状腺毒症患者，甲状腺功能亢进患者。老年患者无需调整剂量。人类妊娠与哺乳期间使用沙美特罗和丙酸氟替卡松尚无足够经验。在对动物的生殖毒性研究中，无论单独用药或联合用药，全身性暴露于过量的强效β2肾上腺素受体激动剂和糖皮质激素时，均发现对胎儿的预期影响。孕妇慎用。妊娠和哺乳期间，只有在预期对母亲的益处超过任何对胎儿或孩子的可能危害时才考虑用药。尚无4岁以下儿童使用本品的资料，儿童慎用。肝、肾受损的患者无需调整剂量。其他：,
急性哮喘，应先使用支气管扩张药控制后再使用本品与本品合用。,
Telithromycin,
普拿,
戊烯松,
使用本药鼻用气雾剂达数月或更长时间的患者，应定期检查鼻黏膜，如果鼻咽部发生局部真菌感染，则应停药或需给予适当处理。持续存在鼻咽部刺激可能是停药的一项指征。,
支气管造影用12～18ml注入造影部位。,
肾功能不全者慎用或减量。,
硝基呋喃妥英,
氢泼琥钠,
用药前后及用药时应当检查或监测:(1)长期用药时应常规监测肝功能；(2)大剂量用药时应监测心电图；(3)红霉素在肝功能损害时可以蓄积，因此大剂量用药时应监测血药浓度水平。,
儿童：2个月以上患儿的一般感染，首次剂量为50～60mg/kg(总量不超过2g)，以后每天50～60mg/kg，分2次服用。,
过敏性肺炎,
骨髓功能低下及应用过顺铂者，首剂适当减量。,
口服。煎膏剂：一次10～20ml，一天2～3次。糖浆剂：一次20ml，一天2次。口服液：一次10ml，一天2～3次。,
依坦奈塞,
静脉注射，每次250ml，每天1次，疗程21天。,
福泽昂,
Cefaclor,
若出现间质性肺炎，应停药并给予肾上腺皮质激素等药物进行适当的处理。,
Cefuroxime Axetil,
Geopen,
Chloperastine,
Jinlianhua Pian,
凯韦可,
二甲氨基四环素,
Antibiocin,
新茜平,
儿童口服给药：(1)中耳炎、肺炎；第1天10mg/kg顿服(每天最大量不超过500mg)；第2～5天，每天5mg/kg顿服(每天最大量不超过250mg)。(2)咽炎、扁桃体炎:每天12mg/kg顿服(每天最大量不超过500mg)，连用5天。,
甲硝羟乙唑,
鹦鹉热,
泰利必妥,
Isofluranum,
咪可拉唑,
本品应在医师指导下使用，如服用过量可能会引起茶碱的毒性反应。,
交叉过敏:对一种林可胺类药过敏时；有可能对其他林可胺类药也过敏。,
Mecy-steine Hydrochloride,
Capreomycin,
甲强龙,
口服。胶囊剂：一次1～2粒，一天3次。口服液：一次20ml，一天3次。,
1620-RB,
Calfactant,
Pneu-mococcal Vaccine Poilyva Poilyva-lent,
Nuromax,
Levofloxacin,
Antibiotic A-51568A,
交叉过敏:本药与头孢菌素类药有交叉过敏。,
Midecamycin Acetate,
药物对哺乳的影响：沙美特罗和丙酸氟替卡松均可分泌到大鼠的乳汁中。尚无人类哺乳期用药的资料，哺乳妇女应权衡利弊后用药。,
敏喘宁,
药物对检验值或诊断的影响:(1)直接抗人球蛋白(Coombs)试验可呈阳性反应；(2)硫酸铜法测定尿糖时可呈假阳性；(3)少数患者用药后可出现血尿素氮和血清肌酐升高、血清氨基转移酶和血清乳酸脱氢酶、血清胆红素升高。,
m-THPC,
溶血链球菌制剂,
去氢皮质素,
肺功能不全及呼吸系统功能障碍患者慎用。,
本品只供经口吸入使用。推荐剂量：成人和12岁及12岁以上的青少年，一次1吸(50μg沙美特罗和100μg丙酸氟替卡松)，每日2次。4岁及4岁以上儿童，一次1吸(50gμ沙美特罗和100μg丙酸氟替卡松)，每日2次。尚无4岁以下儿童使用本品的资料。,
口服给药：(1)治疗吸虫病：①血吸虫病：各种慢性血吸虫病采用总量为60mg/kg的1～2天疗法，每天量分2～3次餐间服。急性血吸虫病患者总量为120mg/kg，每天量分2～3次服。连服4天。体重超过60kg者按60kg计算；②华支睾吸虫病总量为210mg/kg，每天3次，连服3天。或每次14mg/kg，每天3次，5天为1个疗程；③肺吸虫病25mg/kg，每天3次，连服3天；④姜片虫病：10～15mg/kg，顿服。或总量600mg/次(3片)，分2次1天服完。(2)治疗绦虫病：①牛肉和猪肉绦虫病：10mg/kg，清晨顿服，1h后服用硫酸镁；②短小膜壳绦虫和阔节裂头绦虫病：25mg/kg，顿服。(3)治疗囊虫病：①治疗脑囊虫病：总量180mg/kg，9天为1个疗程，每天20mg/kg，分3次服。体重超过60kg者，以60kg计量。疗程间隔2～4个月。并对症处理(增服控制癫痫药物、脱水剂、类固醇等)；②治疗皮肌型囊虫病：总剂量6g(30片)，分6天服完，每天3次。(4)猪囊尾蚴病：总量120mg/kg，4天分服，每天3次。(5)脑猪囊尾蚴病：总量180mg/kg，9天分服，每天3次(体重大于60kg，以60kg计)，疗程间隔3～4个月。在服用本药期间，应辅以降颅内压和防治脑水肿的治疗措施。,
罗华密斯,
富山龙,
安可来,
Colistinum,
本药宜饭后服、与氢氧化铝同服或用肠衣片，均可减轻其局部刺激作用。,
交叉过敏：本药与其他喹诺酮类药之间存在交叉过敏。,
普鲁卡因青霉素G,
胸腺肽7-α1,
Mectiza,
德美克A,
静脉滴注：用于严重哮喘发作，每天1～2g加于5%葡萄糖液2000～4000ml中使用。,
雅美泰龙,
狄沙林,
安得新,
凯诺特,
药物对老人的影响：老年患者用药时应注意观察骨髓抑制的出现。,
Curosurf,
疾立静,
CZOP,
在孕妇中尚缺乏足够的研究，因此不推荐使用。,
手术结束前1h不宜再用，因麻醉结束后，常发生通气不足；,
备劳喘,
罗氟酸,
Ru-28965,
阿莫仙,
Naftopen,
高血糖症,
酒精中毒、肝功能损害者慎用；婴儿、3个月以上孕妇和哺乳期妇女慎用。,
注射剂：50mg(5ml)，200mg(5ml)。,
霉酚酸吗啉乙酯,
TARCEVA,
菌血症,
持续皮下注射给药：起始剂量为1.25ng/(kg·min)，对该剂量不能耐受的患者可降低剂量至0.625ng/(kg·min)。根据肺动脉高压临床症状的改善情况，调整给药剂量。最初4周每周增加剂量不得超过1.25ng/(kg·min)，以后每周增加剂量不得超过2.5ng/(kg·min)。最大剂量不得超过40ng/(kg·min)。,
逆转非除极肌松药的作用：可静脉注射5～10mg，如有必要，5～10min重复，总量不应超过40mg。也可肌内注射：成人10mg；小于34kg儿童2mg，大于35kg儿童5mg；婴儿0.5～1mg，均为1次量。,
氟西奈德,
泰必治注射液,
芬康唑,
Azlin,
药物对儿童的影响：4岁以下儿童使用本药的安全性和有效性尚不明确。,
戊烯保太松,
澳特斯,
浩罗卡因,
速喘宁,
信必可都保,
期前收缩,
孚帮,
咳净酮,
卷须霉素,
1．交叉过敏：本药与青霉素类药、头孢菌素类药有交叉过敏。2．慎用：肾功能不全者。3．药物对儿童的影响：尚无用于儿童的安全性及有效性资料。4．药物对妊娠的影响：尚缺乏妊娠期妇女使用本药的安全性资料，孕妇用药须权衡利弊。5．药物对哺乳的影响：少量哌拉西林可经乳汁排泄，可能导致婴儿过敏(出现腹泻、念珠菌感染及皮疹)，哺乳妇女用药须权衡利弊。6．用药前后及用药时应当检查或监测：(1)有出血倾向的患者应检查凝血时间、血小板聚集时间和凝血酶原时间。(2)用药期间应监测肾功能，如出现肾功能异常应调整治疗方案。7．用药前须详细询问患者的青霉素过敏史。8．用药前必须做皮肤过敏试验，皮试阳性反应者不能使用。9．溶液配置：使用前先将本药2．5g(或5g)溶于适量溶剂(如5%葡萄糖注射液、,
头孢磺啶钠,
慎用:(1)对其他β-内酰胺类抗生素过敏者；(2)严重肾功能不全者；(3)胆道阻塞患者；(4)高度过敏性体质者；(5)孕妇及哺乳期妇女；(6)早产儿、新生儿；(7)高龄、体弱者。,
注射剂(粉)：1g(含氟氯西林钠、阿莫西林钠各500mg)；,
三氟氯溴乙烷,
静脉滴注：将本药100mg溶于注射用生理盐水500ml中，在3h内按以下方式滴完，即前2min先注入本药10mg，以后60min内滴入50mg，最后120min内滴完余下的40mg。(1)负荷给药法(frontloading)：总剂量为100mg，先弹丸(bolus)注射15mg，然后30min内再静脉滴注50mg，接着1h内静脉滴注剩余35mg。(2)按体重法：先静脉弹丸注射15mg，接着30min静脉滴注0.75mg/kg，然后1h内静脉滴注0.5mg/kg。(3)二次弹丸法(twobolus)：总量100mg，分2次静脉弹丸注射，间隔30min，此方法可有88%的再通率。,
氮苄脒青霉素双酯,
卡茚青霉素钠,
IL-2的用法：IL-2用量按临床需要，在有经验医师指导下使用。(1)皮下注射：IL-2，20万～40万U/m2加入无菌注射用水2ml溶解，每天1次，每周连用4天，4周为1个疗程。(2)静脉滴注：IL-2，20万～40万U/m2，加入生理盐水500ml，静脉滴注2～3h，每天1次，每周连用4天，连用4周为1个疗程。(3)腔内灌注：先尽量抽去腔内积液或插管引流，再将IL-240万～50万U/m2加入生理盐水20ml注入，每周1～2次，每3～4周为1个疗程，如疗程中积液消失，宜中止治疗。(4)瘤内或瘤周注射：IL-2，10万～30万U，加入生理盐水3～5ml，分多点注射到瘤内或瘤体周围，每周2次或2次以上，连用2周为1个疗程。,
注射剂(粉):1g。,
ZD-1839,
癫痫发作,
必可复,
1个月以内的新生儿和早产儿不推荐应用本药。,
成人(1)静脉滴注：1次80～100mg/m2，每4～5周1次。用生理盐水稀释至500ml后滴注，滴注完后再静脉滴注1000ml以上输液。(2)肾功能不全时剂量：肾功能不全患者首剂适当减量。,
β-美松,
Bamifylline,
胸腔注射：一次148～222MBq(4～6mCi)，用氯化钠注射液稀释后注入，一般4～6周后可重复注射。,
慎用：(1)老年心脏病、高血压患者。(2)糖尿病、甲状腺疾病患者。(3)青光眼患者。(4)前列腺肥大者。(5)呼吸困难、肺气肿患者。(6)吸烟、哮喘、肺气肿引起的慢性咳嗽及痰多粘稠者。(7)肝、肾功能不全者。,
1．出血体质患者、未控制的动脉高压患者、近期有十二指肠溃疡病史患者、糖尿病患者、视网膜病变患者、出血患者慎用。老年患者慎用。用于治疗深部静脉血栓形成和肺栓塞时，体重低于50kg患者慎用。有肝素引起的血小板减少病史的患者慎用。本品生殖毒性分级为B，孕妇慎用。尚不知本品是否经乳汁分泌，哺乳期妇女慎用。2．本品不与其他药物混合使用。3．本品不能用于肌内注射。4．不可与肝素、低分子肝素或拟肝素等量替代使用。5．在使用本品预防期间如果发生血栓形成应采取适当的治疗措施。6．儿童用药安全性尚未评价。7．本品尚无特效解毒剂，药物过量可导致出血并发症。血液透析可使本品清除率增加20%。8．应定期检查患者肾功能。9．15～30℃保存。,
用药期间，特别是大剂量给药时，应给予水化、利尿措施，补充电解质。,
Modrasone,
唑酮氨苄青霉素,
Cefmetazon,
成人：(1)静脉滴注：开始静脉滴注时可先试从1～5mg或按体重每次0.02～0.1mg/kg给药，以后根据患者耐受情况每天或隔日增加5mg，当增加至每次0.6～0.7mg/kg时即可暂停增加剂量。最高单次剂量按体重不超过1mg/kg，每天或隔1～2天给药1次，总累积量1.5～3.0g，疗程1～3个月，也可长至6个月，需视患者病情及疾病种类而定。对敏感真菌所致感染宜采用较小剂量，即1次20～30mg，疗程仍宜较长。(2)鞘内注射：首次为0.05～0.1mg，以后逐渐增至每次0.5mg，最大量每次不超过1mg，每周给药2～3次，总量15mg左右。鞘内给药时宜与小剂量地塞米松或琥珀酸氢化可的松同时给予，并需用脑脊液反复稀释药液，边稀释边注入以减少反应。(3)局部用药：①着色真菌病：以1～3mg/ml溶液加适量普鲁卡因，病灶内局部注射，每周1～2次；多病灶者可交替注射。皮肤灼烧后感染真菌，以0.1%溶液外涂；②呼吸道真菌感染：以5～10mg，配成0.2～0.3mg/ml溶液，每天分2次喷雾，疗程1个月；③真菌性角膜溃疡：用1%眼膏或0.1%溶液外涂，每天2次。,
Pulmozyme,
双氯苯唑青霉素,
托霉素,
氯雷伪麻片,
静脉注射：每次0.3mg，每天1次。可根据年龄、症状酌情增减。,
阿泽红霉素,
诱导：通过吸入恩氟烷和纯氧或恩氟烷与氧气/氧化亚氮混合物进行诱导。初始浓度0.5%，呼吸抑制后逐渐增加到5%，也可加用短效巴比妥。,
头孢氰四唑,
三氮唑核苷,
巴拉沙星,
Hailun,
Gatifloxacin,
口服，成人起始剂量62.5mg，每日2次，分别在早、晚服用，共28天，再增加至维持剂量125mg。体重10～20kg患者，推荐起始剂量31.25mg，每日1次，维持剂量31.25mg，每日2次；体重20～40kg，推荐起始剂量31.25mg，每日2次，维持剂量62.5mg，每日2次。,
维宏,
痰湿壅盛患者不宜服用，其表现为痰多粘稠或稠厚成块。,
药物对妊娠的影响：动物试验表明，本药有致畸和引起胎儿死亡的作用，故孕妇、可能妊娠的患者禁用。,
静脉滴注：用于严重病例或不能口服者，每次200～400mg，每12小时1次。,
特普他林,
口服:成人每次200～400mg，每天2次。儿童每天15～30mg/kg，分2次给予。餐前1h或餐后服用。,
与利福平显示交叉耐药性，故本品不适于利福平治疗无效的病例。,
成人：(1)口服给药：每天100万～150万U，分2～3次服用；重症时剂量可加倍；(2)肌内注射：黏菌素硫酸盐，每天100万～150万U；(3)静脉滴注：黏菌素硫酸盐，每天100万～150万单位；(4)鞘内给药：每天1次，每次5mg，共3～4天；以后每次5mg，隔日1次。至少维持到脑脊液培养转阴，糖含量恢复正常2周后；(5)局部给药：1万～5万U/ml，用氯化钠注射剂溶解，涂于患处；(6)肾功能不全时剂量：本药的肾毒性与剂量相关，因此，应根据肌酐清除率或血中肌酐水平提示的肾功能情况来调整剂量。①肌酐清除率正常或＞正常80%，每天2.5～3mg/kg；②肌酐清除率为正常80%至＞正常30%，第1天2.5mg/kg，以后每天1～1.5mg/kg；③肌酐清除率＜正常30%，第1天2.5mg/kg，以后每2～3天1～1.5mg/kg；④无尿时，第1天2.5mg/kg，以后每5～7天1mg/kg。,
吡嘧司特,
格兰西隆,
头孢噻四唑,
妊娠期妇女慎用。,
多胜菌素乙,
Cortisone,
Trinalin,
Acetylspiramycin,
胸腔注射：每次20mg，每周2次。,
Lummy,
施铂锭,
儿童:(1)经鼻给药：用于治疗季节性和常年过敏性鼻炎时：对于12岁及其以上患者常用剂量是每天1次，每次每个鼻孔喷两下(每喷50μg)；3～11岁的儿童患者推荐剂量是每天1次，每次每个鼻孔喷一下；对于年龄小于3岁的小儿，莫米松鼻腔喷剂的有效性和安全性尚不明确；(2)外用：对于患特应性皮炎的6～12岁儿童，用0.1%的糠酸莫米松霜治疗6周对减轻症状有效，且不引起肾上腺抑制或皮肤萎缩。,
Cefobis,
双丁萘磺钠,
精神抑郁,
病毒唑,
静脉注射：将50mg的本药溶解为1mg/ml的浓度，注射给药。,
Kenacort-A,
口服：每次50～100mg，每天3次。,
Roxithromycinum,
成人：(1)口服给药：开始为每次0.75～3mg，每天2～4次；维持量约每0.75mg，视病情而定。(2)静脉注射：①疾病危急状态，如严重休克等的治疗：用地塞米松磷酸钠，每次2～20mg，2～6h重复给药至病情稳定，但大剂量连续给药一般不超过72h。②缓解恶性肿瘤所致的脑水肿：首剂静脉推注10mg，随后每6小时肌内注射4mg，一般12～24h患者可有所好转，于2～4天后逐渐减量，5～7天停药。③不宜手术的脑肿瘤：首剂静脉推注50mg，以后每2h重复给予8mg，数日后再渐减至每天2mg，分2～3次静脉给予。(3)肌内注射：①一般用法用量：用醋酸地塞米松注射剂，根据病情每次5～15mg，间隔2～3周注射1次。②用于缓解恶性肿瘤所致的脑水肿：参见静脉注射项。③增强治疗或用于过敏性疾病、休克：每次2～6mg；重症可重复给药，每2～6小时1次。④恶性疟所致脑水肿引起的脑昏迷：每次3～10mg，每8小时1次。(4)关节腔内注射：每次0.8～4mg，视关节腔大小而定。鞘内注射：每次5～10mg，间隔1～3周注射1次。(5)吸入给药：用于过敏性鼻炎，用1.7%～2.3%气雾剂喷雾吸入，每天2～4次。(6)经眼给药：①滴眼：外眼炎症可采用0.001%浓度，每天4～5次；内眼炎症以及手术后，药物浓度可增加至0.1%，每天4～5次。②植入微粒：在眼科手术结束并取出黏弹物质后，用精密无齿镊从包装中取出地塞米松缓释微粒1粒放入眼前房或后房，如果放在前房，应将药粒放在虹膜基底12点位置；如果放在后房，应放在虹膜和人工晶体前表面之间的6点位置，然后以常规方式闭合切口。③玻璃体内注射：每次0.4mg。(8)局部给药：用0.05%～0.1%乳膏涂搽患处，每天2～3次。,
吉粒芬,
成人每天1～4g，深部肌内注射、静脉推注(3～5min)或静脉滴注(30min)给药。,
罗卡他霉素,
1g不足以维持有效血药浓度。,
Meclastin,
(尚不明确),
伊米配能/西司他丁钠,
片剂：125mg，250mg，500mg。,
慎用：(1)支气管哮喘，用药后加重；(2)心功能不全、高血压(可致水潴留、水肿)；(3)血友病或其他出血性疾病(包括凝血障碍及血小板功能异常) 用药后出血时间延长，出血倾向加重：(4)消化道溃疡病史 用药后易出现胃肠道不良反应，包括产生新的溃疡；(5)肾功能不全 用药后肾功能不良反应增多，甚至导致肾衰竭 ,
血小板减少,
Gefitinib,
青霉素V钾盐,
儿童静脉给药：每天30～80mg/kg，分2次缓慢静脉注射或静脉滴注。重度感染每天剂量可达150mg/kg，分2～3次静脉给药。,
对孕妇、哺乳期妇女。,
头孢吡硫,
在治疗期间，可出现乏力的症状，患者在驾驶或操作机器时应给予提醒。,
咳嗽、痰量较多或黏稠的呼吸道疾病患者原则不用或慎用。,
口服：(1)成人重症感染每次0.15～0.3g，必要时可增至0.45g，每天4次；儿童重症感染每天8～16mg/kg，必要时可增至每天20mg/kg，分为3～4次给予。用于细菌性阴道病，每次0.3g，每天2次，连续7天；(2)棕榈酸酯盐酸盐(供儿童应用)用于重症感染每天8～12mg/kg，极严重时可增至每天20～25mg/kg，分3～4次给予；10kg以下体重的婴儿可按每天8～12mg/kg，分3次给予。,
四氢呋喃氟脲嘧啶,
口服。15岁以上患者1次2粒，1日3次；8～15岁1次1粒，1日3次。,
肾衰竭,
英福美,
妥星,
福莫待若,
气雾吸入：每次10～20μg，每天3～4次。,
脱氧土霉素,
三卤米他松,
复方甘草酸苷,
老年人和严重肝肾功能不全者慎用或减量。,
头孢特仑新戊酰氧甲酯,
癫痫,
Arixtra,
支气管扩张、肺脓疡、肺结核、高血压患者，应在医师指导下服用。,
力复霉素钠,
Azactam,
患者体重50kg或以上者，每次5片，每天1次。规则用药2～3个月。,
口腔念珠菌病,
立可信,
Aethophylline,
Amoxicillin/Flucloxacillin,
Ofloxacine,
甲氨喋啶,
慎用:(1)对青霉素类药过敏者慎用；(2)因本药对孕妇、哺乳期妇女及婴儿的用药安全性未确定，故孕妇、哺乳期妇女及早产儿、新生儿慎用；(3)肝、肾功能严重障碍者慎用；(4)高度过敏性体质者慎用；(5)高龄体弱者以及全身状况差者慎用。,
心律失常、高血压、甲状腺功能亢进和糖尿病患者慎用。,
初用本品常可见循环淋巴细胞减少，故应特别注意防止病人感染。血小板和红细胞减少的情况不多见。故使用后前几天，发生这些症状时应暂减少剂量。如发生在后期，应考虑是否由本制品引起的症状，严重时应停用。,
肝功能不全者慎用，孕妇及哺乳期妇女用药须权衡利弊。,
正接受鼻导管插管通气或气管切开的患者通过消化道使用本药时应加强定时吸痰。,
本品不产生缩瞳作用，对视力及调节无影响，不引起支气管痉挛及心率减慢，对无法应用β受体阻断药患者可选用本品。,
"肌注或静注：成人，每次0.5～1g，每日3～4次；深部肌注或静注；静滴每日20～40mg/kg,分2次给药。儿童剂量酌减。口服：成人，每次0.25～0.5g，每日3～4次，空腹服用；儿童，按体重每日0.1g/kg，分4次给药。",
维甲酸,
儿童及老年人慎用，孕妇、婴幼儿禁用。,
禁用、慎用：素体虚寒者慎用。,
混悬液：100mg(5ml)。,
片剂：100mg。,
Nimbex,
蛤蚧定喘胶囊,
本品对变态反应原引起的皮肤反应有抑制作用，故进行皮肤试验时，应提前12h中止使用本品。,
铜绿假单胞菌制剂注射液：每安瓿1ml，含菌1.6×109～2.0×109。,
盐酸匹考哌林,
Heparin Cal.,
口服：每次150mg，每天2次，于早晨及就寝前服。剂量可随年龄、症状适当增减。,
Cefteram Pivoxil,
本品不适用于孕妇、术后儿童、手术前及手术后24h内肠功能未恢复者。本品必须整片吞服，不可嚼碎。不同控释和缓释制剂之间不确保其生物对等性，故应强调当一种制剂的有效剂量确定后，不应改用其他长效、缓释、控释吗啡制剂，除非再调整剂量，并应监测患者情况。本品有耐受性和依赖性，注意监控剂量和使用时间。本品过量时表现为针状瞳孔，呼吸减弱和血压下降，严重时可发生循环衰竭和深度昏迷，应立即静脉注射纳洛酮,
肉芽肿,
先锋哌酮钠,
偶见荨麻疹、风团、血管性神经水肿、过敏性哮喘。,
Repirinast,
儿童常规剂量：体外循环：接受体外膜式氧合(Extracorporealmembraneoxygenation)的新生儿，可用本药(加小剂量肝素)降低血液并发症。平均剂量为每小时0.48mg/kg(剂量范围为每小时0.29～1.1mg/kg)。,
Clindamycin Phosphate,
奥得清,
用药过量会增加水潴留和低钠血症的危险。对已出现低钠血症的患者，应停药、限制摄入量，伴有症状的患者，可输注等渗或高渗氯化钠注射剂。,
注射液：1mg/kg。,
胶囊剂：每粒0.34g。,
慎用：(1)孕妇、哺乳期妇女；(2)早产儿、新生儿；(3)有胃肠道疾病病史者，特别是溃疡性结肠炎、局限性肠炎或抗生素相关性假膜性结肠炎者；(4)严重肝、肾功能障碍者；(5)高度过敏性体质者；(6)年老体弱者。,
口服给药：(1)每次600mg，每周1次(其作用约相当于利福平600mg，每天1次)。必要时也可每次600mg，每周2次。(2)化脓性皮肤病，每天300mg，5天为1个疗程。,
肺部粪类圆线虫病,
吡咯醇胺,
本品不能直接静滴，应以生理盐水稀释后给药。稀释时应轻轻翻转，不要振摇，以防起泡。稀释的溶液在2～8℃可保存24h，室温下可保存4h。本品仅供单次使用，未用部分应弃去。,
去甲本可松,
退嗽露,
太古霉素,
邦达,
喘立平,
喘息定,
硫酸萘替米星,
派拉西林钠/三唑巴坦钠,
Tienam,
Cannitracin,
儿童:(1)口服给药：用于肠道感染或术前准备，每天10～15mg/kg，分3～4次给药。(2)肌内注射：①早产儿或1周以内足月产新生儿:每次2.5mg/kg，每12～24小时1次，共7～14天。②1周以上新生儿或婴儿:每次2.5mg/kg，每12小时1次，共7～14天。③儿童:每次2～2.5mg/kg，每8小时1次，共7～12天。(3)静脉滴注：剂量同肌内注射；将每次剂量加入0.9%生理盐水或5%葡萄糖液50～200ml中，使药物浓度不超过1g/L(碱基)(相当于0.1%的溶液)，在30～60min内缓慢滴入。(4)鞘内或脑室内注射：3个月以上婴儿及儿童每次1～2mg，每2～3天1次。(5)透析时剂量:血液透析后可根据感染严重程度，小儿(3个月以上)按体重补给一次剂量2～2.5mg/kg。,
成人：(1)口服给药：开始为每次0.75～3mg，每天2～4次；维持量约每0.75mg，视病情而定。(2)静脉注射：①疾病危急状态，如严重休克等的治疗：用地塞米松磷酸钠，每次2～20mg，2～6h重复给药至病情稳定，但大剂量连续给药一般不超过72h。②缓解恶性肿瘤所致的脑水肿：首剂静脉推注10mg，随后每6小时肌内注射4mg，一般12～24h患者可有所好转，于2～4天后逐渐减量，5～7天停药。③不宜手术的脑肿瘤：首剂静脉推注50mg，以后每2小时重复给予8mg，数日后再渐减至每天2mg，分2～3次静脉给予。(3)肌内注射：①一般用法用量：用醋酸地塞米松注射剂，根据病情每次5～15mg，间隔2～3周注射1次。②用于缓解恶性肿瘤所致的脑水肿：参见静脉注射项。③增强治疗或用于过敏性疾病、休克：每次2～6mg；重症可重复给药，每2～6小时1次。④恶性疟所致脑水肿引起的脑昏迷：每次3～10mg，每8小时1次。(4)关节腔内注射：每次0.8～4mg，视关节腔大小而定。鞘内注射：每次5～10mg，间隔1～3周注射1次。(5)吸入给药：用于过敏性鼻炎，用1.7%～2.3%气雾剂喷雾吸入，每天2～4次。(6)经眼给药：①滴眼：外眼炎症可采用0.001%浓度，每天4～5次；内眼炎症以及手术后，药物浓度可增加至0.1%，每天4～5次。②植入微粒：在眼科手术结束并取出黏弹物质后，用精密无齿镊从包装中取出地塞米松缓释微粒1粒放入眼前房或后房，如果放在前房，应将药粒放在虹膜基底12点位置；如果放在后房，应放在虹膜和人工晶体前表面之间的6点位置，然后以常规方式闭合切口。③玻璃体内注射：每次0.4mg。(8)局部给药：用0.05%～0.1%乳膏涂搽患处，每天2～3次。,
本品对哮喘已经发作的患者不能迅速使之缓解，故对季节性患者应提前给药并持续给药至好发季节结束。,
长期使用可产生耐受。,
美爱克,
锯齿酶,
成人常规剂量：口服给药：(1)预防和(或)巩固治疗：使用成人胶囊，一日7mg，空腹服用，一月连用10日，连用3个月为一疗程(即连服10日，停20日；再服10日，停20日；再服10日)。(2)急性期治疗：使用成人胶囊，一次7mg，一日1次，空腹服用，至到症状消失(但至少用10日)。如需使用抗生素，宜从治疗开始就联用。,
洛草氨酸氨丁三醇,
Isoprenaline,
祛痰菜碱,
Ventolin,
仙逢久,
强力霉素,
美可，糖浆剂：60ml、120ml，分别含氢溴酸右美沙芬90mg和180mg、伪麻黄碱6mg和12mg、氯苯那敏6mg和12mg、愈创甘油醚30mg和60mg；,
皿治林,
血糖升高,
停药指征：高热、间质性肺炎、气急、呼吸困难、过敏性休克。,
去炎舒松,
极量：每次0.5g。,
儿童：每次100mg/kg，每天2次。,
成人：尿路感染，每6小时2g(每天量100～125mg/kg)，重症下呼吸道、皮肤、骨和关节感染，3g每4小时1次或4g每6小时1次(每天量150～200mg/kg)。对于危及生命的重症感染，剂量可加大到每4小时4g(最大每天量24g)。通常一个疗程为10～14天，但有时可延长。,
慎用：(1)心脏病、高血压患者；(2)甲亢患者；(3)糖尿病患者；(4)哮喘、慢性肺部疾病、呼吸困难患者；(5)因吸烟、咳嗽、肺气肿而引起的长期慢性咳嗽或咳嗽伴有黏痰患者；(6)青光眼患者；(7)精神抑郁患者；(8)对麻黄碱药理作用敏感者；(9)因前列腺肥大而引起排尿困难的患者；(10)妊娠和哺乳妇女。,
苯乙青霉素,
紫杉特尔,
甲烯氨苄青霉素,
氨苄西林-舒巴坦联合制剂,
Remefline,
鹅口疮,
ICZ,
Roxithromycin,
新菌灵,
慎用：(1)高血压患者。(2)原发性肺动脉高压患者。(3)全身麻醉者。(4)严重心律失常患者。,
静脉注射：成人每次4mg(相当于2.5mg地塞米松)，每2周1次。可根据患者的年龄、体重和症状调整用量。,
肌内注射或静脉注射：3～9g/d。2～3次/d。,
头孢呋肟酯,
Mycobutol,
多黏菌素B滴眼剂,
Lobeinum,
毛细血管扩张,
本药不能与碱性药物混合。,
Trovafloxacin,
Azacort,
BLM,
本品不宜长期服用。,
左旋沙丁胺醇酒石酸盐,
Isonorin,
必嗽平,
口服：每次150～200mg，每天2～3次。对严重感染每天600mg。,
西苏霉素,
慎用：(1)心血管疾病患者；(2)癫痫患者、有痉挛病史者；(3)哮喘患者；(4)青光眼患者；(5)甲状腺功能亢进者；(6)尿潴留者；(7)前列腺增生者；(8)肝脏疾病或肝硬化者；(9)肾脏疾病患者；(10)活动过强或易激惹的患者；(11)老年患者；(12)孕妇。,
头孢环烯氨,
厄他培南注射剂：1.0g/支。室温保存。,
注射剂：200mg（100ml）。,
儿童：常用量为每天20mg/kg，分3次(每8小时1次)给药，重症感染可按每天40mg/kg给予，但每天总量不宜超过1g。,
羧噻吩青霉素,
低血压、严重心血管疾病、肝功能不全者慎用。,
去氢可的松,
18F-NaF,
去甲酰氧甲基唑肟头孢菌素,
每次500mg，每天1次，吃饭时服用，疗程根据病情为7～14天。老年人不需更改剂量。对轻度肝功能不足和慢性肾衰竭的患者亦不必调整剂量。,
影响免疫功能的药物,
有哮喘、皮疹或变态反应者慎用。,
头孢菌素18号,
Effectin,
注射剂(粉)：0.375，0.75g，1.5g。,
头孢立新,
卤美他松,
静脉滴注：在造血干细胞移植后的2～4h即可给药，每天250μg/m2，约2h滴完，连续用药21天；或每天5～10μg/kg，在4～6h内滴完。,
Betnesol,
TB-PPD,
JM-8,
本药作用持续短而一般肌松药持续时间长，拮抗有效后，务必继续观察30～60min，以免肌松再度出现。,
口服：每次1丸，每天2次。骨结核患者每次用生鹿角15g煎汤送服。,
Cruosurf,
Tersigan,
链球菌性咽炎,
肌内注射(深部)、静脉注射或静脉滴注给药：成人每天2～4g，分2次给予。,
邻氯异丙肾上腺素,
参苓白术口服液,
Ceftriaxone,
透析时剂量：血液透析或腹膜透析后追加0.25～0.5g，每24小时1次。,
气雾膜：0.25%；,
慎用：(1)肝功能不良者；(2)尿毒症患者；(3)严重心血管疾病患者(如高血压和冠心病患者)；(4)青光眼者；(5)前列腺肥大、尿潴留者；(6)严重呼吸系统疾病患者(尤其是儿童患者)；(7)震颤麻痹症患者；(8)孕妇、哺乳妇女；(9)暴露于高热环境、有机磷杀虫剂及接受阿托品或相关药物治疗的患者；(10)有神经阻滞剂所致恶性综合征病史者；(11)有瑞氏综合征征象和症状者；(12)乳癌患者。,
喘息状态及严重呼吸困难者，色甘酸钠吸入不属首选治疗。应先用解痉药物或皮质激素以控制症状。,
无菌头孢三秦钠,
风热感冒者不适用，其表现为发热明显，微恶风，有汗，口渴，鼻流浊涕，咽喉肿痛，咯吐黄痰。,
每次0.5～2.0g，加入生理盐水或5%葡萄糖溶液中稀释后静脉滴注。小儿按每次每公斤体重20mg滴注。2次/d。,
血卟啉病,
Duxil,
偶尔可发生急性间质性肺病，部分患者可因此死亡。伴发先天性肺纤维化/间质性肺炎/肺尘病/放射性肺炎/药物诱发性肺炎的患者出现这种情况时死亡率增加。如果患者气短、咳嗽和发热等呼吸道症状加重，应中断治疗，及时查明原因。当证实有间质性肺病时，应停止使用。,
成人常规剂量：口服给药：,
霉康灵,
注射剂：0.375g(阿莫西林0.25g，舒巴坦0.125g)；0.75g(阿莫西林0.5g，舒巴坦0.25g)；1.5g(阿莫西林1.0g，舒巴坦0.5g)。,
帕尼配能/倍他扑隆,
氯唑青,
Sultamicillin,
兰诺康唑,
RTC,
卡氮芥,
卡碧士,
蛇胆川贝软胶囊,
Iphosfamide,
Albistat,
注射剂：0.25g(10ml)；,
氟甲龙,
服药期间不宜驾驶机动车、操纵机械和高空作业。,
本品常在1～1.5min内静注，婴儿和其他不能进行静注的病人可肌注与静注相同的用量。,
Compound Pholcodine,
青霉烷砜,
灭滴唑,
来弗斯,
药物对诊断或检验值的影响：应用99mTc胶态硫作单核-吞噬细胞系统显影时，本药能使99mTc胶态硫凝集从而大量集聚在肺血管，进入肝、脾、骨髓等减少。,
ACNU,
心肌炎,
溶链菌制剂,
肺动脉栓塞,
本品偶见皮肤瘙痒、皮疹、头痛、心悸，罕见呼吸困难、过敏性休克。,
必酮碟,
Synagis,
慎用：(1)冠状动脉供血不足；(2)糖尿病；(3)心绞痛；(4)高血压；(5)惊厥。,
儿童可皮下注射每次0.1～0.2mg/kg；或缓慢静脉注射每次0.05～0.1mg/kg。,
喘乐宁雾化溶液：0.5～2ml喷雾或间歇正压吸入。,
头孢羟哌嗪钠,
氯羟他定,
慎用(1)肝功能障碍；(2)低血压；(3)老年人。,
Pemirolast,
治疗前，患者应接受结核菌素皮试。如有潜伏期结核病，应先进行抗结核治疗。,
氯喘,
Kefzol,
片剂：200mg。,
麻醉醚,
苯氧甲基青霉素钾,
戊烯那宗,
慎用：(1)胆石症或胆道疾病患者(可引起胆道平滑肌张力改变)；(2)慢性阻塞性肺疾病或慢性支气管炎患者(可引起呼吸道阻力、支气管平滑肌张力或分泌物改变)；(3)肝肾功能不全者；(4)甲状腺功能亢进者；(5)帕金森病患者；(6)消化性溃疡或胃肠道痉挛者；(7)肾结石患者(可能引起肾绞痛或输尿管反流)；(8)认知能力低下或有精神障碍者(可能影响中枢神经系统)；(9)尿路梗阻者；(10)有视网膜脱落史或有脱落危险者。,
口服：成人每次100～130mg/m2，或3.5mg/kg，一般200～400mg/次，每隔6～8周服药1次，3次为1个疗程；或75mg/m2，每3周1次，成人累积量不宜超过1000mg/m2，以防止肺及肾毒性的发生。小儿每次80～100mg/m2，每6～8周1次。视血常规情况再用第2次，一般用4次左右。剂量调整：根据血常规调整剂量；特别注意如发现迟发性骨髓抑制，应减少剂量。,
Cefprozil,
糖浆剂：0.5%。联邦止咳露(Anticol)：每5ml糖浆含可待因5mg、麻黄碱4mg、氯化铵110mg、氯苯那敏1mg。菲迪克(Pheticole)糖浆剂（联邦止咳露二号，AnticolNo.2）：每5ml含可待因5mg、曲普利啶0.7mg、麻黄碱7mg、愈创木酚磺酸钾70mg。,
颗粒剂：每袋3g。,
Ceftizoxime,
脉搏加快,
慎用：(1)对青霉素类药过敏者慎用；(2)孕妇、早产儿、新生儿的用药安全性尚未确定，应慎用；(3)严重肝、肾功能不全者慎用；(4)高度过敏性体质、高龄体弱者慎用。,
氟哌沙星,
海脉素,
Rifampicinum,
里度霉素,
皮下、肌内注射或口服5～10mg，每天1～3次。极量：皮下或肌内注射每次20mg，每天60mg；口服每次30mg，每天100mg。,
哮喘病人在使用本品时如出现大发作，就必须给予支气管扩张药或皮质激素。,
Rilaten,
硫酸醛基长春碱,
西地兰,
如氟沙星,
甲磺酸萘莫司他,
勿超量使用，勿同服其他镇咳祛痰药、感冒药、抗组胺药、镇静药等。,
片剂：8mg；,
低血压者慎用。,
正康,
慎用:(1)孕妇、哺乳期妇女；(2)婴儿及肾功能不全的儿童；(3)肝、肾功能严重不全者；(4)中枢神经系统疾病患者；(5)过敏体质者；(6)年老、体弱者。,
药物对儿童的影响:治疗小于6个月小儿中耳炎、社区获得性肺炎及小于2岁小儿咽炎或扁桃体炎的疗效与安全性尚未确立。,
M胆碱受体阻断药,
羟乙茶碱,
复方磺胺甲噁唑片：0.5g(含SMZ400mg，TMP80mg)；,
速眠安,
Dalacin,
接受糖皮质激素治疗的患者，免疫功能可能受到抑制，故应警惕面临某些感染(如水痘、麻疹)的危险。1,
口服：每次200～400mg，每天1次，连续5～7天。对急性、慢性支气管炎，每次400～600mg，每天1次，连续10天。用于单纯性淋病，单剂量400mg顿服，用于非淋球菌性尿道炎，每次400mg，每天1次，连续7天。老年患者不需要调整剂量。,
儿童慎用。,
受试者应在早上空腹时或进食2h以后受试，受试前漱口。,
希克劳,
吹气管在使用时要注意方向，滴斗内有突出吸管的一端(较短)插入液面。1,
抗真菌抗生素414,
Lobelin,
支气管哮喘患者用本品时，如果哮喘大发作，须给予支气管扩张剂或甾体药物。,
1．交叉过敏：对一种青霉素类药过敏者，可能对其他青霉素类药过敏，也可能对青霉胺或头孢菌素类药过敏。2．慎用：哮喘、湿疹、花粉症、荨麻疹等过敏性疾病患者。3．药物对儿童的影响：本药可降低患者胆红素与血清蛋白的结合力，新生儿(尤其是有黄疸者)及早产儿应慎用。4．药物对妊娠的影响：尚缺乏有关孕妇应用本药的严格对照试验，孕妇只在确有必要时用药。5．药物对哺乳的影响：少量本药可经乳汁分泌，哺乳妇女用药时宜暂停哺乳。6．贮法：密闭，在干燥处保存。7．使用本药前需详细询问药物过敏史以及进行青霉素皮肤试验，皮肤试验阳性者禁用本药。如发生过敏反应，应按青霉素G过敏处理。8．本药宜单独静脉滴注，不宜与下列药物同瓶滴注：氨基糖苷类药、克林霉素磷酸酯、盐酸林可霉素、琥珀氯霉素、红霉素、去甲肾上腺素、肾上腺素、琥珀酸氢化可的松、间羟胺、多巴胺、苯巴比妥、阿托品、葡萄糖酸钙、维生素C、维生素B族以及含有氨基酸的营养注射剂等。9．本药注射液须现配现用。10．以葡萄糖注射液溶解本药进行静脉滴注时，宜以较快速度滴注(半小时内滴完)，以免药效降低。11．药物过量的表现：静脉给予大剂量氨苄西林钠可引起抽搐等神经系统毒性反应。有婴儿应用大剂量本药后出现血尿、蛋白尿和尿毒症的报道。,
西索霉素,
15mg/ml。1,
吸入诱导麻醉：异氟烷与氧或氧/氧化亚氮的混合物，用于诱导麻醉。建议本品的初始剂量为0.5%、1.5%、3%的浓度，通常7～10min产生麻醉。维持麻醉：1%～2.5%配以氧/氧化亚氮混合物，单独用氧时需外加0.5%～1%异氟烷。恢复期用药：接近手术完毕时，吸入浓度减至0.5%，皮肤缝合时可减至零。,
成人常规剂量：静脉滴注，起始剂量为一日0.1mg/kg，第2日开始剂量增加0.25～0.5mg/kg，再逐日递增至一日1～3mg/kg的维持量。对中枢神经系统感染，最大剂量为一日1mg/kg。儿童常规剂量：静脉滴注：(1)系统性真菌感染：①经验性治疗，对1个月至16岁儿童，一日3mg/kg。②确诊的系统性真菌感染，一日3～5mg/kg。(2)艾滋病患儿的隐球菌性脑膜炎：一日6mg/kg。(3)内脏利什曼原虫病：用法与用量同成人。,
片剂：10mg，20mg；,
腔内注射：胸腔内注射时，尽量抽净胸腔积液后注入本品1.2g(溶于生理盐水30ml中)，每周1～2次，5次为1个疗程。,
膜剂：60μg，120μg(其中1/3为速效膜，2/3为缓释长效膜，前者舌下含服，后者吞服)。,
急性吸入丙酸氟替卡松超过推荐剂量时会导致暂时性肾上腺功能抑制。由于肾上腺功能通常于数日内恢复，无需紧急处理。,
哮平灵,
口服液：成人5ml，2次/d。,
合剂：100ml；冲剂：9g；口服液：10ml；糖浆剂：500ml ,
慎用：(1)阻塞性呼吸系统疾病患者；(2)门腔静脉分流者。,
海正麦克丁,
支气管扩张、肺脓疡、肺心病、肺结核患者，出现咳嗽时应去医院就诊。,
为了防止过敏反应的发生，用前应了解患者的药物过敏史，必要时须用300～500μg/ml浓度的药液做皮试，呈现阴性后方可应用。,
逆转由非除极肌松药产生的神经肌肉阻滞：可静脉给予本品10～20mg，此前，先给予阿托品0.6～1.2mg，以抵消任何毒蕈碱作用。格隆溴铵可用来替代阿托品。,
硝氯丙唑,
片剂：30mg；,
静脉注射：成人每天1g～2g，分2次用药，严重者可增至每天4g。,
舌下含服时，宜将药片嚼碎，含于舌下，否则达不到速效。,
Cefzil,
冠心病、心功能不全、高血压、甲状腺功能亢进和糖尿病患者慎用。,
N-乙酰-L-半胱氨酸,
口服：初始一次4mg，每天2～4次，维持量每次1～4mg，每天1～2次。,
Brovaxin,
片剂：0.2g，0.4g。,
纳妥格拉斯丁,
Acetylcysteine,
ABLC,
咳咳停,
头孢腈甲,
Anamid,
替加氟/尿嘧啶,
雷米芬太尼,
头孢孟多甲酸酯钠,
对本品成分过敏者禁用。,
氧氟头孢钠,
成人:(1)肌内注射：每次0.75～1.5g，每天2～4次。每天最大剂量不超过6g；(2)静脉给药：每次1.5～3g，每天2～4次。每天最大剂量不超过12g(其中舒巴坦每天剂量最高不超过4g)。,
长期用药时应定期检查肝、肾功能和血象；肾功能减退者大剂量用药时，在治疗前和治疗过程中应检测出、凝血时间。,
蜜丸剂：6g；水丸剂：100mg。,
透星,
治疗重症肌无力：溴新斯的明的每天总量为75～300mg，分次口服，如必要，根据个体情况，夜间也可口服给药；在比较疲乏的时候给予较大的药量。大多数患者耐受的最高日剂量是180mg，儿童则为15～90mg。如患者不能接受口服，可间断皮下或肌内注射甲基硫酸新斯的明0.5～2.5mg，每天总量一般为5～20mg；儿童单剂量可给予200～500μg。,
卡丹青霉素,
成人常规剂量：静脉给药：推荐首剂1g，静脉给药1次，可缓慢推注3～4min，或以5%葡萄糖注射液、乳酸林格注射液或生理盐水100～250ml稀释后滴注。在体内污染后的24h内，宜将喷替酸钙钠(Ca-DTPA)作为首次给药，而喷替酸锌钠(Zn-DTPA)作为维持给药。维持给药时，推荐Zn-DTPA用量1g，一日1次，静脉滴注，持续时间取决于体内污染程度及患者对治疗的反应。雾化吸入：对因24h内吸入而造成体内污染的患者，可将本药用灭菌水(或生理盐水)稀释后(1：1)吸入，吸入后不应服用祛痰药。肌内注射：用于不能静脉给药者，但肌内注射的安全性和有效性尚未评价。注射后可引起显著的注射部位疼痛，推荐注射前加入1%～2%普鲁卡因。肾功能不全时剂量：不需要调整用量。,
片剂：0.05g，0.1g，0.2g；,
普劳奴,
治疗心衰和休克：以每分钟0.3mg剂量静脉滴注，对严重肺水肿者可每次0.5～1mg静注，在严密监测血流动力学改变下，每10～15min重复1次直至症状改善后改为每分钟0.5～1mg持续静脉滴注，稳定后改为口服血管扩张剂。,
Ampicillin/Cloxacilin,
药物对儿童的影响：10岁以下儿童使用本药的安全性和有效性尚不明确。,
奥氟哌酸,
Sisomicine,
Meicelin,
Cefamedin,
伪麻黄碱/氯苯那敏,
盐酸曲司氯铵,
斯皮仁诺,
Deflazacort,
注射剂(粉):0.5g，1.0g。,
复方氯雷他定,
静脉注射：(1)术后催醒：0.5～1mg/kg，如需要，在至少相隔5min后重复1次，总量不得超过2mg/kg。(2)中枢抑制催醒：1～2mg/kg，隔5min后按需可重复1次。维持量为每1～2小时用1～2mg/kg，直至获得疗效，每天总量以3g为限。,
阻塞性肺气肿,
Acodeen,
氨酚伪麻美那敏,
使用准纳器吸入本药后漱口可减少声嘶和念珠菌病的发生率。对有症状的念珠菌病患者，可局部使用抗真菌药治疗，同时可继续使用准纳器吸入本药。,
AM-725,
口服：每次1～2片，每天3次。,
法链吉,
注射剂(粉):0.25g，0.5g，1.0g。,
口服：常用量5～10mg/次，15～30mg/d；每张处方最大量105～210mg。,
本品过量的症状为呼吸抑制、过度嗜睡至昏迷、骨骼肌松弛、皮肤湿冷、时而心动徐缓、血压低，用药过量严重时会导致窒息、循环受阻、心功能异常及死亡。,
皮肤,
阿莫维酸钾,
预防新生儿呼吸窘迫综合征：在分娩后10min内给予200mg/kg，6～24h后，对仍需要60%浓度氧气的新生儿再给予200mg/kg。,
头孢甲氧霉素,
本品大剂量静注或与麻醉药(乙醚)或神经肌肉阻滞药联用可发生严重毒性反应，表现为重症肌无力、呼吸抑制、呼吸麻痹甚至呼吸停止。此时，应以抗胆碱酯酶药(新斯的明)和葡萄糖酸钙对抗。,
口服。合剂：一次10～20ml，一天3次，儿童减半或遵医嘱。片剂：一次2～4片，一天2次。口服液：一次10ml，一天2次，或遵医嘱。,
喷患处，一次适量，一日数次。,
甘草酸铵氯喘,
Vecuronium,
盐酸环丙沙星片：0.1g，0.2g，0.25g，0.4g，0.5g，0.75g；,
喘咳宁,
本品与红霉素、竹桃霉素，碳霉素之间有不完全交叉耐药性。,
克拉仙,
oxygen,
成人：与其他抗结核药联合，每天15～30mg/kg，顿服，或者每次50～70mg/kg，每周2～3次。每天服用者最大剂量为每天2g，每周3次者最大剂量为每次3g，每周服2次者最大剂量为每次4g。,
复诺定,
Beclometasone,
成人:(1)口服给药:每次375mg，每8小时1次，疗程7～10天。严重感染:口服每次625mg，每8小时1次，疗程7～10天。(2)静脉给药:每次1.2g，每天3次，严重感染者可增加至每天4次。静脉注射时每0.6g用10ml注射用水溶解，在3～4min内注入。静脉滴注时每1.2g加入100ml生理盐水中在30～40min内滴入。手术预防用药:于诱导麻醉时静脉给药1.2g。对有高感染危险性手术，如结肠手术，可以每次1.2g，每天3～4次给药。(3)肾功能不全时剂量:肌酐清除率大于每分钟30ml者，不需减量；肌酐清除率每分钟10～30ml者，每12小时(按阿莫西林计算)250～500mg；肌酐清除率低于每分钟10ml者(按阿莫西林计算)每24小时250～500mg。(4)透析时剂量:血液透析者，根据病情轻重，每24小时(按阿莫西林计算)250～500mg，在血液透析过程中及结束时各加用一次剂量。,
青霉素类为繁殖期杀菌药，半衰期短、排泄快，故应间歇给药。每天剂量应分3～4次给药，至少分2～3次给药，重症感染可以隔3～4h给药1次。青霉素类有局部刺激性，肌内注射量不能过大，以免局部过于疼痛并引起硬结，影响药物吸收。青霉素G肌内注射每次40万～80万U，适用于轻度与一般中度感染。重症感染应静脉注射给药，药液浓度青霉素G以1万U/ml为宜，半合成青霉素以1%～2%为宜。因青霉素类药物有过敏反应，快速大剂量静脉推注可能引起速发过敏反应，?故不宜静脉推注给药。,
气管内滴注。,
Zinnat,
Swordt,
Amoxicillin/Potassium Clavulanate,
不良反应与两性霉素B相似，但程度较轻。,
派莱霉素,
利福霉素B二乙胺,
Ventilae,
飞梭霉素,
口服溶液：120ml。,
静脉滴注：加入葡萄糖、果糖、盐水或林格液内滴注。,
口服。成人每次10ml，12岁以上儿童每次6.5ml，每日3次，饭后服用；12岁以下儿童遵医嘱。,
贝罗沙星,
口服，初始剂量为每天4～48mg，具体用量可根据病种和病情遵医嘱确定。最好于每天晨8～9时将全天剂量一次服用，以最大限度地减少对患者体内下丘脑-垂体-肾上腺轴的干扰，病情控制后应按医逐渐缓慢减量。部分患者需长期用维持剂量，每天为4～8mg。,
支气管扩张、肺脓疡、肺结核、肺心病、糖尿病患者，应在医师指导下服用。,
钩端螺旋体病,
Etomidate,
symbicort,
史达功,
醋酸地塞米松混悬液：5mg(1ml)，25mg(5ml)；,
Kanabiot,
安塞隆,
本药具有显著肾毒性，肾功能损害的患者和老年患者应根据肾功能情况调整用量。,
Cefotaxime,
艾他培南,
Tygacil,
Cefepime,
阿莫西林-克拉维酸钾,
成人：(1)口服给药：①治疗结核病：每天8～12g，最大剂量为20g，分3～4次服；②用于甲亢手术前：每天8～12g，分4次服，同时服用维生素B和维生素C。服药时间不可过长，以防毒性反应出现。(2)静脉滴注：临用前加适量灭菌注射用水使溶解后再用5%葡萄糖注射剂稀释，每天4～12g。(3)胸腔注射：治疗结核性脓胸：用20%溶液10～20ml，注入胸膜腔内。(4)局部注射：治疗淋巴结核、结核性瘘管：用3%溶液局部注入或周围浸润。(5)外用：①结核性溃疡：用10%软膏；②溃疡性结肠炎：保留灌肠。,
Budesonide,
利福平-异烟肼-吡嗪酰胺片：每片含利福平120mg、异烟肼80mg、吡嗪酰胺250mg。,
甲磺酸阿拉曲伐沙星,
强的松,
药物对儿童的影响：小儿用药的安全性尚缺乏研究。,
血管加压素,
注射剂(粉)：0.25g，0.5g，1g，2g。,
烟酸乙胺,
得宝松,
头孢匹姆,
03mg/kg。,
静脉滴注：每次400mg，每天2次。,
Zinacef,
用药前后及用药时应当检查或监测：用药中应定期(至少一周1次)监测：(1)肝、肾功能。(2)电解质(特别是镁、钾)。(3)血、尿常规。,
Linezolid,
皮肤刺激,
强利痰灵,
咳安宁,
肾功能不全，孕妇和哺乳期妇女慎用。,
Likacin,
阿瑞注射(粉针)剂，匈牙利吉瑞大药厂生产。每支4mg，另附加2支溶剂。,
注射剂(粉):600mg。,
慎用:(1)哺乳期妇女；(2)肝功能不全者；(3)严重肾功能不全者。,
Benzathin Penicillin,
氨唑青霉素钠,
慎用：(1)肝功能不全者。(2)过敏性体质患者(如支气管哮喘、花粉症或荨麻疹)。,
Sepatren,
药物对儿童的影响：目前尚无儿童用药的经验。婴儿对脂肪清除能力差，脂肪可能聚积于肺而致婴儿死亡。,
本品过量可引起呼吸抑制，甚至可致死。,
PZA,
Trimethoprimum,
尚未确立儿童用药的安全性。,
嘧啶亚硝脲,
注射剂：0.5g。,
胎膜破裂3周以上才出生的婴儿慎用。,
本人或直系亲属中有易发生支气管哮喘、皮疹、荨麻疹者慎用。,
干糖浆：125mg(5ml)；,
Vibramycin,
支气管哮喘：一次400mg，一日2～3次。,
米沙西林,
注射剂:0.3g(1ml)，0.6g(2ml)，3g(10ml)。,
针剂：每剂量0.5m1含每种23μg，共23种细菌醣质荚膜；或5剂量。,
儿童：(1)肌内注射:①小儿：体重低于40kg者，每6小时12.5～25mg/kg，体重超过40kg者，给予成人剂量；②体重低于2kg新生儿：1～14天，每12小时25mg/kg；15～30天，每8小时25mg/kg；③体重超过2kg新生儿：1～14天，每8小时25kg/kg；15～30天，每6小时25mg/kg；④早产儿：每天25mg/kg，分次给予；(2)静脉滴注:剂量同肌内注射。,
顺二氯二氨铂,
片剂：0.3g。,
威力氨甲喋呤,
Ticarcillinum,
Hexoprenaline,
Fragmin,
泛必治,
Hydropredisonum,
娇莎,
异丙肾,
普乐可复,
西司他丁钠,
正确使用喷雾装置，避免对眼睛喷射。,
碘马尿酸,
Caprocin,
连续过量使用，可引起心律失常，诱发室性早搏，甚至心脏骤停，注意勿过量应用。,
对本品过敏及有既往过敏史者禁用。,
使用本品要严格掌握适应证，避免滥用，严防耐药菌株的产生(耐万古霉素肠球菌对其他抗生素均耐药，本品是目前惟一有效药物)。,
果复每,
9%生理盐水稀释，不能用葡萄糖溶解。,
避免包扎疗法或大面积使用。,
固本咳喘丸,
近期接受肠吻合手术、肾功能衰竭、高血压、糖尿病、骨质疏松和重症肌无力患者慎用。,
Masacin,
劳拉卡帕,
Mezlin,
Pentoxyverine,
Cefamandole Nafate,
动脉注射：1次20～30mg，溶于生理盐水20～30ml，插管给予，连用5天为1个疗程；或每次60～80mg，间隔3周重复。,
控释片：100mg；,
用于治疗致命的全身性细菌感染、未知微生物或不敏感微生物所致感染、重度感染及混合感染等，应与其他杀菌药联用。1,
磺胺甲氧吡嗪,
噻苯酮,
口服：每次1～2mg，每天4次。,
Tribavirin,
苯甘孢霉素,
甲基氢化泼尼松,
慎用：(1)呼吸功能不全者；(2)肝肾功能不良者；(3)重症肌无力患者；(4)年老体弱者。,
MT-141,
扑尔敏,
支气管哮喘患者服用本品期间，若出现急性发作的情况时必须使用其他支气管扩张药或肾上腺皮质激素。,
平阳星,
还未证明本药对12岁以下儿童有效安全。,
早产,
锯齿酵素,
沙美特罗过量的体征与症状为震颤、头痛和心动过速。首选的解毒药为心脏选择性的β受体阻滞剂，此药对于有支气管痉挛史的患者应慎用。如因β受体激动剂成分的过量而必须停止本品治疗，则应考虑提供适宜的皮质激素替代治疗。另外，会发生低血钾症，应考虑补钾治疗。,
药物对妊娠的影响：已确定对人类胎儿有危险，但可用于危及生命时、对严重疾病较为安全的药物不能使用或无效时。美国药品和食品管理局(FDA)对本药的妊娠安全性分级为D级。,
Xenon [133Xe],
Nafcillin,
注射剂：稀乙醇溶液：10mg(2ml)，25mg(5ml)；50mg(10ml)；100mg(20ml)；,
有过敏史或过敏体质者慎用。,
匹氨青霉素,
止喘灵注射剂,
异丁基哌利福霉素,
羧噻吩青霉素钠-棒酸钾,
多氟哌酸,
西保力,
铂尔定,
成人：(1)口服给药：①厌氧菌感染：每次1g，每天1次，首次加倍。疗程为5～6天；②外科预防用药：术前12h顿服2g；③阴道滴虫病、贾第虫病：单剂2g，顿服；④阿米巴痢疾：每天2g，顿服，疗程为2～3天；也可每次500mg，每天2次，疗程为5～10天；⑤肝阿米巴病：每天1.5～2g，连用3天，必要时可延长至5～10天。治疗时应同时排出脓液；⑥非特异性阴道炎：每天2g，连服2天；⑦急性齿龈炎：每次2g；⑧梨形鞭毛虫病：每次2g。(2)静脉滴注：①厌氧菌感染：每次0.8g，每天1次。疗程为5～6天；②外科预防用药：总量为1.6g，分1～2次给药；第1次于手术前2～4h，第2次于手术期间或术后12～24h内给药。,
慎用：(1)糖尿病；(2)肺梗死或肺气肿。,
本品对孕妇的安全性尚未结论。由于婴儿对本品较敏感，故恢复时间是成人的,
哌茴苯胺,
登山，最好缓慢增加登山高度。如迅速登高，本品并不能消除严重的高山病，如高原肺水肿和高山脑水肿的症状。,
头孢吡隆,
霜剂：5g，15g。,
老年人使用本品更应谨慎。,
吸入溶液剂：0.31mg/支(相当于盐酸沙丁胺醇0.36mg)，0.63mg/支(相当于盐酸沙丁胺醇0.73mg)，1.25mg/支(相当于盐酸沙丁胺醇1.44mg) ,
氯氟轻松,
氧哌嗪青霉素,
注射剂：20mg(1ml)，40mg(1ml)，80mg(1ml)；,
口服：每日2次，每次50μg，于早晨及睡前各服1次。,
儿童：每天0.05～0.06g/kg。(1)治疗肺吸虫病：①分3次服，连服15天；②分3次服，隔日用药，30天为1个疗程。(2)治疗华支睾吸虫病：分3次服，连用20～30天。,
必可复，气雾剂：每瓶含倍氯美松双丙酸盐50mg，每揿250μg，每瓶200揿；,
对不能排除感染(包括结核感染者)者，应合并使用有效的抗菌药物。,
注射剂：5ml:400mg；,
降低痰液吸附力的药物,
银黄无糖颗粒,
VancocinCP,
银黄片,
片剂：150mg。,
溴化吡哌尼,
痤疮,
过敏性鼻炎,
Ceftezole,
多帕菲,
盐酸甲苯凡林,
速效喘静胶囊,
必安培南,
肌注须深部注入。,
成人:每次400mg，每天1次；或每次200mg，每天2次。推荐疗程为5～10天；但由化脓性链球菌引起的感染疗程至少10天。,
奥格门汀,
片剂：0.5g(阿莫西林0.25g，舒巴坦0.25g)。,
参见可待因。,
片剂：0.2g；,
儿童禁用。,
成人:(1)肌内注射:每次1g，每8小时1次。(2)静脉给药:轻度感染:每次1g，每8小时1次。中度感染，每次1g，每4小时1次或每次2g，每6～8小时1次。危及生命的严重感染:每次2g，每4小时1次或每次3g，每6小时1次。每天最大剂量为12g。,
益保世灵,
注射剂：0.25g(1ml)，0.375g(1.5ml)，0.5g(2ml) ,
Poractant,
Trisporal,
药物对检验值或诊断的影响：(1)本药可干扰硝普盐试验，导致血或尿中酮体的假阳性反应；(2)本药可显著干扰水杨酸测定，接受本药治疗的患者不应用比色测定法测定水杨酸盐浓度。,
Clorprenaline Hydrochloride,
其余参见氢化可的松的相关内容。1,
环前列烯醇,
甲苯哌丙酮,
ICI118587,
113mI-DTPA,
Unipen,
遮光，密封保存。,
Cefroxadine,
儿童静脉给药：每天100～200mg/kg，分次给药。,
对本品过敏者，急性盆腔炎、活动性心脏病、肺部疾病、肾病、肝病患者禁用。,
老年人剂量：每天口服10mg/kg，顿服。,
Nikethamide,
菌得治,
乙碘酮,
盐酸麻黄素,
气雾吸入时，应限制吸入的次数和吸入量。,
药物对儿童的影响：18岁以下者应避免应用本药。如细菌仅对氟喹诺酮类敏感，应在权衡利弊后应用。,
羟氨苄青霉素/克拉维酸钾,
Ceftix,
福多司坦片剂：200mg/片。,
Lovenox,
片剂：150mg(以厄洛替尼计)。,
头孢立定,
静注：每次3～6mg/kg，每天2次，或先期给予负荷量，维持治疗以口服给药替代。,
甲腈联吡啶酮,
氧甲唑啉,
肾功能不全时剂量:肌酐清除率小于每分钟50ml的患者需要调整剂量。(1)口服给药：血肌酐清除率为每分钟30～50ml时，每次0.25～0.5g，每12小时1次；血肌酐清除率为每分钟5～29ml时，每次0.25～0.5g，每18小时1次；(2)静脉注射：血肌酐清除率为每分钟30ml时，每次0.2g，每12小时1次；血肌酐清除率为每分钟5～29ml时，每次0.2g，每18～24小时1次。,
先锋霉素4号,
老年人剂量从低剂量(一日40mg)开始使用，并观察其症状。,
特尔津,
成人：每天0.8～1.2g，分3～4次服；重症每天可用至1.6～2g。,
注意出血倾向及感染性疾病的发生或加重。,
杏苏止咳口服液,
菌得清,
肌内注射：(1)术前用药：0.07～0.1mg/kg，麻醉诱导前30min肌内注射。,
片剂：100mg；200mg。,
药物对妊娠的影响:动物实验中克拉霉素对胚胎及胎儿有毒性作用，孕妇应充分权衡利弊后决定是否应用本药。,
在使用本品的最初几分钟内，可能发生过敏反应，应具备相应的急救设施。为预防液体潴留和过敏反应，推荐在用药前1天开始口服地塞米松(每天16mg，连用4～5天)。,
泰利德,
长效喘乐宁(喘特宁)：每次8mg，每12小时1次。,
Cefetamet,
苯氮嘌呤酮,
Fazadon,
丙碘吡啶酮,
交叉过敏：(1)对一种青霉素过敏者可能对其他青霉素过敏，也可能对青霉胺或头孢菌素过敏；(2)患者对普鲁卡因或其他卡因类局麻药过敏也可能对普鲁卡因青霉素过敏。,
倍氟米松,
慎用：(1)对青霉素类抗生素过敏者；(2)孕妇、哺乳期妇女；(3)严重肝、肾功能障碍者；(4)有慢性胃肠道疾病病史者，特别是溃疡性结肠炎、局限性肠炎或抗生素相关性肠炎者；(5)高度过敏性体质者、高龄体弱者。,
安浮特克,
Amoxicillin,
美满霉素,
天诚诺尔,
用2%色甘酸钠水溶液滴鼻者，成人每天滴3～4次，每侧鼻孔滴药2滴。6岁以上儿童每天3次，每次每侧鼻孔滴1滴。,
Perbilen,
Miocamen,
给药时，应以无菌注射器将药液直接滴入气管。给药后应行1min机械通气，氧浓度需与给药前机械通气时的氧浓度一致。,
Chromonar,
Pseudomonic Acid A,
慎用：(1)对青霉素类药过敏者慎用；(2)孕妇、早产儿和新生儿使用本药的安全性尚未确定，应慎用；(3)严重肝功能衰竭伴肾功能不全者慎用；(4)胆道阻塞者慎用；(5)胃肠道疾病，特别是结肠炎患者慎用；(6)高度过敏性体质者慎用。,
用药前后及用药时应当检查或监测：应监测血钠、血钾、血压、心率。,
诺朵腈酸,
成人:(1)肌内注射：常用量为每天2～4g，分2次做深部肌内注射。(2)静脉滴注:常用量:每天2～4g。分等量每12小时静脉滴注1次，滴注时间为30～60min。严重或难治性感染:剂量可增加至每天8.0g，分等量每12小时静脉滴注1次，滴注时间为30～60min。舒巴坦钠的最大剂量每天不得超过4g，若头孢哌酮钠的需要量超过每天4g时，应另行单独加用头孢哌酮钠。,
药物对哺乳的影响尚不明确本药是否可经人乳汁排泄，哺乳妇女如必须服药，应停止哺乳。,
儿童：(1)对6个月以上的小儿，每次7.5mg/kg，每天2次。(2)对6个月以上的小儿，也可按以下方法口服给药:①体重为8～11kg的患儿，每次62.5mg，每天2次；②体重为12～19kg的患儿，每次125mg，每天2次；③体重为20～29kg的患儿，每次187.5mg，每天2次；④体重为30～40kg的患儿，每次250mg。,
对活动性肺结核患者应特别慎重。,
Tazicef,
交叉过敏：对一种青霉素类药过敏者可能对其他青霉素类药过敏，也可能对青霉胺或头孢菌素类过敏。,
亭扎肝素,
硝基吗啉咪唑,
025～,
Lobaplatin,
Nasalide,
吗啉吗啡,
本药只作静脉滴注，滴注时应避免漏于血管外，且滴注时间应在1h以上。,
ACTD,
Dropine,
口服，一次1～2片，每日1～3次。极量，一次6片。,
注射剂在紫外线和荧光下易分解破坏。,
R-Albuterol,
成人每次250～500mg，每天3～4次。,
苄乙胺茶碱,
气雾剂：每瓶16ml(30mg)。,
丁脲胺,
儿童常规剂量：口服给药：2.5岁以下儿童：一次2.5ml，一日3～4次。2.5～6岁儿童：一次5ml，一日3～4次。6岁以上儿童：同成人。,
Airbron,
Onon,
药物对哺乳的影响：应考虑药物对母亲的重要性后，决定停药或停止哺乳。,
药物对妊娠的影响：美国食品药品管理局将本药分为妊娠B类。,
Aldinamide,
贮法：遮光，密封保存。,
头孢双唑,
去乙酰长春花碱酰胺,
出汗减少,
本药每天最大剂量不能超过150mg，否则会增加颅内出血的危险性。,
Piperacil,
须于皮下或肌肉注射(最好于上臂三角肌或大腿外侧部位)0.5ml，且须加以注意避免血管注射。,
长期用药时应定期检查听力；长期用药时应定期监测肾功能及尿液中蛋白、管型、细胞数和尿比重；用药中应注意监测血药浓度，尤其是需延长疗程或有肾功能减退、听力减退、耳聋病史的患者。血药峰浓度不应超过25～40mg/L，谷浓度不应超过5～10mg/L。血药峰浓度高于50mg/L，谷浓度高于10mg/L者为中毒范围。,
氢考的松,
美士灵,
MST-Con-tinus,
去氢氢化可的松,
患有心功能不全、心律失常、甲亢、高血压、糖尿病者慎用。,
头孢氨噻肟唑,
注射剂：100mg，200mg ,
低氧血症,
氟美松,
CZON,
解痉灵,
艾克维斯定,
头孢唑泮 Cefozopran,
静脉注射或肌内注射，成人每100万～150万IU，儿童每天按体重2万～3万IU/kg。,
头孢唑南钠,
成人：(1)口服给药：①治疗细菌感染：口服每次1.0g(SMZ：800mg，TMP：160mg)每天2次；②治疗寄生虫感染(如卡氏肺孢子虫肺炎)：每次1.0g，每天4次；③预防用药：初次给予1.0g(SMZ：800mg，TMP：160mg)，每天2次；继以相同剂量每天1次，或每周3次。(2)静脉滴注：每5ml本药溶于5%葡萄糖注射剂75～125ml中，滴注时间在60～90min以上。①治疗细菌性感染：每次(TMP：2～2.5mg/kg，SMZ：10～12.5mg/kg)，每6小时给药1次，或每次(TMP：2.7～3.3mg/kg，SMZ：13.3～16.7mg/kg)，每8小时给药1次，也可以每次(TMP：4～5mg/kg，SMZ：20～25mg/kg)，每12小时给药1次；②治疗卡氏肺孢子虫病：每次(TMP：3.75～5mg/kg，SMZ：18.75～25mg/kg)，每6小时给药1次，或每次(TMP：5～6.7mg/kg，SMZ：25～33.3mg/kg)，每8小时给药1次。(3)肾功能不全时剂量：肾功能损害者需根据肌酐清除率调整用药剂量(肌酐清除率每分钟为15～30ml时，使用1/2正常剂量；每分钟小于15ml时，禁用)。,
多西霉素,
交叉过敏：对乙硫异烟胺、异烟肼、烟酸或其他具有与之相似化学结构的药物过敏者可能对本药也过敏。,
喘乐宁片：成人每次2～4mg，每天3～4次。儿童2～6岁，每次1～2mg；6～12岁，每次2mg，每天3～4次；大于12岁者同成人。,
支气管扩张、肺脓疡、肺心病、肺结核患者出现咳嗽时应去医院就诊。,
烯丙心安,
倍氟美松,
Carbocisteine,
Semperal,
成人一次1丸，一日2～3次。7岁以上小孩减半，3～7岁小孩服成人1/3量，淡盐汤以温开水送服。①肺结核，以大补阴丸合咳血方加减治疗，咳血多者可加三七粉、白及、藕节炭，3～5剂咳血大减，再服5剂咳血可止。另用大补阴丸加旱莲草、侧柏炭、沙参、玉竹、丹皮、大枣、浮小麦、龙骨、牡蛎，服5剂咳血止，10剂潮热亦退。②用大补阴丸加味，治疗急慢性附睾炎18例，13例临床症状消失，睾丸大小恢复正常，疗程最短者5天，最长者35天，其中10例随访一年未复发。③糖尿病用大补阴丸合生脉散为基本方治疗，取得满意效果。服5剂症状均有减轻，再服10剂后尿糖转阴，再以地黄丸巩固疗效。④小儿暴盲，1例儿童患肺炎，并发中毒性脑病，经西医治疗痊愈后，但双目失明，证属热甚伤阴，以大补阴丸加味治疗，连服24剂，视力恢复至左眼0.7，右眼0.6，继用大补阴丸一月，视力恢复，左眼1.1，右眼1.0。另1例患“乙脑”儿童，病愈出院时双目视力均为0.05，用大补阴丸加减，服40剂，视力恢复至1.0。⑤其他方面，大补阴丸，还用于肾炎、肾盂肾炎、血尿、血栓闭塞性脉管炎、更年期综合征、心悸、眩晕不寐等病的治疗，均有一定的疗效。,
须存放在2～8℃。本疫苗可直接使用不需稀释或混合。本疫苗含有苯酚0.25%作为保存剂。过期后须丢弃，不可再用。,
成人：每天800～1200mg，较重感染每天可增至1600mg。,
慎用:(1)妊娠、哺乳期妇女；(2)严重胆道梗阻患者；(3)严重肝脏疾病者；(4)肾功能障碍同时存在肝功能不全者；(5)维生素K缺乏、营养不良、吸收障碍者；(6)酒精中毒者；(7)年老、体弱患者。,
中性粒细胞,
Erythromyxin Cyclic,
吸入本药之后应以净水漱洗口腔和咽部，以防生长真菌 ,
仙特敏,
头孢他美新戊酰氧甲酯,
黏菌素硫酸盐注射剂(黏菌素硫酸盐1mg相当于3万单位)：50万U。,
为避免耳毒性和肾毒性，应用时间不宜超过14天。用药期间宜多饮水。遇有ALT或AST升高、血浆胆红素升高等异常时，应即停药。,
Bleocin,
如出现喉喘鸣或面部、舌或声门的血管性水肿，应停药。,
猛多力,
苄青霉素,
先锋噻肟,
脱氧助间型霉素,
Mivacurium Chloride,
美加欣,
使用本品前应进行青霉素钠皮内敏感试验，阳性反应者禁用。治疗中，若发生过敏反应，应立即停药，并给予适当处理，包括吸氧、静脉应用糖皮质激素等。,
度冷丁,
Torfan,
药物过量与处理：药物过量、中毒可致意识不清及昏迷、低血压、心动过速、呼吸抑制及弛缓性肌麻痹。,
氟羟青霉素,
慎用：16岁以下儿童慎用，老年人和严重肝肾功能不全者慎用或减量。,
气管内滴入和注入：用5%溶液每次0.2mL～2mL，2次/d。,
原则上应在明确诊断为敏感真菌所致的深部真菌感染时才用药，以避免可能出现的不良反应。,
饭后口服，成人每次100mg，每日3次。或遵医嘱。,
香菊片,
Josamycinum,
对本品过敏、颅内压升高引起颅内损伤、呼吸功能抑制(如慢性病、肺气肿、脊柱后凸、哮喘病)禁用。,
静脉滴注：每次0.1～0.2g，每天2次，用等渗氯化钠或葡萄糖注射剂稀释，每0.2g滴注时间不少于30min。,
Arelax,
Berachin,
67kPa、支气管痉挛或全身皮疹/红斑)，则需立即停止给药，并给予对症治疗。已发生过严重不良反应者，不能再次使用本品。,
胶囊：0.25g。,
静注，初始剂量为0.75～1mg/kg，继续给药为初始剂量的1/4，可延长作用时间1～20min。,
泰能,
Nedaplatin,
甲苯丁胺,
忌烟、酒及辛辣食物。,
甘氯喘,
康泰必妥,
ALG,
口服，2次/d，一次3粒。,
慎用：(1)肝、肾功能不全者；(2)中枢神经系统处于抑制状态的急性酒精中毒者；(3)有滥用药物或成瘾史者；(4)低蛋白血症患者；(5)严重的精神抑郁患者；(6)重症肌无力伴呼吸困难者；(7)急性闭角型青光眼患者；(8)严重慢性阻塞性肺病患者。,
阿罗多黏,
下呼吸道感染：每12小时服200mg，共服14天。,
头孢克罗单水化物,
氯化羟苯甲乙胺,
成人:(1)一般感染的治疗:每次150mg，每天2次；或每次300mg，每天1次。(2)肾功能不全时剂量:肾功能轻度减退者不需调整剂量，严重肾功能不全者给药时间延长一倍(每次150mg，每天1次)。(3)肝功能不全时剂量:严重肝硬化者的半衰期延长至正常水平2倍以上，如确实需要使用，则150mg每天1次给药。(4)老年人剂量:不需调整剂量。,
利美普辛,
苯氧乙青霉素,
慎用：(1)器质性脑损伤患者；(2)严重呼吸功能不全患者。,
Oxacillinum,
富山龙尼,
Norvancomycine Hydrochloridum,
奈替霉素,
顺氨氯铂,
偶有恶心、纳差。孕妇忌用。,
纤黏胶,
异丙基去甲肾上腺素,
头孢氨甲苯唑,
遮光，密闭贮存。有效期3年。,
头孢泰克松,
头孢丙肟酯,
Zyflo,
片剂：50mg，100mg。,
Betadexamethasone,
一清软胶囊,
羟丙可可碱,
慎用：(1)局部或全身感染者；(2)结核病患者；(3)癌症患者；(4)甲状腺功能减退者；(5)肝硬化者；(6)眼部单纯疱疹患者；(7)儿童；(8)可能存在穿孔、脓肿，其他坏死性感染、憩室炎、新近小肠吻合术后，活动性或潜伏性胃溃疡，肾功能不全，高血压，骨质疏松症，重症肌无力等情况的非特异性溃疡性结肠炎；(9)特异性血小板减少性紫癜患者；(10)血凝血酶原不足者合用本药与阿司匹林时；(11)孕妇；(12)哺乳期妇女。,
预置量在一些病人引起的神经肌肉阻滞会引起通气不足。,
口服给药：成人每次250～500mg，每6小时1次，每天最高剂量为4g；儿童每天25～50mg/kg，分4次给药(每6小时1次)。,
安泼那韦,
头孢普罗,
梗阻型肥厚性心肌病、室性心律失常、心肌梗死后机械性梗阻及低血容量患者慎用。支气管哮喘患者已有明显缺氧者，用量过大可使心肌耗氧量增加，易致心律失常，甚至室性心动过速及心房颤动。成人心率超过每分钟120次，儿童心率超过每分钟140次时，应慎用。1,
Tazobactam,
BRL-34915,
鲸烷三甲溴铵,
日达仙,
巯甲丙脯酸,
用药前，应先将本品药瓶置于37℃水浴中加热，并转动药瓶使药液混合均匀。,
氯氨苄头孢菌素,
静脉滴注：每次用量为0.5g～2g，加入5%葡萄糖溶液或0.9%氯化钠溶液中，静脉滴注30min至2h。,
雾化吸入：0.2%，每天1～3次，每次2ml。,
Gertomycin,
必复清,
呋喃坦丁,
慎用：(1)孕妇及哺乳期妇女慎用；(2)肾功能不全者慎用。,
成人常规剂量：经口吸入给药：(1)吸入剂：①根据病情的严重程度，一次1吸(以沙美特罗计50μg)，一日2次。②如病情控制，对需长效β2受体激动剂的患者，可逐渐减量至一日1次。根据常于夜间或日间出现症状的不同，应分别于晚上或早晨用药。(2)气雾剂：一次2揿(以沙美特罗计50μg)，一日2次。肾功能不全时剂量：肾功能不全者无需调整剂量。老年人剂量：老年人无需调整剂量。,
儿童、孕妇应在医师指导下服用。,
Isoniazid,
溶液剂：1%；,
倍他米松醋酸酯注射液：1.5mg/ml；,
顺曲库铵,
Ticarcillin-Potassium Clavulanate,
过敏性鼻炎及花粉症，用粉雾胶囊吸入，成人每天吸3～4次，每次用1个胶囊，内含粉剂20mg，每侧鼻腔吸入10mg，6岁以上儿童每天吸药2～3次，每次每侧鼻孔吸入10mg。,
环戊利福平,
卡力,
它赛瓦,
卡斯迈欣,
复合支链氨基酸,
西可韦,
来多克罗米,
Epinephrine,
口服。合剂：7岁以内一次10ml，7～14岁一次15ml，成人一次20ml，3次/d，摇匀后服用。胶囊剂：一次3～4粒，3次/d。,
头孢他定,
黏杆菌素,
全麻诱导：静脉注射，每次1～2mg/kg，约在1min内注入，全麻可持续5～10min。全麻维持：静脉注射或用氯化钠注射液稀释后静脉滴注，每次0.5～1mg/kg，每小时用量不超过3～4mg/kg。小儿基础麻醉：肌内注射，每次4～8mg/kg。极量：静脉注射，每分钟4mg/kg；肌内注射，每次13mg/kg。,
口服。颗粒剂：开水冲服，一次3g，一天3次，小儿酌减。胶囊剂：一次2粒，一天3次。,
片剂：0.25g，0.5g。糖浆剂：0.125g/5ml，0.5g/5ml。栓剂：0.1g，0.5g。注射剂：0.5g/2ml。,
口服，每次400mg罗匹那韦＋100mg利托那韦，一天2次，和食物一起服用。,
本品在治疗皮肤及呼吸道变态反应时，应在症状出现之早期开始用药，不宜在发作后期用药。因本品为H1受体竞争剂，一旦组胺已经释放，本品并无直接拮抗组胺的作用。,
溶解后立即使用，存放时间不能超过24h。,
服药期间，若患者哮喘又急性发作，或是出现寒热表证，或是咳嗽喘息加重，痰量明显增多均应停药，并到医院就诊。,
密封、贮于干燥处。,
氨噻肟头孢菌素,
Antagon,
口服，一次5粒，一天3次，10天为一疗程。,
Lexipafant,
Aminophylline,
万刻林,
混悬液:156.25mg(5ml)(阿莫西林125mg，克拉维酸31.25mg)，312.5mg(5ml)(阿莫西林250mg，克拉维酸62.5mg)；,
SD-Ag,
用药前后及用药时应当检查或监测：(1)注意监测胃内容物量和pH值；(2)用药过程中应监测心电图以预防心律失常的发生；(3)观察胃肠疼痛或其他消化性溃疡症状的缓解；(4)观察唾液、气管、支气管及咽部的分泌减少的情况；(5)观察本药不良反应出现的情况。(6)警惕过敏反应的出现。,
环依前列烯醇,
肾功能不全时剂量：血肌酐清除率大于每分钟50ml，可按常规剂量每天2次给药；血肌酐清除率为每分钟1O～50ml，按常规剂量每天1次给药；血肌酐清除率小于每分钟10ml，按常规剂量的50%每天1次给药。,
成人首剂给予静注0.05mg/kg，维持剂量为0.005～0.01mg/kg。较长时间的手术可给予0.08mg/kg，3.5min起效，作用可持续2.5～3h。,
Cefazolin sodium,
注意事项与β内酰胺类抗生素的复方制剂类似。,
咪氯嗪,
恩波吡维铵,
用药前后及用药时应当检查或监测：(1)长期用药时应定期检查肝、肾功能及血、尿常规；(2)有显著肝、肾功能损害和(或)胆道梗阻患者使用本药时应进行血药浓度监测。,
用时配制成10%溶液，作深部肌内注射。剂量为4mg/kg，1次/d，黑热病连用14天，必要时间隔1～2周后重复治疗；卡氏囊虫病连用14天，亦可用喷雾(气溶)疗法以预防发病或防止复发，0.15g/次，每2周1次(或每次0.3g，每月1次)，每次持续30分钟。,
康迈新,
本品抗肿瘤效果与顺铂、卡铂的作用相当或者更好，毒性作用与卡铂相同。用洛铂后若患者发生严重的不良反应，必要时应减少剂量。,
尚无药物过量报告，已使用的最大剂量100mg耐受良好。本品不能被透析清除。,
Benemicin,
Lomefloxacine,
克倍宁,
静脉给药：每次1～2g，每12小时1次。,
儿童酌减。,
风热感冒不适用本品，其表现为发热重，微恶风，有汗，口渴，鼻流浊涕，咽喉红肿热痛，咯吐黄痰。,
重组腺病毒-p53基因,
丁巴多胺,
过敏反应介质阻滞剂,
本品与血管扩张剂不同，不能立即产生疗效，应定时使用。,
结核霉素,
片剂：一次200～400mg，一日2次，餐前或餐后3h服用。,
氯丁喘安,
苯唑青,
呋喃妥英,
内舒拿,
风寒感冒,
青光眼,
MEM,
冻干皮内注射用卡介苗,
如果患者出现皮疹或以下4项中至少2项的任一症状，则必须停药：①发热；②恶心、呕吐、腹泻、腹痛；③极度疲倦、全身不适感；④咽喉痛、气短、咳嗽。对无论任何原因停药者，重新用药需慎重考虑。对因发生过敏反应而停药者，不可再用本品或任何含阿巴卡韦的药物。1,
Laramoxef,
慎用：(1)心脏疾病(尤其是心绞痛)患者；(2)癫痫患者；(3)青光眼患者；(4)肝功能不全者；(5)甲亢或中毒性甲状腺肿大患者；(6)肺功能不全者；(7)肾功能不全及尿潴留者；(8)急性卟啉症患者；(9)儿童；(10)孕妇。,
禁用、慎用：①高血压、心脏病患者慎服。②对本品过敏者禁用，过敏体质者慎用。,
肾肝功能障碍者慎用；本品为肾排泄型药物，老年人生理功能减退，易发生不良反应，应减量。,
拟胆碱药,
Carbon dioxide,
谨慎联合用免疫抑制药，以免发生过度免疫抑制。,
异阿凡曼菌素,
不要与其他镇咳药、抗感冒药、抗组胺药、镇静药联合使用。,
患者的凝血酶原时间超过15秒时，禁止本药和口服抗凝药同时使用。,
Biflocin,
小儿用混悬液:每5ml含羟氨苄青霉素三水化合物125mg，克拉维酸钾31mg；,
Lysine Tneophvllinate,
普鲁帕卡因,
片剂：0.15g 注射剂：0.3g ,
爱莎,
头孢三嗪噻肟,
交叉过敏：本药与其他利福霉素类药物存在交叉过敏反应。,
安必林,
成人常规剂量：应根据患者病情个体化给药，并根据疗效调整剂量 如需剂量超出推荐的复方剂量，则应单独增加适当剂量的布地奈德或福莫特罗 吸入给药：一次1～2吸(每吸80μg/4.5μg或160μg/4.5μg)，一日2次 老年人剂量：老年患者不需调整剂量 儿童常规剂量：应根据患者病情个体化给药，并根据疗效调整剂量 吸入给药：12岁及12岁以上儿童，用法用量同成人 12岁以下儿童的用药有效性和安全性尚未完全确定 ,
可用于诊断重症肌无力，但不作为治疗用药。(1)可用于鉴别重症肌无力患者新斯的明或吡斯的明的用量不足、恰当或逾量。(2)可用于鉴别除极肌松药的作用是停留在Ⅰ相，还是已进人Ⅱ相，Ⅰ相时为增效，Ⅱ相时为拮抗。,
头孢噻甲羧肟,
利君沙,
Precortisyl,
肠溶片:0.125g，0.25g；,
口服：(1)成人：每次10～20mg，每天3次或4次；(2)儿童：每天7.5～30mg。,
用药期间应监测肝功能，如发现肝功能异常应及时停药。,
脉络宁注射剂,
本品主要用于全身麻醉，但不推荐单独使用。,
用药前后及用药时应当检查或监测：(1)长期用药应监测血象、肝肾功能。(2)与高剂量肝素、抗凝血药同用时，应监测凝血参数。(3)淋病患者初诊及治疗3个月后应进行梅毒检查。,
常用抗病毒药物,
深部肌注：成人每天0.75～1g(20mg/kg)，分1～2次给药，应用2～3个月后，改为每周给药2～3次，每次1g。老年患者每天不宜超过0.75g，连续6～12个月。,
Cefmetazole,
头孢赛曲,
慎用:(1)对β-内酰胺抗生素过敏者；(2)严重肝、肾功能障碍者；(3)支气管哮喘、皮疹、荨麻疹等过敏体质者；(4)癫痫、潜在神经疾患者；(5)哺乳期妇女。,
高血压、冠心病、甲状腺功能亢进患者慎用。,
雾化吸入：成人(包括老年人)及12岁以上儿童，急性发作期1小瓶，严重病例可增加到2小瓶。维持治疗期一次1小瓶，每日3～4次。雾化吸入剂必须通过合适的雾化器或间歇正压通气机给药，不能口服。,
Asmaten,
可拉明,
复尔欣,
口服：一般剂量为每天0.2～0.4g，分1～2次服，疗程7～14天，少数病例3～5天，呼吸系统慢性感染可长达30天。用于性传播疾病，淋菌性感染单剂量0.4g，顿服；用于软性下疳，每次0.2～0.3g，每天2次，连续7～14天。,
口服：开始每天0.5～2mg，分2次服用。维持量为每天0.5～1mg。,
慎用:(1)哺乳期妇女；(2)肝功能不全患者。,
儿童:(1)口服给药：每天30～60mg/kg，分3～4次给药；(2)肌内注射：每天15～30mg/kg，分2次给药；(3)静脉滴注：每天10～20mg/kg，分2～3次给药。,
Oxyetophylline,
Vancomycin,
用药过量处理，其中枢兴奋作用可使少数患者发生激动不安、失眠等。,
Mecillinamum,
缠霉素,
避光，2～8℃条件下保存。药物溶解后在室温中可保存8h，2～8℃条件下可保存24h。,
Pazufloxacin,
本品应通过气管插管注入，每次总剂量为3ml/kg，分为两次给药，当第一个1.5ml/kg注入后，婴儿定位在左侧或右侧，待20～30次呼吸后，换位后再注入另一侧1.5ml/kg。中间停顿应观察呼吸道状况。如果病人一直处于插管状态，每12h可重复给予3ml/kg，直至总量达9ml/kg。本品在预防妊娠期不足29周的早产儿发生RDS时，应在出生后30min内使用。,
胶囊(成人)：7mg。胶囊(儿童)：3.5mg。,
推荐成人剂量为每天0.2mg/kg，加入0.9%氯化钠注射剂50ml中用30min左右输完。疗程为5～7天。,
片剂：0.3g（相当于原药材0.95g）。,
2～8℃避光保存。,
器质性脑病、心肺功能不全、肝肾功能不良、呼吸衰竭慎用。,
DMP266,
威福仙,
普利沙星,
三水羟氨苄,
Flubron,
Cleocin,
主要是雾化吸入，用4%克矽平水溶液，每次5mL～10mL，吸入时间约30min，每日1次。每周喷6d，休息1d，或用4%克矽平4mL肌肉注射，每周2次～3次，一般3个月为1疗程，疗程间隔1个月～2个月，连续应用2个～4个疗程，或视病程而定。,
儿童:(1)静脉注射：按每天40～80mg/kg给药。注射时每1g药物溶于10ml生理盐水中缓慢静注(至少3min)。(2)静脉滴注：按每天40～80mg/kg给药。每次量溶于等渗盐水中静脉滴注。,
治疗华支睾吸虫病和肺吸虫病，服片剂每天50mg/kg(体重50kg以上者仍按50kg计)6～12天为1个疗程。,
每次50μg，每天2次。,
依帕米星,
片剂：0.25g，0.5g。,
达地米星,
Pneumovax 23,
凯迈思,
注射剂(粉)：0.5g，1.0g。,
口服，一次12g，2次/d。,
孕妇的安全性尚未确立，避免长期反复使用。,
注射剂不宜与pH值大于,
甲烯氧四环素,
每月1次，每次肌内注射120万U，或每半月1次，每次60万U，儿童用量酌减。注射前将粉针剂加2ml注射用水振摇使呈混悬状。本品用前需做皮试，不做静脉注射。,
青霉素152,
Anfotericina B,
甲力,
Phospholipid Fraction From Poreine Lung,
口服，一次4片，3次/d，与化疗同时使用，4周为一周期，2个周期为一疗程。,
Takesulin,
本品会增强肌松药作用，亦应酌情减量。,
尤卓尔,
莫敌威,
Guaifenesin,
欧司特,
片剂：(1)330mg(内含无水茶碱165mg)；(2)300mg。胶囊：138mg(无水茶碱)。栓剂：800mg。气雾剂：5%～10%。注射剂：400mg。,
每天注射5mg／m2，连用3～5天。,
噻哌酮,
Guaiphenesin,
Erythromycin,
拉塔莫塞,
在增加吸入浓度前给予芬太尼等阿片药物。,
片剂：25mg；100mg；150mg。,
Tosufloxacin,
Bronilide,
药物对儿童的影响：由于药物可沉淀在呼吸器上，妨碍安全、有效地通气，因此施行辅助呼吸的婴儿不应采用本药气雾剂。,
低血容量者慎用。,
天普洛安,
本品不可静脉推注。,
一次剂量过大可抑制呼吸导致死亡，故不可静脉推注，应缓慢静脉滴注。,
肝损伤,
开始给药的前10min内速度宜慢。用药过程中应严密监测，准备好抢救措施。发生严重过敏反应者应停止使用本品。,
甲比戊痉平,
慎用：(1)脑动脉硬化者；(2)有中枢神经系统疾病及癫痫史者；(3)肾功能不全者；(4)18岁以下者；(5)老年人。,
清咽丸,
Lincomycin,
注射剂：125mg(5ml)；,
辛芩颗粒(无糖),
Theograd,
甲派噻庚酮,
异环磷酰胺,
Cefbuperazone,
本药与其他抗生素无交叉抗药性，包括耐甲氧西林的菌株对本药几乎均敏感。,
胃溃疡患者慎用。,
甲氧苯舒喘宁,
肾小管坏死,
凯复,
Cefotaxime Sodium,
最常见不良反应时皮疹和腹泻。3/4级的皮疹和腹泻的发生率分别是9%和60%，。皮疹和腹泻分别使1%的患者停止治疗，6%和l%的患者需要减少剂量。皮疹发生的中位时间是8天，腹泻发生的中位时间是12天。肝功能异常往往为一过性。临床研究中有报道少数患者出现胃肠道出血，部分与合并抗凝治疗有关。有少量报道埃罗替尼治疗非小细胞肺癌或其他晚期实体瘤出现严重的间质性肺病，甚至是致命的，发生率大约是,
接受本品治疗的患者应同时应用叶酸和维生素B12，以减少与治疗相关的血液学毒性和胃肠道毒性。,
达福明,
口服：每次20～40μg，每天3次。,
普鲁米近,
头孢Ⅳ号,
肌酐,
气雾剂。,
参见青霉素G。常见有恶心、呕吐、腹痛、腹泻等胃肠道反应，过敏者禁用.,
氟氯米松,
保达新,
孕妇、早产儿、新生儿不宜用。,
必须准备急救治疗设备以防治过敏性休克。,
氟啶酸,
青霉烷砜/氨苄青霉素,
赛美维,
沙美特罗羟萘酸盐/丙酸氟替卡松,
服药后出现皮疹、皮肤发红、呕吐、食欲不振、眩晕、排尿困难等症状时，或服药数次后症状未见改善时，应停止服药并去医院复诊。,
为了减少气管内粘液的分泌，用药前可给予阿托品或莨菪碱，但后者有使苏醒时梦幻增多的弊端。如本品过量产生呼吸抑制，可施行人工呼吸等措施，但不可使用呼吸兴奋剂。,
CompoundPseudoephedrine Hydrochloride,
注射剂：300mg/瓶，500mg/瓶。,
慎用：(1)老年高血压患者；(2)心、肝、肾功能不全者；(3)中枢神经系统处于抑制状态的急性酒精中毒者；(4)有药物滥用或成瘾史者；(5)运动过多症患者；(6)低蛋白血症患者；(7)严重的精神抑郁者；(8)急性闭角型青光眼者；(9)严重慢性阻塞性肺病患者；(10)孕妇及哺乳妇女。,
Pseudomonas Preparation,
锐力通,
5×109/L，持续7天或以上)的患者，在下一疗程中应减少使用剂量。,
本品不可过量服用。,
乐免敏,
甲基吗啡,
奥塞米韦,
NY-198,
单药治疗：每次75～100mg/m2，静滴1h，每3周1次。,
泰力特,
个别患者出现恶心。,
呋氟脲嘧啶,
Josaxin,
用药过程中若出现发热，可用对乙酰氨基酚对症退热处理，但不可用阿司匹林或其他有抗血小板作用的退热药 ,
阿维A酯,
苏罗西得,
哌拉西林/三唑巴坦,
口服：成人每次1mg，每天2次。6～12岁儿童每次0.5mg，每天1～2次。4～6岁儿童每次0.4mg，每天1～2次。,
注射剂(粉)：20mg，50mg。,
拟交感神经药物,
2岁以下儿童不推荐使用，早产儿和新生儿禁用。老年患者慎用或遵医嘱。1,
异烟酰肼,
慎用：(1)结核；(2)未治疗的真菌、细菌或全身的病毒感染。(3)眼部单纯疱疹；(4)在鼻腔手术、鼻腔创伤或鼻腔溃疡痊愈之前避免使用；(5)孕妇；(6)哺乳期妇女；(7)儿童。,
儿童静脉给药：(1)新生儿(出生体重大于2kg者)：日龄不超过7天者，每天50mg/kg；日龄大于7天者，每天75mg/kg。每天最高剂量不宜超过2g；(2)儿童：1个月以上小儿，每天50～75mg/kg；12岁以上儿童，使用成人剂量；(3)脑膜炎患儿：每12小时50mg/kg，每天最高剂量不宜超过4g。,
达克珠马,
吹气用塑料管40根。,
Gemcitabine,
过快,
药物对妊娠的影响：孕妇用药应权衡利弊 避免固定使用布地奈德-福莫特罗这一搭配，可以倍氯米松替代布地奈德 ,
口服。剂量按碱基计量。首剂1g，以后每次0.5g，3～4次/d，总量为7～8g。用于预防可每5天1次0.5g。,
腾喜隆,
双氯青霉素,
口服，一次2支，一天2～3次。,
奈克星,
慎用：(1)肝、肾功能低下者；(2)呼吸功能低下者；(3)哺乳期妇女；(4)临界的肾上腺功能减退患者；(5)抑郁或自杀倾向者；(6)药物滥用史者；(7)可能产生躯体和心理依赖患者。,
对乙酰氨基酚/右美沙芬/氯苯那敏/伪麻黄碱,
负荷给药法(frontloading)：总剂量为100mg，先弹丸(bolus)注射15mg，然后30min内再静脉滴注50mg，接着1h内静脉滴注剩余35mg。,
儿童开始每天3～5mg/kg，逐渐加量到每天10～15mg/kg，分次服。,
Kanacetic,
因服用本品会使免疫系统受到抑制，故患者比健康人更易感染，应予以特别注意。,
Sparfloxacin,
IL-2的用法：IL-2用量按临床需要，在有经验医师指导下使用。(1)皮下注射：IL-2，20万～40万U/m2加入无菌注射用水2ml溶解，每天1次，每周连用4天，4周为1个疗程。(2)静脉滴注：IL-2，20万～40万U/m22，加入生理盐水500ml，静脉滴注2～3h，每天1次，每周连用4天，连用4周为1个疗程。(3)腔内灌注：先尽量抽去腔内积液或插管引流，再将IL-240万～50万U/m2加入生理盐水20ml注入，每周1～2次，每3～4周为1个疗程，如疗程中积液消失，宜中止治疗。(4)瘤内或瘤周注射：IL-2，10万～30万U，加入生理盐水3～5ml，分多点注射到瘤内或瘤体周围，每周2次或2次以上，连用2周为1个疗程。,
作用于自主神经系统的药物,
Salmeterol Xinafoate and Fluticasone Propionate,
喜福德,
咳喘宁片,
黏痰多者慎用。,
用药过量的处理：(1)心动过缓给阿托品或异丙肾上腺素，必要时安装人工起搏器；(2)室性早搏给利多卡因或苯妥英钠；(3)心力衰竭给氧、洋地黄苷类或利尿药；(4)低血压时输液并给升压药；(5)抽搐给地西泮或苯妥英钠；(6)支气管痉挛给异丙肾上腺素。,
安替利,
儿童每天30～40mg/kg，分2次或多次给予。,
培莱霉素,
达力珠单抗,
肝肾功能轻度不全者，本药的半衰期与正常者无显著差异，但对肝肾功能重度不全者则应注意慎用。,
儿童用量为0.045mg/kg，新生儿和早产儿则仅用0.02～0.025mg/kg，继后的补充剂量为开始剂量的20%。,
Ciprolet,
静脉注射：每隔2～4小时给药1次，每次2.5～10mg。,
孕妇不得大剂量或长期使用。,
红霉素琥乙酯,
Thecodine,
慎用：(1)过敏史；(2)充血性心力衰竭；(3)Ⅰ度房室传导阻滞；(4)糖尿病；(5)肺气肿或非过敏性支气管炎；(6)肝功能不全；(7)甲状腺功能低下；(8)雷诺综合征或其他周围血管疾病；(9)肾功能减退；(10)孕妇及哺乳期妇女；(11)麻醉或手术患者。,
思力华,
注射剂：200mg；,
慎用：(1)有精神病、癫痫病史者；(2)各种原因所致肝功能损害者；(3)孕妇；(4)酒精中毒者；(5)婴儿；(6)糖尿病患者，(7)有痛风病史者。,
发霉素,
慎用：(1)肾功能不全，因肾功能下降导致镁排泄减少，镁蓄积而易发生镁中毒。(2)呼吸系统疾病，特别是呼吸功能不全。(3)严重心血管疾病。,
ASE-136BS,
Domin,
氯四环素,
诺力思,
本品不能静脉推注。,
克而林,
羟苯特罗,
卡波铂,
口服：每次50～100mg，每天3次，10天为1个疗程，一般连服3个疗程。,
伪麻那敏,
Cefpiramide,
Codeine,
安洛欣,
Quinodis,
口服：每天10～60mg，儿童每天1～2mg/kg，分2～3次给药。,
哌喘定,
四环素类抗生素,
吸入剂：每片含4个泡囊，每泡囊含扎那米韦5mg和乳糖20mg。,
按用法用量正确使用仍未显效时，可认为本品不适用，应停药；过量连续使用可引起心律失常甚至心搏停止，应注意勿过量；对妊娠妇女、小儿的安全性尚未确立。,
全身麻醉：根据需要调节吸入浓度，用专用的电加热蒸发器施行紧闭环路麻醉。,
吗啡类药物引起的新生儿呼吸抑制：可予肌内注射0.2mg，必要时可再给1次0.2～0.3mg。,
艮他霉素,
安克,
须将冷藏药液恢复至室温并充分摇匀后使用。存放后有少量沉淀，但不应有摇不散的凝块或异物。,
慎用：(1)充血性心力衰竭；(2)高血压；(3)食管静脉曲张；(4)肺水肿；(5)肾性及肾后性无尿；(6)哺乳期妇女。,
力克肺疾,
氯二氟美松,
隐球菌病,
诺德菲,
集气剂变为无色，不得使用。,
Enoxacin,
洛米克思,
PYM,
使用本药时可见注射部位出血，但不影响继续用药，发现出血迹象则应停药。,
Azodisal,
口服：每次60mg，每日3次。,
Zaditen,
口服，一次3片，一天3次。,
替门汀,
肌内或静脉推注给药：成人每天2～8g；儿童每天50～150mg/kg，分2～4次给予。,
PAS-Na,
诺维隆,
久用产生耐受，哺乳期安全性尚未确定。,
米地加霉素,
头孢伯肟酯,
哌罗司特钾,
服药期间尿液、泪液、痰液、汗液和粪便可出现橙红色。,
疲乏无力,
用药过量处理，大剂量可致中枢兴奋，口服镇静药可防止。,
用过上述药物产生较大毒性者应慎用。,
苷力康,
安道生,
UFT,
双嘧达莫心肌显像试验：0.54mg/kg于4min内注射完，注射完毕使患者坐起以减少肺血容量，2min后静脉注射铊2～3ml，10min后即刻显像，3h后延迟显像。,
Vantin,
二氯苯咪唑,
交叉过敏：对一种头孢菌素类药过敏者对其他头孢菌素类药也可能过敏；对青霉素类、青霉素衍生物过敏者也可能对头孢菌素类药过敏。,
抗菌优,
Zemuron,
氨必妥,
由于本药潴钠作用较弱，故一般不用作肾上腺皮质功能减退的替代治疗。,
雾化吸入在12h内已喷药3～5次而疗效不明显时，应换药。,
胸腔注射：抽尽胸腔积液，先注入利多卡因注射剂5～10ml和地塞米松5～10mg。每次使用本品乳剂400～600mg与等量0.9%氯化钠注射剂混合后注入，1～3次1个疗程。注入后更换体位，使药物广泛接触胸膜内壁。,
孕妇忌用。,
成人：(1)治疗肺吸虫病：①每天0.05～0.06g/kg，分3次服，隔日用药。疗程总量30～45g；②每天3g，分3次服，连服15天。③每天3g，分3次服。隔日用药，30天为1个疗程。(2)治疗绦虫病：①一般用法：1次3g，空腹顿服。或每小时服1g，连服3次；②治疗牛肉绦虫病：可将总量(0.05g/kg)分2次服，间隔0.5h，服完第2次药后3～4h服泻药。(3)治疗姜片虫病：1次2～3g，睡前顿服。(4)治疗华支睾吸虫病：①每天3g，分3次服，连用20～30天；②每天0.05～0.06g/kg，分3次服，隔日用药。疗程总量30～45g。,
顺二氨环丁烷羧酸铂,
妥布拉霉素,
单次静注0.5mg/kg，以0.05%～0.1%注射液连续静滴维持。也可在连续静滴基础上，酌量补充单次静注。,
Mucomyst,
12-碳酸酯,
5×109/L时禁用本品。对于发生严重中性粒细胞减少(＜,
Panipenen/Betamipron,
利美达松,
胶囊：100mg；,
羟喘,
先锋菌素Ⅷ,
Wyamine,
盐酸羟二氢可待因酮,
安赛定,
Terbutaline,
环酯红霉素片：125mg/片；250mg/片。密闭，在干燥阴凉处保存。,
痰湿壅盛、风寒咳嗽者不宜服用。,
威力顺铂IA,
口服：每次15～30mg，每天3～4次。剧烈咳嗽时剂量可加至每次60mg。,
Rimifon,
口服给药：(1)常用量：每天0.5～1.5g，分2～3次口服；(2)骨及关节感染：每天1～1.5g，分2～3次服，疗程4～6周或更长；(3)肺炎及皮肤软组织感染：每天1～1.5g，分2～3次服，疗程7～14天；(4)肠道感染：每天1g，分2次服，疗程5～7天。(5)伤寒：每天1.5g，分2～3次服，疗程10～14天；(6)急性单纯性下尿路感染：每天0.5g，分2次服，疗程5～7天；(7)复杂性尿路感染：每天1g，分2次服，疗程7～14天；(8)单纯性淋病：单剂口服0.5g。,
ACD,
长效青霉素,
喘定,
当患者处于电解质紊乱或酸碱平衡失调时，应予纠正后方可使用。本品剂量增至,
药物对检验值或诊断的影响：服药期间偶见氨基转移酶升高，继续治疗或停药后可恢复正常。,
醋酸氢化可的松注射剂：125mg(5ml)；,
磷甲酸钠,
满月脸,
口服：成人每次5～10mg，每天3次；儿童每天8～12mg，分数次服 ,
BCG-PPD,
心得舒,
泰可欣,
Ceforanide,
婴儿及新生儿：每天100mg/kg，分2～4次给药。,
偶见口干。,
康立多,
颗粒剂：每袋12g。,
因具有成瘾性，不可过量或长期服用。,
服药2周症状无缓解，应去医院就诊。,
成人：(1)肺栓塞：初始剂量为25万U，在30～45min内滴完，然后以每小时10万U维持24～48h。(2)深静脉血栓：滴注部位以患肢为宜(若累及下肢，可选用踝或足背静脉；若上肢受累，可选用同侧前臂静脉)。初导剂量为25万U，在30～45min内滴完，然后以每小时10万U维持48～72h。如血栓范围广而患者能耐受，可滴注5～7天；仍不能溶解者则代以肝素抗凝治疗。(3)视网膜动脉闭塞：本药的溶栓效果较差，需在闭塞1～2h内恢复血流才能使视网膜组织功能恢复。一般须用药12～24h。(4)心肌梗死：一次性应用，剂量为150万U，于30～60min内滴完，之后每分钟给药3000U，持续15～150min。溶栓后常以口服华法林预防再梗死。,
口服：每次2～5ml，每天3次。,
吸入：喷鼻，每次25～50μg，每天2～3次；,
Abbocillin-VK,
甲氧苯青霉素,
儿童：(1)肌内注射：①严重感染和中性粒细胞减少的患儿(2个月以上)：维持量剂量为每次10mg/kg，每天1次；②严重感染和中性粒细胞减少的婴儿：维持量剂量为每次8mg/kg，每天1次。(2)静脉注射：①严重感染和中性粒细胞减少的患儿(2个月以上)：推荐剂量为10mg/kg，前3剂按每12小时静脉注射1次，随后维持量为每次10mg/kg，每天1次；②严重感染和中性粒细胞减少的婴儿：第1天的推荐剂量为16mg/kg。负荷剂量为1剂；维持剂量为每次8mg/kg，每天1次。(3)静脉滴注：剂量同静脉注射。,
TM300：每片含利福平300mg，异烟肼150mg。,
交叉过敏:对一种氨基糖苷类过敏者可能对其他氨基糖苷类药也过敏。,
Cefathiamidine,
Cedilanid D,
气雾剂：19.97g(内含色甘酸钠0.7g)。,
泰宁,
成人，每天2～12g，每4～6小时1次，常规剂量为每4～6小时0.5或1g，重症感染患者，剂量可达每4小时2g。,
Pyrazinamidum,
Festamoxin,
甲磺灭脓,
青霉素G,
苯氧丙青霉素,
Tar Acids,
甘磷酰氮芥,
Cefozopran,
反流性食管炎,
静脉滴注：(1)急性脑血栓和脑栓塞、外周动静脉血栓：每天2万～4万U，溶于5%葡萄糖氯化钠注射剂或低分子右旋糖酐注射剂500ml中，分1～2次给药 疗程为7～10天，剂量可根据病情增减 (2)急性心肌梗死：每天50万～150万U，溶于0.9%氯化钠注射剂或5%葡萄糖注射剂50～100ml中，于30～60min内均匀滴入，剂量可依患者体重及体质情况作调整 (3)肺栓塞：首剂4000U/kg，于30～45min滴注完，继以每小时4000U/kg(也有使用100～150万U的用法) 静脉泵入，持续24～48h 近年来对大块肺栓塞伴血流动力学紊乱的患者主张大剂量滴注60～120min，以迅速改善血流动力学指标，之后维持溶栓24～36h 重症肺栓塞在血管造影后通过导管溶栓也有成功的报道 (4)深静脉血栓：急性大块血栓无溶栓禁忌证者，应尽早应用尿激酶溶栓治疗 首剂4000U/kg，于30～45min输入，继以每小时4000U/kg(也有使用80万～120万U的用法，剂量还可酌减为60～80万U) 维持溶栓48～72h 患者若能耐受，必要时可滴注5～7天 若血栓仍不能溶解，可开始用肝素抗凝治疗 (5)眼科：每天5000～2万U，疗程为7～10天，剂量可根据病情增减 冠状动脉输注：急性心肌梗死：20万～100万U，溶于0.9%氯化钠注射剂或5%葡萄糖注射剂20～60ml中，按每分钟1万～2万U的速度滴入，剂量可依患者体重、体质情况及溶栓效果等情况作调整 导管插入动脉血栓：先以每分钟4000U剂量给药，直到出现顺行性血流后再减量为每分钟2000U，1h后再减至每分钟1000U，直到动脉内腔血流正常 ,
FML,
三氮唑核甙,
抗过敏：皮下或肌内注射：每次0.2～0.5mg，可隔10～15min重复1次，并可增至每次1mg。,
奈西雅,
小儿麻醉：用半开放回路(如：Bain回路)或F型多用途回路来完成。氟烷可合并应用50%～65%氧化亚氮。诱导浓度1%～1.5%，麻醉维持深度0.3%。,
Loracarbef,
焦虑不安,
间质性肺疾病,
Metaprel,
氨苄青霉素三水物,
重组组织型纤维蛋白溶酶原激活剂,
骁悉,
肌内注射：,
美加明,
急性中毒时可发生呼吸麻痹。,
溴化双胍雄酯,
愈咳糖浆：每100ml含本药1.5g、喷托维林0.15g、氯苯那敏30mg、薄荷脑300mg；,
免疫调节剂,
应密切监护麻醉时血压变化及呼吸状况。,
艾宙酚,
甲氧环烯胺头孢菌素,
成人全麻：用氟烷蒸发器半紧闭法施行高或低流量麻醉，也可作全紧闭法麻醉。诱导浓度2%～3.5%，麻醉维持深度1%～1.5%。,
5×109/L，并持续7天或7天以上)，建议下1个疗程减量给药。,
可待因桔梗片,
氟哌酸,
醋酸可的松,
双甲苯喘定,
Lidex,
治疗过程中应定期检测血常规、肝功能、血电解质、血肌酐、神经系统及超声心动图。,
本品应避免与茶碱类、咖啡因、抗酸剂和口服抗凝药(如华法林)同服和合用。,
Targocid,
Duvadilan,
Ledermycin,
Chlobamol,
本品不可动脉注射，因可致动脉痉挛和血栓 一旦出现面部肌肉痉挛，肢体抽动等惊厥征兆应立即停药或减量 ,
镇咳宁口服液,
鼻喷剂：50mg。,
儿童：全身真菌感染：每天剂量为3～5mg/kg。,
活宁液,
米库氯铵注射液：5ml:10mg；10ml:20mg。,
头孢替坦二钠,
禁用于对有关药物过敏者，身体虚弱者、青光眼患者、心脏病及高血压者、排尿困难者、孕妇等慎用。,
本药不可肌内注射。1,
Panmycin,
丽可胜,
头孢力新,
患者服用本药后，何时可以安全地服用硝酸酯类药物，目前尚不清楚。1,
社区获得性肺炎首先静脉给予阿拉曲伐沙星200mg，然后口服曲伐沙星200mg，每日1次，持续7～14日。,
心脏病史(如心绞痛、心肌梗死病史)、已得到控制的哮喘、慢性支气管炎、慢性阻塞性肺部疾病患者慎用本品，或在医生指导下服用本品。,
急性肾小管坏死,
异丙嗪伤风止咳糖浆：每100ml内含氯化铵1g、异丙嗪0.1g、愈创甘油醚2.5g。,
头孢甲四唑,
头孢甲氧噻吩,
琥珀胆碱,
利喘平,
脂肪乳中链及长链复合剂,
缓释胶囊：10mg；缓释片：10mg。,
抗感染植物药,
Clindamycin Hydrochloride,
肾功能不全时剂量：根据血肌酐清除率酌情调整剂量。,
托普西龙,
Rifamycin SV,
二性霉素,
呼吸道感染：每次300～400mg，每天2次，疗程7～14天。,
都可喜,
局部给药：胸腔内注射治疗局灶性结核等：每次50～200mg。,
成人常规剂量：静脉滴注：推荐剂量，10%注射液，一日10～20ml/kg，或20%注射液，一日5～10ml/kg。输注速度为10%注射液1.25ml/(kg·h)，或20%注射液0.625ml/(kg·h)。儿童常规剂量：静脉滴注：新生儿、婴儿：一日0.5～4g/kg，输注速度不超过0.17g/(kg·h)。,
大剂量快速给药可引起酸中毒。,
头孢氨苄/甲氧苄啶,
环己二烯青霉素,
Sincodix,
用于其他适应证：剂量可自10～500mg，依病情决定。病情危重时，可在短期间内用较大剂量。婴儿及儿童剂量可酌减。每24小时，每千克体重的用量不低于0.5mg。口服：每次8～12mg，每天2次，维持量每次2～4mg，每天2次。,
闭角型青光眼患者慎用(本品可引起眼痛、视物模糊、幻视以及结膜充血)。,
沙丁胺醇，气雾剂：0.14%，每支14g含沙丁胺醇28mg；,
丁氨特罗,
本品专供静脉输注用，必须在住院严密监护状态下使用。,
菌必治,
儿童:每天40～80mg/kg，重症可增至每天200mg/kg，分3～4次给药，缓慢静脉注射或每次加入100ml溶液中滴注0.5～2.0h。,
口服给药：(1)一般感染：每次400mg，每天2次；(2)淋球菌感染及软下疳：单剂口服800mg。,
Atock,
小儿用药：小儿安全性尚不确定。,
Ribavirinum,
肌内注射：成人及儿童，每天2.5～3mg/kg，每6～8小时1次。,
增效联磺片,
慎用(1)有严重过敏性哮喘或支气管哮喘病史者。(2)严重肝脏疾病患者。(3)肾脏疾病患者。(4)有胃肠道反应者。,
氮唑硫代嘌呤,
哮喘控制的突发性和进行性恶化有可能危及生命。,
27.8kBq(0.75mCi)/粒·40粒，40份/盒，内含；,
BleomycinA2,
景丹,
中诺威林,
济民福星,
二次弹丸法(twobolus)：总量100mg，分2次静脉弹丸注射，间隔30min，此方法可有88%的再通率。,
气雾吸入：成人每4小时吸入1次，每次0.4mg。儿童每次0.2mg，每天3～4次。儿童应遵医嘱并在成人监督下用药。,
必须有足够的人工呼吸和监测仪器，在给药后肺部可能急速扩张，因此须降低呼吸器的峰吸入压。给药后肺功能改善，使动脉氧浓度迅速升高，应及时降低吸入氧浓度，以避免血氧过高。2～8℃冷藏。,
塞罗卡因,
促进痰液溶解的药物,
Fungilin,
氯化筒箭毒,
Kanamycin,
G-11021,
儿童：(1)预防疟疾：每次0.9mg/kg，每周1次，最高剂量以成人量为限。(2)耐氯喹的恶性疟：每次0.3mg/kg，每天3次，疗程3天。(3)治疗弓形体病：每天1mg/kg，分2次服，服1～3天后改为每天0.5mg/kg，分2次服，疗程4～6周。卡氏肺囊虫肺炎：每天口服25～50mg，并用磺胺嘧啶每天4g，疗程14～28天。,
Theophylline Meglumine,
青光眼患者禁用。,
通常，成人每日1次，于进食后，口服本品0.2mg。另外，依年龄，症状适宜增减。,
Cefoperazone/Sulbactam,
组织纤溶酶原激活剂,
Cefuroxime,
毛花苷C,
新明磺,
Terramycin,
副肾碱,
盐酸地卡因,
片剂：182mg(相当于无水茶碱100mg)。,
罗利康宁,
妊娠、哺乳期妇女禁用。,
美唑磺胺,
瑞白,
急性支气管痉挛或哮喘持续状态患者慎用。,
Purified Protein Derivative Tuberculin,
儿童：(1)一般感染:8岁以上患儿首剂4mg/kg；以后，每次2～4mg/kg，一天1～2次。疗程为3～7天；(2)抗寄生虫感染:对8岁以上患儿，体重小于45kg者，第一天2.2mg/kg，每12小时1次；以后按2.2～4.4mg/kg，每天1次，或按2.2mg/kg，每12小时1次。体重超过45kg的患儿用量同成人。,
盐酸苯丙哌酮,
片剂：每片25mg；100mg；150mg。,
12岁以下儿童，每24小时服用1片缓释片的安全性尚未确立。,
治疗支气管哮喘：气雾剂或干粉（都保，普米克）吸入200μg每天2次，或400μg，每天1次；严重或难治性哮喘短期内可加大剂量至每次400μg～800μg，每天1～2次吸入，病情控制后逐渐减至上述常用量维持 ,
慎用：(1)病窦综合征或伴有严重心律失常患者；(2)溃疡病患者；(3)有呼吸系统疾病病史或正在发病的患者，如哮喘或阻塞性肺疾患；(4)尿道梗阻和痉挛者；(5)正在使用其他拟胆碱和抗胆碱药的患者；(6)糖尿病患者。,
六甲双喘定,
治疗剂量时不影响心、肝、肾功能。无蓄积性。,
丁苯氧酸,
尚不明确。,
药物过量尚无特异治疗方法，对于过量引起的不良反应应给予对症处理，特别是严重腹泻应给予恰当的治疗。,
去咳,
药物对儿童的影响：12岁以下儿童的用药安全性剂量尚未正式确定，应慎用。,
慎用：(1)有过敏史者；(2)有出血史者；(3)溃疡性结肠炎患者；(4)严重肝、肾功能障碍者；(5)年老、体弱者。,
Rokitamycin,
注射用奈达铂：10mg，50mg。贮法：遮光、密闭、阴凉处保存。,
出现皮疹等过敏症状时须停药。静脉滴注速度不宜过快。,
口服：每次30粒，每天2次。,
静脉滴注：每次10～25mg，溶于5%～10%葡萄糖注射剂500ml中应用。,
片剂、胶囊：每片(粒)含本品100mg；,
成人口服10mg～20mg，每天睡前1次。国内使用经验提示，国人大多每次10mg，睡前1剂即可。,
咳得平,
肺肾阴虚,
片剂：150mg，300mg；,
对低血糖倾向的糖尿病、肾功能不全、慢性阻塞性呼吸道疾病、雷诺综合征、间歇性跛行和心脏扩大但无临床症状的心衰患者均应慎用。,
体重50千克及以上者：每次2片(卫非宁TM300)，每天1次；,
Procaine penicillin,
颗粒剂：1g中含本药100mg；,
儿童静脉滴注：每天30～60mg/kg，分3次给药。每次30min滴完。重症或顽固性感染疾病:剂量可增至每天0.1g/kg，分3～4次静脉滴注。,
重症肌无力患者用量要恰到好处，过量时可发生胆碱能危象，表现为M受体和N受体同时兴奋，可出现大汗、瞳孔缩小、前额痛、激动不安、心动过缓、低血压、肌肉震颤、胸部发紧、支气管收缩伴分泌增加、喘鸣等。最后肌无力加重、共济失调、大小便失禁、惊厥、昏迷、可因心脏停搏、中枢性呼吸麻痹和肺水肿而死亡。,
Teicoplanin,
头孢氰唑氧,
法洛培南,
Lomebact,
下列病人要小心使用：重症肌无力，肾损伤，病人使用肌肉孕妇慎用剂或可能引起。肾毒性的药物(头孢菌素，氨基糖甙)。,
Karsivan,
口服，每日3次，每次30mg。,
注射剂：醋酸酯40mg(1ml)，80mg(2ml)，琥珀酸钠40mg；,
重组干扰素α-2a,
小儿：每次按体表面积10mg/m2。,
本品须冷藏，以免发生Hoffman降解。,
Benzathine Benzylpenicillin,
得力生注射剂,
孕妇、哺乳期妇女不宜作此试验。,
Meglone,
先锋唑啉钠,
静脉滴注：(1)成人：①一般用量:每天1～2g，分2～4次。②军团病:每天3～4g，分４次给药。高剂量不能超过4g。(2)儿童：每天按20～40mg/kg，分2～4次给药。,
半胱甲酯,
Esmeron,
雷诺考特,
药物对妊娠的影响:孕妇的用药安全性尚未确定。,
天普洛欣,
利君派舒,
史—约综合征,
国外资料报道，与本药有配伍禁忌的溶液有：(1)注射用抑菌水：注射用苯甲醇抑菌水及注射用对羟苯甲酸类抑菌水不用来配制阿替普酶溶液；(2)平衡盐溶液：平衡盐溶液与本药相混，室温下24h内会发生沉淀，如在－20℃时放置24h，融化以后的光散射增加，则提示药物已发生变化。,
西梭米星,
交叉过敏：本药与青霉素类、头孢菌素类药物存在交叉过敏性。,
多氟沙星,
氧四环素,
慎用：肝功能严重不全者慎用，必要时可延长用药间隔。避免光过敏。,
信利妥,
Rifocin M,
三甲磺酸烯丙哌三嗪-阿吗碱,
Peflacine,
Cefotan,
利丙双卡因,
口服液：每支10ml。胶囊剂：每粒0.3g。散剂：每瓶0.3g。,
氢溴酸酚甲唑辛,
氟羟强的松龙,
去甲长春花碱,
遮光密封，在凉暗处保存。,
静脉给药：本品应使用0.9%氯化钠溶液稀释，一般开始10min内静注负荷剂量1mg/kg，随后以0.2～0.7mg/(kg·h)输注维持剂量，保持剂量的输注速率应调整至获得期望的镇静效果。老年人以及肾或肝功能受损者用药剂量酌减。,
＜12岁儿童的安全性尚未确定。,
口服：每日4次，每次0.25g；肌注：每日4次，每次0.2g；静滴：每日2次，每次0.4g，加入输液中静滴。,
吸入剂：80μg/4.5μg×60吸；160μg/4.5μg×60吸；160μg/4.5μg×120吸 ,
肌肉痉挛,
恩博克,
静脉滴注1次8～16mg，加入10%葡萄糖液中，缓慢滴入。,
鲁贝,
苯氧丙酚胺,
阿如多黏,
其他：可视情况配合使用抗生素等综合治疗。,
罗氏芬,
来佳,
静脉注射一般剂量0.04～0.05mg/kg，给药2～3min后，行插管法，需重复给药而持续肌肉松弛效果的剂量应为首次剂量的1/4，不要超过1/3～1/2，以免引起蓄积。肾功能不全者用量不能超过0.04mg/kg。儿童初始剂量为0.03～0.04mg/kg，补充剂量为0.01～0.02mg/kg。,
Sitafloxacin,
武夷霉素,
记住已调配好的肌注液，不管在室温或冰箱冷藏，稳定度为7天。,
RN-1589,
老年人、肾功能不全者慎用。,
慎用于对阿司匹林敏感的哮喘病人。,
丁胺卡那霉素二硫酸盐,
严重肺功能不全慎用,
溴苄环已胺,
Myrtol,
皮下注射：每次0.25mg，如15～30min无明显临床改善，可重复注射1次，但4h中总量不能超过0.5mg。,
MK-933,
日用片：含对乙酰氨基酚325mg、盐酸伪麻黄碱30mg、氢溴酸右美沙芬15mg；,
Trovafloxacin Mesilate,
细菌性肺炎,
抗Tac单抗,
气管注入：急救时，以5%溶液用注射器自气管的甲状软骨环骨膜处注入气管内，每次0.5～2ml（婴儿0.5ml，儿童1ml，成人2ml）。,
Eromycin,
复克,
格拉诺赛特,
邻氯苯甲异恶唑青霉素,
普兰流卡斯特,
本品不能减轻严重哮喘的加重，不能用于严重支气管哮喘或其持续状态。,
口服：5～15mg/次，3次/d。酒石酸盐口服：10～30mg/次，3次/d。,
咳息定,
异维甲酸,
儿童：(1)肌内注射：新生儿首剂10mg/kg，然后每12小时7.5mg/kg；儿童用量同成人。(2)静脉滴注：用量同肌内注射。,
Dilatcor,
Saltanol,
甲磺酸曲伐沙星片：100mg/片；200mg/片。甲磺酸阿拉曲伐沙星注射液：200mg/40ml/支；300mg/60ml/支。15～30℃贮存。,
Pemirolast Potassium,
Deflan,
发育迟缓,
Lobuterol,
慎用:对青霉素类、头孢菌素类抗生素有既往过敏史者、严重肾功能损害，全身状态不良者慎用。,
皮下、肌内注射或静脉注射：每次0.25～0.5g，必要时1～2小时重复1次，极量每次1.25g；6个月～1岁小儿每次75mg ,
头孢布宗,
羧马氧,
颗粒：25mg，50mg，75mg。,
杏苏止咳颗粒,
Cefminox,
r-SAK,
静脉滴注：每天0.4～0.75g，加入到5%～10%葡萄糖液或等渗氯化钠溶液中滴注。,
Cefmax,
听觉损害,
Montelukast Sodium,
Cefamx,
交叉过敏：对一种头孢菌素过敏对其他头孢菌素可能过敏；对青霉素类、青霉素衍生物或青霉胺过敏者也可能对头孢菌素过敏。,
孢子丝菌病,
慎用：(1)肝、肾功能严重受损者；(2)有癫痫史者；(3)有中枢神经疾病史者；(4)高龄患者；(5)18岁以下者 ,
Cortal,
儿童用药：2岁以下禁用，2～12岁按体重给予0.002～0.003mg/kg。,
Futraful,
庆大,
滴鼻：用于防治流感，用0.5%溶液(以等渗氯化钠溶液配制)，每小时1次。,
菌特灵,
罗复生,
溃疡,
Streptomycinum,
Fluothane,
Albiotic,
静脉滴注：,
儿童、孕妇及哺乳期妇女禁用。,
缓释片：每片含茶碱25mg、盐酸麻黄碱10mg、非那西丁100mg、氨基比林100mg、苯巴比妥10mg、咖啡因15mg、可可碱25mg、颠茄浸膏2mg。,
康纳,
N-乙基西索米星,
Coactin,
福里衡,
吸入：本品溶液经压缩空气驱动的雾化器产生气雾溶液，多数病人每天吸入1次(2.5mg)。,
儿童口服给药：(1)预防流感：13岁及13岁以上青少年用法用量同成人；(2)治疗流感：本药已被批准用于出现流感症状不超过2天的1岁及1岁以上儿童，具体如下：13岁及13岁以上青少年的用法用量同成人。13岁以下儿童的用量根据体重而定：体重≤15kg，每次30mg，每天2次；体重为15～23kg，每次45mg，每天2次；体重为23～40kg，每次60mg，每天2次；体重＞40kg，每次75mg，每天2次。,
Propofol,
遮光，密闭，在阴凉干燥处保存。,
硫脒头孢菌素,
口服，一次1支，一天3次；7天为一疗程。,
Breokinase,
Factive,
肌内注射：每次60万～120万U，每天1～2次，临用前加适量灭菌注射用水制成混悬液。用前需做皮试。,
慎用：糖尿病患者。,
连续应用超过14天者，应检查肝肾功能和听力。应用期间应监测血浆浓度，依个体症状或血浆浓度合理安排剂量和疗程。遇有AST或ALT升高、血浆胆红素升高等异常时应立即停药。,
普萨康唑,
必嗽定,
β-Aescin Na,
溴环扁吡酯,
有呼吸系统疾病和肝、肾功能不全的病人慎用，不宜用于分娩过程。,
表鬼臼毒吡喃葡萄糖甙,
Globecef,
奥施康定,
气雾吸入：成人(包括老年人)及12岁以上儿童，一次2喷，每日4次，必要时可用至最大剂量，即每日12喷。,
过量时可出现M胆碱受体被激动症状。,
静脉造影：病人取仰卧位。自双下肢足背静脉注射氯化钠注射液。在双膝以下部位用压脉带加压＞8Kpa(60mmHg)的压力，以阻断浅静脉的回流。γ照相机以每分钟50cm的速度自足部开始作全身扫描。同时从双下肢静脉滴注管内快速推入99mTc-MAA370MBq(10mCi)/ml，注射后继续静脉注射氯化钠注射液。全身扫描后再作肺部显像。,
氯苯息定,
用药期间如发生变态反应或其他严重反应，应考虑减量或停药。,
甲氮唑胺,
片剂：0.05g，0.1g；,
口服：成人每次0.3g，每天1.5g。,
脑出血,
Brinaldix,
Ro-21-3981,
注射剂：0.5ml(含细菌3亿个)。长效哮喘菌苗：用氢氧化铝吸附后的减毒菌苗，每支0.5ml，含细菌4.5亿个。首剂0.3～0.4ml，每2～4周1次，每次递增0.1ml，维持量每次0.7～1.0ml。,
恒奥,
免疫系统药物,
Benzamin,
M＆B-800,
头孢唑啉,
通常不单独应用，需与β内酰胺类抗生素合用。,
双钠羟羧氧酰胺菌素,
本品无特效拮抗剂，不能用新斯的明拮抗，故使用前应事先备好人工呼吸机和抢救设备。,
Nafcilline,
养阴清肺口服液,
托克拉斯,
氨噻肟唑,
慎用：(1)对青霉素类抗生素过敏者；(2)早产儿和新生儿；(3)严重肾功能不全者；(4)有慢性胃肠道疾病史者，特别是溃疡性结肠炎、局限性肠炎或抗生素相关性肠炎者；(5)高度过敏性体质者；(6)高龄、体弱者。,
复方妥洛特罗片，每片含妥洛特罗1.5mg、溴己新15mg、异丙嗪6mg。,
本品与拟交感神经药或β受体兴奋药同时使用，可能产生协同作用，应谨慎对待。如与利舍平同时使用，会引起心动过速。,
Timentin,
替喹溴铵,
儿童用药安全性尚未研究。,
急性心力衰竭,
口服给药：每次100～200mg，每天3次，可视年龄及症状适当增减。,
慎用：(1)对其他β-内酰胺抗生素药过敏者；(2)孕妇及哺乳期妇女；(3)肾功能不全者；(4)胃肠道疾病患者，尤其是结肠炎患者；(5)患有苯丙酮尿症的患者(头孢丙烯口服混悬液含有苯丙氨酸)。,
本药不能与其他注射剂混合使用。1,
Procadil,
制剂应保存于2～8℃。,
Cosmosin,
Monocid,
迈普新,
司可林,
Zileuton,
老年患者慎用。,
Bactroban,
治疗中应使用最小剂量控制病情。凝血酶原不足者合用阿司匹林与皮质类固醇激素时须慎重。,
Hypnomidate,
药物对妊娠的影响：孕妇用药尚缺乏足够的对照研究资料，应权衡利弊后使用；美国药品和食品管理局(FDA)对本药的妊娠安全性分级为B级。,
头孢吡兰,
RFP,
氨噻肟唑头孢菌素,
Fleroxacin,
己环胺菌素,
关于妊娠中用药的安全性尚未确定。对于孕妇或有妊娠可能性的妇女，要权衡利弊，只有在利大于弊的情况下才能用药。因此孕妇及哺乳期妇女慎用。,
MK-306,
虚喘,
药物对老人的影响：老年人的中枢神经对本药较敏感，静脉注射后可出现呼吸暂停、低血压、心动过缓甚至心脏停搏。,
脱氧核糖核酸酶,
氟羟氢泼尼松,
CI-919,
治疗过敏性及免疫性疾病：如支气管哮喘、痛风、类风湿关节炎等，每次口服20mg，每天1～2次。,
司巴沙星,
气雾吸入,
用药期间应注意监测肝功能。当怀疑病原菌为铜绿假单胞菌时，应做相关细菌学检查。1,
莫昔沙星,
老年人、孕妇、哺乳期妇女慎用；本品不适用儿童，必要时只用在短程治疗。,
SQ-26776,
复方茶碱片：每片含茶碱25mg，盐酸麻黄碱10mg，非那西丁100mg，苯巴比妥10mg，氨基比林100mg，咖啡因15mg，柯柯碱25mg，颠茄浸膏2mg；,
呼吸道及鼻旁窦疾患、哮喘患者、高血压、冠心病动脉硬化、心力衰竭及孕妇忌用。,
蒙鲁司特,
单用利福平治疗结核病或其他细菌性感染时病原菌可迅速产生耐药性，因此本品必须与其他药物合用。,
氨氯青霉素钠,
若出现耳神经系统毒性反应，应停药并进行适当的处理。之前使用过其他铂类制剂、听力低下、肾功能低下的患者应特别注意。,
复方甘草片,
琥珀酸酯红霉素,
孕妇、肝功能不全者慎用。,
Cefditoren,
胶囊剂：每粒含甲氧那明12.5mg、那可丁7mg、氨茶碱25mg、氯苯那敏2mg。,
格雷沙星,
爱通立,
博乐,
比阿培南注射剂：150mg/支；300mg/支。,
如在试验操作中将闪烁液洒到眼睛的敏感部位，请立即用大量清水冲洗。1,
13-顺式维甲酸,
注射剂：1mg（ml），0.5mg（0.5ml）；,
溴化氨酰胆碱,
本药只供经口吸入使用，通过准纳器吸嘴吸入药物，勿经鼻吸入。,
Reversol,
安利醚,
Amikin,
可立斯丁,
溶栓酶,
咪拉地尔,
干糖浆剂：50μg（0.5g）。,
TV-100,
Ambisome,
口服：(1)成人：每次0.1～0.2g，每天3次。(2)小儿：每次3～5mg/kg，每天3次。根据国人每次口服氨茶碱所获药动学参数，目前常规用量（每次0.1g，每天3次）平均血药浓度仅达4～7μg/ml，低于有效血药浓度(10～20μg/ml)。故在患者胃肠道能够耐受的情况下，可适当增加剂量，推荐剂量为每次0.2g，每8小时口服1次。,
过敏反应介质阻释剂,
慎用：(1)对青霉素过敏者；(2)孕妇及哺乳期妇女；(3)患有皮疹、哮喘、变态反应史者。,
有青霉素过敏史者慎用，孕妇、哺乳期妇女慎用，5岁以下儿童不宜用。,
药物对哺乳的影响：哺乳期妇女禁用。,
口服：每次60～90mg，每天180～270mg。,
氯林可霉素,
如果长期持续用量超过推荐剂量，则会导致一定程度的明显的肾上腺功能抑制。,
肝毒性,
泼尼松龙磷酸钠(PrednisoloneSodiumPhosphate)注射剂：20mg/mL，供肌肉注射、静脉注射或滴注。,
Cidomycin,
去甲噻肟头孢,
Pavulon,
多价免疫球蛋白,
磺苯咪唑青霉素,
Bronchitic vaccine,
Compound cefalexin-Xincat,
Telopar,
口服：成人每次300～600mg，每天3次 静注：300～600mg加入葡萄糖注射液稀释后缓慢推注 ,
支气管扩张、肺脓疡、肺心病、肺结核患者应在医师指导下服用。,
支气管肺癌,
甲吡唑头孢霉素,
Acepifylline,
口服给药：每次15mg，每天3次，重症肌无力患者视病情而定。极量：每次30mg，每天100mg。,
Salmeterol,
连松定,
痰饮,
麦考酚酸,
莱欣,
静脉注射：(1)尿路感染：①成人，每天4～8g，每6小时1次，对重症感染，每天200mg/kg持续性或间歇静脉滴注；②儿童：每天50～200mg/kg，每4～6小时1次或持续性静脉滴注，每天最大剂量可达600mg/kg；(2)铜绿假单胞菌系统感染：①成人：每天量为400～500mg/kg，分次滴注或连续滴注；②儿童：每天量为300～500mg/kg，分次滴注成连续滴注。,
艾吹停,
Cefaloridine,
接触性皮炎,
慎用:(1)孕妇、哺乳期妇女；(2)严重肝、肾功能障碍者；(3)高度过敏性体质者。,
注射剂(粉):1.0g，2.0g。,
片剂：硫酸盐，10mg，20mg；,
Tazanolast,
妥佳,
用药期间忌饮食生冷，慎寒凉 孕妇慎用 本药辛温偏燥，对壮热燥咳、咯血、肺痈等有热症表现者不宜使用 ,
庐山霉素,
丙氟哌酸,
本品过量可引起肾功能衰竭，但过量药物不能用腹膜透析除去。,
Meptin,
皮肤潮红,
噻肟单酰胺菌素,
洛美沙星滴眼剂,
交叉过敏：对一种头孢菌素过敏者对其他头孢菌素类药也可能过敏。对青霉素类、青霉素衍生物或青霉胺过敏者也可能对头孢菌素过敏。,
克仑特罗，片剂：每片含盐酸克仑特罗40μg。,
长期使用可引起依赖性，故应按医嘱服用，亦不宜久服。,
逆转非除极神经肌肉阻断药所产生的神经肌肉阻断作用：英国成人常用50～70μg/kg于1min内静脉注射；美国用量较低(0.5～2mg)。可以继续给药直到肌力恢复，但总量不可超过5mg。用药期间，应给予患者良好的通气，直至确认正常的呼吸已经恢复。为了抵消任何毒蕈碱作用，可以静脉给予阿托品0.6～1.2mg，同时或在给予新斯的明之前。如有心动过缓，应在使用新斯的明之前几min先给予阿托品。格隆溴铵(glycopyrroniumbromide)可作为阿托品的替代药。,
迈力欣,
成人：(1)口服给药：①一般感染时每天0.2～0.4g，顿服或分2次服；②阴道念珠菌病：每次400mg，每天2次，连用5天；③肺真菌病：每次0.2g，每天2～3次，疗程1个月；④前列腺癌：每天800～1200mg；⑤晚期前列腺癌：每次400mg，每天3～4次，逐渐调整剂量至每天400～1800mg，维持治疗。(2)外用：①乳膏剂：体癣、股癣、花斑癣、皮肤念珠菌病，每天1～2次；脂溢性皮炎，每天2次；甲沟炎、须癣、头癣和足癣，每天3次；②洗剂：花斑癣，每天1次，洗澡时将洗剂均匀涂于患处，轻擦使起泡沫，保留5～10min后彻底冲洗，连续5天；头皮脂溢性皮炎，每周用本药洗头2次，连续4～6周。(3)肾功能不全时剂量：一般不需减量，因为仅有小量药物以原形自肾排出。,
咪唑硫嘌呤,
静脉滴注，一次静脉注射30mg就能产生较好溶栓效果。症状开始后，尽快地使用本品，于4～5min内静脉注射30U。,
预防移植排斥反应：移植手术当天起10～14天使用，每天2～5mg/kg。,
12岁以下儿童的有效性和安全性尚未建立。,
含服：每次1片或1匙，每天3～5次。,
成人：(1)肌内注射：每天2.0～8.0g，分3～4次深部肌内注射，每天最高剂量为12g。(2)静脉给药：每天2.0～8.0g，分3～4次静脉滴注或静脉注射，每天最高剂量为12g。(3)肾功能不全时剂量：肾功能减退者先予以首剂饱和量(1～2g)，然后可按肌酐清除率调整剂量。肌酐清除率大于每分钟50ml者，每6小时给予1g；清除率为每分钟25～50和10～25ml者，剂量分别为每6小时和12小时0.5g；肌酐清除率低于每分钟10ml者，每24小时0.5g。,
Uticillin,
药物对妊娠的影响：美国FDA认为本药应属妊娠C类。,
Oxypropyltheohylline,
密封贮存。,
Brown's Mixture,
乙氧哌甲氧头孢菌素,
吸入：成人和7岁以上儿童每天2次，每次200μg（每揿1次约100μg），于晚上睡前和早晨各吸1次。严重病例，可酌情递增至每天3次，每次200μg，分早、中、晚临睡前各吸1次。,
慎用:(1)肝功能不全者；(2)严重肾功能不全者；(3)妊娠或哺乳期妇女；(4)肺囊性纤维化患者合并肺部感染；(5)年老、体弱的肺部感染患者。,
如果出现喉喘鸣或面部、舌或声门的血管性水肿，则应停药。,
本药在使用前应充分摇匀。使药液成一均匀悬浮液。,
琥珀酸乙酯红霉素,
平喘：成人气雾吸入每次0.2～0.4mg。镇咳消痰：一般以东莨菪碱氢嗅酸盐为准，成人0.4～0.6mg，每晚睡前服1次。,
必可酮，气雾剂：每瓶含倍氯美松双丙酸盐10mg，每揿50μg；,
大洋扶生,
Protheo,
Brethine,
枸橼酸维静宁,
喉阻塞,
琥胆,
CefuzonamSodium,
迪维,
强壮霉素,
本品具有抑制碳酸酐酶的作用，用药后绝大部分患者排出碱性尿，引起高氯酸血症和呼吸加快，用量多或大面积使用其盐酸盐可产生代谢性酸中毒，可改用醋酸盐或停药以碳酸氢钠静脉滴注。,
新达宝,
成人：(1)口服给药：开始为每次0.75～3mg，每天2～4次；维持量约每0.75mg，视病情而定。(2)静脉注射：①疾病危急状态，如严重休克等的治疗：用地塞米松磷酸钠，每次2～20mg，2～6h重复给药至病情稳定，但大剂量连续给药一般不超过72h。②缓解恶性肿瘤所致的脑水肿：首剂静脉推注10mg，随后每6小时肌内注射4mg，一般12～24h患者可有所好转，于2～4天后逐渐减量，5～7天停药。③不宜手术的脑肿瘤：首剂静脉推注50mg，以后每2小时重复给予8mg，数天后再渐减至每天2mg，分2～3次静脉给予。(3)肌内注射：①一般用法用量：用醋酸地塞米松注射剂，根据病情每次5～15mg，间隔2～3周注射1次。②用于缓解恶性肿瘤所致的脑水肿：参见静脉注射项。③增强治疗或用于过敏性疾病、休克：每次2～6mg；重症可重复给药，每2～6小时1次。④恶性疟所致脑水肿引起的脑昏迷：每次3～10mg，每8小时1次。(4)关节腔内注射：每次0.8～4mg，视关节腔大小而定。鞘内注射：每次5～10mg，间隔1～3周注射1次。(5)吸入给药：用于过敏性鼻炎，用1.7%～2.3%气雾剂喷雾吸入，每天2～4次。(6)经眼给药：①滴眼：外眼炎症可采用0.001%浓度，每天4～5次；内眼炎症以及手术后，药物浓度可增加至0.1%，每天4～5次。②植入微粒：在眼科手术结束并取出黏弹物质后，用精密无齿镊从包装中取出地塞米松缓释微粒1粒放入眼前房或后房，如果放在前房，应将药粒放在虹膜基底12点位置；如果放在后房，应放在虹膜和人工晶体前表面之间的6点位置，然后以常规方式闭合切口。③玻璃体内注射：每次0.4mg。(8)局部给药：用0.05%～0.1%乳膏涂搽患处，每天2～3次。,
泰素,
贮法：于室温、干燥处贮藏。,
二丙酸氯地米松,
患者体重30～39kg者，每次3片，每天1次；,
肾功能减退患者应减少剂量。本品可产生肌无力和呼吸抑制，故治疗期间应持续监测；重症肌无力患者和已使用神经肌肉阻滞剂、全身麻醉剂、其他多黏菌素类或氨基糖苷类药物的患者应用时应特别小心。,
安美汀,
在使用西多福韦治疗前7d应停用其他有潜在肾毒性的药物。,
肝片形吸虫和肺吸虫病：5mg/kg，3次/d；或10mg/kg，2次/d，一日疗法。,
诺科隆：注射(粉针)剂，荷兰欧家农公司生产。每支4mg(附溶剂)。,
伯克纳,
高血压：通常初始剂量是每次5mg，每天1次，对有支气管痉挛的患者初始剂量可为2.5mg。剂量可增加至10mg，如必要可加到20mg。有肝、肾功能不全的患者(肌酐清除率小于每分钟40ml)，使用初始剂量每天2.5mg，在剂量递增时要谨慎，因为本品不可以透析置换。,
治疗期间应注意血气监测。,
右甲吗喃,
醋酸麦迪霉素,
静脉滴注：常用量同口服，以适量注射剂稀释，每200mg静脉滴注时间不得少于30min。,
Cefoxitin,
美地霉素,
Natrecor,
注意用药的适应证，防止用量过大。,
Plicamycin,
Newcefotoxin,
羟哌甲苯二酚,
静脉注射：每次0.3mg，每天1次。可根据年龄、症状的不同适当增减用量。效果不明显时，可以追加相同剂量，但1天用量不能超过0.6mg。,
Mucotab,
Nedocromil,
其他：①支气管扩张、肺脓疡、肺心病、肺结核患者出现咳嗽时应去医院就诊。②本品不宜长期服用。,
若出现过敏性休克症状，应立即停药并进行适当的处理。,
甘油茶碱,
在停用本品时，应逐渐减量，不可突然停药，以防病情反复。,
Decadron,
Novalok,
注射后要留意可能发生呼吸停止。要有复苏装置及急救药物，同时要密切观察呼吸困难、胸痛或忧虑不安，呼吸急促的现象。,
色羟丙钠,
片剂：0.5mg；,
海俄辛,
奥农,
卡比西林,
养阴清肺糖浆,
BMY-28100,
慎用:(1)肝功能不全者；(2)孕妇、哺乳期妇女。,
晕厥,
肾功能不全者(肌酐清除率每分钟＜30ml)：给药间隔延长至24h。,
口服给药：常用量为每天300～400mg，分2～3次服用，如感染较重或感染病原敏感性较差者(如单胞菌属感染)剂量可增至每天600mg，分3次服 (1)呼吸道感染：每次200mg，每天2次；或每次100mg，每天3次 疗程为7～14天；(2)急性单纯性下尿路感染：每次100mg，每天2次，疗程5～7天；(3)复杂性尿路感染：每次200mg，每天2次；或每次100mg，每天3次 疗程10～14天；(4)细菌性前列腺炎：每次200mg，每天2次，疗程6周 ,
苄非西林,
瑞捷,
本药必须每日使用(即使无症状时)，不可突然中断。用药期间应定期评估，使本药保持最佳剂量。如仍需使用短效支气管扩张剂缓解哮喘症状，提示本药对哮喘的控制尚不理想。,
慎用：(1)肾功能受损者；(2)对万古霉素过敏者。,
塞曲司特颗粒(1)40mg。(2)80mg。贮法：室温、遮光，密闭保存。塞曲司特片40mg。贮法：室温，密封保存。,
交叉过敏：(1)对一种磺胺类药过敏者对其他磺胺类药也可能过敏；(2)对呋塞米、砜类、噻嗪类利尿药、磺脲类、碳酸酐酶抑制剂过敏者，对磺胺类药也可能过敏。,
依托泊甙,
麦加乐杏,
奥泽格瑞,
肺通气显像：患者坐位，吸入气溶胶5～8min，气溶胶的雾化需控制氧气流速8～10L/8min，然后患者于大视野γ照相机探头下，常规取前、后、左后、右后、左侧、右侧、后倾位显像，每个体位计数4×105。70kg成人静脉注射740MBq(20mCi)99mTc-DTPA后，辐射吸收量为肾脏4400μGy(0.44rad)全身1500μGy(0.15rad)；膀胱壁：2.4h排尿28000μGy(2.8rads)；4h排尿56000μGy(5.6rads)。,
吸入剂：0.2ml。,
银杏叶注射剂,
慎用：(1)动脉硬化患者；(2)肝肾功能不全者；(3)呼吸功能不良者；(4)脊髓和脑性共济失调者。,
Carboplatinum,
交叉过敏：本药与头孢菌素药有交叉过敏。,
Colistinmethate,
口服：每次9g，每天2次，饭前服。,
芦山霉素,
盐酸片剂：10mg，20mg。,
对青霉素过敏者慎用。患有皮疹、哮喘、肾功能不全者慎用。孕妇及哺乳妇女慎用。用药期间同时饮酒者可出现双硫醒样反应。为预防出血的发生，应同时每周2次给予维生素K口服，每次10mg，每天3次，凡用药超过每天4g，疗程长于3天者应注意发生出血反应的可能，并做出血时间及凝血酶原时间测定。静注速度宜缓慢。本品溶解后在室温保存下不得超过24h，低温下不得超过72h。,
本药可与肾上腺素交替使用，但不能同时应用，交替使用时须待前药作用消失后才可用后药。1,
本品禁用于高度房室传导阻滞、严重心动过缓和心力衰竭、严重哮喘、肾功能不全和有雷诺现象患者。,
罗吉他霉素,
莱利青,
药物对妊娠的影响：美洛西林能通过胎盘，并在脐带血和羊水中有较低的浓度。动物实验未发现美洛西林及舒巴坦有生育力损伤和对胎儿的毒性；但对孕妇尚无充分和严格的临床研究资料，妊娠期使用本药应权衡利弊。,
"口服，一次4g,一天3～4次。",
美酚伪麻片，片剂：含氢溴酸右美沙酚15mg、盐酸伪麻黄碱30mg、愈创甘油醚100mg；,
慎用：(1)肝、肾功能减退者；(2)有中枢神经系统疾患史者；(3)有抽搐或癫痫病史者：(4)老年人；(5)儿童。,
口服：根据不同病人和病情需要，每日5mg～60mg，分次口服。本品半衰期中等，因此可用作隔日用药，即把2天的剂量作为单剂量，于早上8时1次服用，每隔1日用药1次，这样可避免抑制下丘脑-垂体轴分泌而导致肾上腺萎缩。,
Gentamycin/Trimethoprim,
盐酸氯林可霉素,
化合物-E,
沙严隆,
氨苄-邻氯青霉素钠,
硫咪哌隆,
氟莫克西钠,
BMY-28142,
酚间羟异丙肾上腺素,
头孢他啶五水化物,
优福定,
Rosamicin,
本品连续输注不可超过24h。,
Human Immune SerumGlobulin,
本品使水钠潴留和水肿加重，不能降低总死亡率，并使心力衰竭症状加重。,
注射剂。,
斯宝力克,
片剂：100mg；,
注射剂：2mg(2000U)；10mg(10000U)。,
口服，每次80mg，每日3次。必要时，可增至160mg，每日3次。,
纳所康,
慎用：(1)本品能增加心血管血栓栓塞事件的发生率，有明显心血管病史患者慎用。(2)本品生殖毒性分级为C，孕妇慎用。,
吸入：每次0.1～0.2ml。,
得宝松注射液(Diprospan)：1ml(二丙酸倍他米松5mg，倍他米松磷酸二钠2mg)。,
Aclovate,
Cefobutazine,
厌氧菌感染,
药物对哺乳的影响：本药可能引起泌乳的减少。,
纳拉曲坦,
6059-S,
羟甲叔丁肾上腺素,
赛锋,
密封，避光保存。,
苯氧甲基盘尼西林钾,
Acetylspiramycinum,
去氟烷,
成人:(1)口服给药：①衣原体引起的尿道炎或宫颈炎:每天1次，每次1g。②其他感染:第1天，500mg顿服，第2～5天，每天250mg～500mg顿服，连服5天。(2)静脉滴注：每次0.5g，每天1次，连续用药2～3。(3)肾功能不全时剂量：轻度肾功能不全患者(肌酐清除率大于每分钟40ml)不需作剂量调整。,
Alimta,
美舒咳,
Dyphylline,
Hydroprednisone,
将本品倒入杯内，然后倒入半杯(约50ml)80℃左右温开水中溶化，即可饮用。成人：首日每次3包，每日3次，以后每次2包，每日3次。儿童：2～5岁，每次1/4～1/2包，每日4次；8～12岁，每次1包，每日3次。,
氟甲孕松,
Nedocromil Sodium,
儿童：(1)静脉注射：试验剂量：方法同成人；(2)静脉滴注：体外循环心脏直视手术中及术后减少渗血：每次150万～200万KU，在体外循环前全量1次性加入预充液中；(3)静脉泵入：用于止血：患者仰卧(因偶有全身性过敏反应)，每天按2万KU/kg给药。为防止过敏反应，先给小剂量1万kU，观察至少10min，尤其是对那些再次使用或怀疑以前已经接触过抑肽酶的患者，如果给予小剂量后没有过敏反应发生，再给予其余治疗量。,
6-O-Methylerythromycin A,
红丝霉素,
麻疹,
金水宝胶囊,
对合并急性感染者禁用或慎用，慢性感染患者应慎用或注意配合其他药物治疗。,
儿童：(1)口服给药：①治疗细菌感染：2个月以上小儿，体重40kg以下时，每次(SMZ：20～30mg/kg，TMP：4～6mg/kg)，每天2次；体重大于40kg的小儿剂量同成人常用量；②治疗寄生虫感染如卡氏肺孢子虫肺炎：2个月以上小儿，体重小于32kg时，每次(SMZ：18.75mg/kg，TMP：3.75～5mg/kg)，每天4次；体重大于32kg的小儿剂量同成人常用量。(2)静脉滴注：①对2个月以上小儿治疗剂量参照成人常用量按体重计算；②对2个月以下婴儿及新生儿不宜应用本药。(3)肾功能不全时剂量：肾功能损害患儿需根据肌酐清除率调整用药剂量(肌酐清除率每分钟为20～30ml时，使用1/2正常剂量；每分钟小于20ml时，禁用)。,
亚胺培南-西拉司丁钠,
玉屏风丸,
药物对哺乳的影响：本药能分泌入乳汁，应慎用。,
与激素类药一致。,
Gamma Seroglobulin,
口服：每次1～3mg，每日3～4次。,
大剂量使用对呼吸中枢有一定的抑制作用。,
华素片,
使用本品时，注意观察不良反应。,
成人常规剂量：静脉滴注：一次10mg，溶于5%葡萄糖注射液500ml中静脉滴注2h，一日1～2次。根据病情适当增减剂量。,
肌内注射：结核病治疗剂量同口服。,
红霉乙酰琥珀酸酯,
溶液：100ml/瓶。,
Vecuronium Bromide,
用药后如出现间质性肺炎及相关症状(如发热、咳嗽、呼吸困难、胸部X射线异常)，应立即停药，并给予肾上腺皮质激素等对症治疗。,
交叉过敏：对任何一种头孢菌素过敏者对其他头孢菌素类药有可能过敏；对青霉素类、青霉素衍生物或青霉胺过敏者也可能对头孢菌素过敏。,
可文(Corwin),
成人：(1)口服给药：①抗结核：与其他抗结核药合用，每天0.45～0.6g，于早饭前顿服，疗程半年左右。也有使用：体重小于50kg者，每天0.45g；体重大于或等于50kg者，每天0.6g。顿服，疗程视病情而定；②脑膜炎球菌带菌者(无症状)：每天0.6g，顿服，连续4天；③治疗菌痢：每次用本药0.6g加甲氧苄氧嘧啶0.2g。每天2次，服用1～2天。(2)经眼给药：治疗沙眼及结膜炎：用0.1%滴眼剂，每天4～6次。治疗沙眼的疗程为6周。,
重组组织型纤溶酶原激活剂,
苏法抗,
干混悬液:100mg(5ml)，200mg(5ml)；,
Monophylline,
慎用：(1)严重肾功能障碍者；(2)高度过敏性体质、家族有过敏史者；(3)高龄体弱、全身状况差者。,
Q-roxin,
氯米洼库,
氯洁霉素,
尚无儿童患者服用本品的安全性及有效性数据。,
Broncholin,
pholcodine,
注射剂：15mg(1ml)，30mg(2ml)；,
Gelomyrtol,
首次剂量2.5ml/kg(出生体重)(含8%磷脂的混悬液)，气管内给药；12h后视情况需要按1.25ml/kg给药(例如抢救使用气管内插管、接呼吸机和吸氧的婴儿),
用生理盐水稀释成10IU、100IU、1000IU三种稀释液。由10IU稀释液开始注射，如呈阴性，以100IU注射，如仍呈阴性，再以1000IU注射，如仍属阴性，方可判为阴性。注射法：于一侧前臂掌侧皮内注射0.1ml，注射后72小时检查。注射局部有红肿硬块，其纵横直径平均在5mm以上者，即为阳性反应。,
强必林,
BLMA5,
头孢呋辛乙酰氧乙酯,
Cephathiamidine,
头孢氯氨苄,
静脉滴注：成人一般1～2mg加入生理盐水或5%葡萄糖液100ml中，开始滴速为每分钟4～10μg，以后调滴速渐增以达血压理想水平，维持量每分钟2～4μg。对危急病例可用1～2mg稀释到10～20ml，缓慢静脉注射。,
特力士,
依发韦兹,
Ibudilast,
安灭菌,
阿太普酶,
Cefoperazone Sodium,
去甲噻肟头孢菌素,
卫非特,
口服：用于控制口腔、咽喉、食管的白色念珠菌病和曲菌性侵入疾病，每次200mg，每天2次。,
药物对哺乳的影响：尚不知局部使用糖皮质激素是否可以从乳汁中排出。对于哺乳期妇女使用本药仍需考虑停止哺乳或停止用药。,
药物对儿童的影响：(1)由于药物可沉淀在呼吸器上，妨碍安全、有效地通气，因此施行辅助呼吸的婴儿不应采用本药气雾剂。,
卡巴可,
咽喉痛,
Leflox,
洁霉素,
愈酚待因,
在本品输液过程中应准备必要的药物治疗可能发生的严重的输液反应。,
儿童:(1)肌内注射：1月龄以上患儿，每天8～16mg/kg；重症感染，每天15～25mg/kg；极严重感染，可增加至25～40mg/kg。每天分3～4次给药；(2)静脉滴注：剂量同肌内注射。,
Q-35,
其他：本品含有马兜铃科植物细辛，应在医师指导下服用，定期复查肾功能。,
先锋美他唑,
氯哌丁,
肺功能检查及器官血流测定：静脉注射，18.5～37MBq(0.5～1mGi)。,
阿桔胶囊,
玉屏风口服液,
轻微头痛,
无菌头孢三嗪,
t-PA,
两性霉素B脂质复合物,
红霉素11,
Spelear,
Flunisolide,
甲氧桂氨酸,
头孢氨噻三嗪,
Ofloxacin,
Amphocil,
6-甲强的松龙,
银杏达莫,
臭菜注射剂,
盐酸清舒地尔,
BenzathinumBenzylpenicillinum,
6%。间质性肺病包括局限性肺炎、间质性肺炎、闭塞性细支气管炎、肺纤维化、急性呼吸窘迫综合征和肺浸润。在开始埃罗替尼治疗5天到9个月(中位47天)可出现症状。大多数的病例与联合化疗或既往化放疗、存在右肺实质病变、转移性肺病变或肺部感染有关。当出现急性进展且无法解释的一些症状时，如呼吸困难、咳嗽合发热时，应暂停治疗以待诊断性评价。如果确诊为间质性肺病，应停用埃罗替尼并给予必要的处理。当出现以下症状或体征时，患者应就医：严重或持续的腹泻、恶心、呕吐、食欲差；出现难以解释的气促或咳嗽，或以上表现进行性加重；眼部刺激症状。,
舒氨西林,
噻吗氧酰胺菌素,
Heparine Calcium,
慎用：(1)过敏史。(2)充血性心力衰竭。(3)糖尿病。(4)肺气肿或非过敏性支气管炎。(5)肝功能不全。(6)甲状腺功能低下。(7)雷诺综合征或其他周围血管疾病。(8)肾功能减退。(9)妊娠及哺乳期妇女。,
吸入气雾剂，一次喷3～5下，一天3次。或遵医嘱。,
托普霉素,
皮下、肌内注射或静脉注射：每次0.25～0.5g，必要时1～2h重复1次，极量每次1.25g；6个月～1岁小儿每次75mg ,
因本品有免疫抑制作用，用药期中，避免使用活病毒疫苗。,
片剂：6mg，30mg。,
服药期间忌食辛辣燥热食物。咳嗽属寒症者忌服。,
IRC,
静注速度应缓慢，以免导致血管肿胀或疼痛。,
棒酸钾,
注射剂：1.0mg/ml；2.5mg/ml；5.0mg/ml；10.0mg/ml。,
Ticarpen,
麦地霉素,
力朴素,
诊断重症肌无力可给予0.004～0.033mg/kg，如用药后明显的肌无力症状持续存在，应给予拮抗药。严密观察可能出现的呼吸抑制。,
苯甲异恶唑青霉素,
Pummadil,
本品是一种高浓度溶液，不可直接输注。在输注前，必须与可配伍的氨基酸溶液或含有氨基酸的输液相混合，然后与载体溶液一起输注。1体积的本品应与至少5体积的载体溶液混合(例如：100ml本品应加入至少500ml载体溶液)，混合液体中本品的最大浓度不应超过3.5%。剂量根据分解代谢的程度和氨基酸的需要量而定。胃肠外营养每天供给氨基酸的最大剂量为2g/kg体重，通过本品供给的氨基酸和谷氨酰胺量应计算在内，通过本品供给的氨基酸量不应超过全部氨基酸供给量的20%。每天剂量：1.5～2.0ml/kg体重，相当于0.3～0.4gN(2)-L-丙氨酰-L-谷氨酰胺/kg体重(例如：70kg体重病人每天需100～140ml本品)。每日最大剂量：2.0ml/kg体重。加入载体溶液时，用量的调整：①当氨基酸需要量为1.5g/kg体重/天时：其中1.2g氨基酸由载体溶液提供，0.3g氨基酸由本品提供。②当氨基酸需要量为2g/kg体重/天时：其中1.6g氨基酸由载体溶液提供，0.4g氨基酸由本品提供。③输注速度依载体溶液而定，但不应超过0.1g氨基酸/kg体重/小时。本品连续使用时间不应超过3周。,
新灭菌,
药物对儿童的影响：目前尚缺乏使用30%注射液的经验。婴儿对脂肪清除能力差，脂肪可能聚积于肺而致婴儿死亡。新生儿和未成熟儿(伴有高胆红素血症)用药应谨慎。,
注射用喷他脒：0.2g。,
Ospolot,
益多斯太因,
大面积或长期使用，若有激素类不良反应，应停用。,
若本疫苗用于正接受免疫抑制性治疗的患者，可能无法获得预期的抗体效果。皮下注射可能会造成严重局部反应。,
对于药物性皮炎、荨麻疹、支气管哮喘等过敏性疾病，可给予泼尼松每天20～40mg，待症状减轻后开始减量，每隔1～2天，减少5mg。,
海伦,
注射剂：40mg。,
复方康纳乐,
Norcuron,
膏剂：复方甘草合剂（棕色合剂）：每10ml含甘草流浸膏1.2ml、复方樟脑酊1.2ml、酒石酸锑钾2.4ml、亚硝酸乙酯醑0.3ml、甘油1.2ml；,
最好于注射前进行皮试，过敏体质者慎用。,
复方甘草合剂,
磺胺二甲异噁唑,
1.75mg/m2加入5%葡萄糖或生理盐水250ml，静脉滴注1h，每3周重复一次，联合用药时剂量酌减。,
Potassium Guaiacolsulfonate and Codeine Phosphate,
猛利,
利瓦斯汀,
气雾剂（喷鼻用）：25μg，250μg。,
成人静脉给药：每天1～2g，分2次用药。重症:每天4g，分2～4次用药。,
Cefroxadinum,
本品按第二类精神药品管理。本品可降低血压。长期应用可引起依赖性。,
Eryc,
克必力,
忌烟、酒及生冷、辛辣、油腻食物。,
达先,
Bricanyl,
注射剂：0.5g，1g。,
爱可松,
Cefuroxime Sodium,
静滴有致呼吸道梗阻者。,
Partusisten,
Nasonex,
Seretide,
苯氧甲基青霉素,
西迪林,
二性霉素B,
成人：(1)一般感染：每天400mg，可单次或分2次服用；(2)单纯性淋病：宜用400mg单剂疗法；(3)化脓性链球菌感染：每天400mg，可单次或分2次服用，疗程至少10天；(4)肾功能不全时剂量：肾功能障碍者，需根据肌酐清除率调整用药剂量。肌酐清除率为每分钟21～60ml并进行血液透析者，给予标准剂量的75%，即每天给药300mg；肌酐清除率每分钟≤20ml并进行腹膜透析者，给予标准剂量的50%，即每天给药200mg。,
合用卤化吸入全麻药时，本品应适当减量。,
氟洛沙星,
FL-1060,
具有呼吸功能不全的患者，有可能引起呼吸抑制。,
注射剂(粉)：100mg，15mg。,
速松定,
佐本能,
Dalacine,
呼吸道感染、尿路感染(单纯性或复杂性)和妇产科感染：每日1～2次，每次100～400mg，呼吸道感染及尿路感染用药3～14日，妇产科感染用药3～9日 ,
溶栓过程中，若发生未完全溶解的血栓脱落，应继续溶栓使栓子溶解 ,
用药前后和期间应监测有无气道堵塞及呼吸性酸中毒。,
出现血压升高、震颤时应及时停药 ,
Celfuron,
卡达西林,
莫美达松,
广林,
Etafillina,
Pyrazinamide,
药物对妊娠的影响：本药在孕妇中的用药安全性尚未确定，应慎用。,
倍他米松片：0.5mg；,
Clorprenaline,
Serevent,
头孢氨噻醚酯,
药物对哺乳的影响：美洛西林可少量经乳汁分泌，哺乳妇女用药应谨慎。,
Neotigason,
药物对妊娠的影响：抗炎药可阻滞子宫收缩和延迟分娩，并可引起宫内动脉导管收缩和闭锁，导致新生儿肺动脉高压和呼吸功能不全，还可降低胎儿血小板功能和抑制胎儿肾功能，导致羊水过少和新生儿无尿症，故妊娠晚期妇女禁用。,
Scoline,
胡椒喘定,
不宜用于12岁以下儿童。,
诺卡菌病,
Grepafloxacin,
长期接受肾上腺皮质激素治疗的患者，因服用本品而减量服用肾上腺皮质激素时，应逐渐减量，一旦中止服用本品，哮喘可能再度发作。,
本品不能肌内注射。1,
头孢Ⅵ号,
孕妇用药，须在病情十分需要，并由临床医生仔细斟酌后确定。,
年老体弱者慎用。,
咳喘停,
红霉素硫酸月桂酸酯,
交叉过敏:对一种头孢菌素类药过敏者对其他头孢菌素类药也可能过敏；对青霉素类、青霉素衍生物或青霉胺过敏者也可能对头孢菌素类药过敏。,
Nebramycin,
不适于支气管哮喘的急性抢救，妊娠期慎用。治疗中一定要用满疗程，否则有可能会影响疗效。,
静脉输注复方电解质注射液可能会导致血清电解质浓度降低、体内水分过多、充血、肺水肿。,
安瑞纳韦,
使用本品疗程一般不超过14日，在使用本品过程中出现任何肝功能不全的临床表现(如疲劳、厌食、胃痛伴恶心呕吐、皮肤及巩膜发黄、尿色加深)，应立即停药并检测肝功能。1,
1ml皮下注射，半小时后，丘疹直径应＜10mm，若＞10mm，应该减量治疗5～10次后再按上述剂量注射。,
Locoid Lipocream,
胺甲环烯头孢菌素,
Biocodein,
应用本品治疗咳嗽无效，不可再增加剂量，应及时看医生寻找原因。1,
口服与静脉滴注的剂量相同。每次600mg，每12小时1次，依病情连用10～28天。,
肌内注射、静脉注射或静脉滴注，剂量按复方总剂量计，成人剂量，每天4～8g，分2～4次注射。2岁以上儿童剂量减半。,
静脉注射：每次8mg。,
肾功能不全时剂量:给予首次饱和剂量后，应减量给药。,
烯丙哌三嗪,
口服，应与其他抗病毒药合用。,
有碘过敏史者慎用。应做相应的碘过敏试验。,
Isoproterenol,
ONO802,
Verrublen,
抗生素414,
磺胺增效剂,
每次0.5～1.5g，每天2次，单用或与糖皮质激素合用。,
口服：每天1～2mg。,
福爱力,
成人每次0.5～1g，每天2次。最大剂量为每天4g。,
西地兰D,
青光眼患者忌用。孕妇及前列腺炎患者慎用。对本药过敏者禁用。,
使用要注意，阴虚阳亢头痛，肺燥伤阴干咳者忌用。少数病人有恶心、口干、头昏，心慌等不良反应。,
成人：(1)肌内注射：①单纯性尿路感染:每12小时0.2g。②其他全身感染:每8小时5mg/kg，或每12小时7.5mg/kg。每天不超过1.5g，疗程不超过10天。③烧伤合并感染的治疗:每次5～7.5mg/kg，每6小时1次。(2)静脉滴注：用量同肌内注射。(3)肾功能不全时剂量:肾功能不全者，给予首次饱和量(7.5mg/kg)后，根据肌酐清除率调整剂量。可以每次剂量不变，延长给药间期；或给药间期不变，减少每次剂量。,
Bitoterol,
中性粒细胞减少症,
罗塞秦,
Ermycin,
新福欣,
肠穿孔,
小儿用法：静脉注射、深部肌内注射，每次0.3～0.6mg/kg，每天或隔日1次，最大疗程总量小于300mg。,
注射剂(粉)：1.5mg。,
先锋霉素18号,
爱诺天健,
可见厌食、腹泻及呕吐，严重者可出现消化性溃疡、间质性肺炎及脉管炎。也可出现贫血、血小板减少症、高脂血症及高血压。,
1-烯可的松,
注射剂：每支100mg、200mg。,
胃灼热,
先锋Ⅳ号,
Carfecillin Sodium,
本品易引起涎腺分泌增加，可酌用阿托品。,
茶碱片,
Polymyxin E,
来可得,
口腔吸入：每次500～1000μg，每天2次。,
Surlid,
Maxipime,
唐西灵,
皮下给药(1)过敏性哮喘：皮肤试验阳性或常年气源性致敏原体外反应阳性、吸入糖皮质激素不能完全控制症状的中至重度常年性哮喘，推荐用量为每次150～375mg，每2～4周1次。(2)过敏性鼻炎：①常年性：每次16μg/kg(按血清IgE的U/ml计)，每4周皮下注射1～2次。②季节性：每次150～300mg，每3～4周1次，给药次数根据血清总IgE而定(IgE水平在150U/ml以上时，每3周用药1次；IgE水平为30～150U/ml时，每4周用药1次)。,
君刻单,
罗西佛宁,
肾功能不全时剂量：肾功能损害者推荐剂量为:肌酐清除率大于每分钟30ml者，每8小时3.2g；肌酐清除率为每分钟10～13ml者，每8小时1.6g；肌酐清除率小于每分钟10ml者，每16小时1.6g。,
有必要可放2～8℃冰箱中保存24h。2～8℃冷藏。用特制注射用水稀释后，因含防腐剂可以在冰箱中稳定保存28天。不能把稀释后的溶液冷冻保存。有效期3年。,
本品对光不稳定，滴注时应避光。,
注射剂：5mg/5ml。,
Cravit,
小青龙口服液,
硫酸卡那霉素注射剂(含单卡那霉素):500mg(2ml)。,
盐酸瑞芬太尼,
Oriconazole,
依木兰,
脂质体两性霉素,
Azlocillin,
参芪十一味颗粒,
玉屏风颗粒,
肌内注射：每次1～2g，每12小时1次。单纯性淋球菌尿道炎推荐剂量为单剂500mg。,
新治菌,
匹莱霉素,
Bacampicillinum,
伟邦,
儿童每次25μg，每天2次。,
使用前用5ml注射用水溶解，此溶液应在4h内应用(存放温度2～8℃)。静注按体表面积一次50mg/m2计，再次使用时应待血液毒性或其他临床副作用完全恢复，推荐应用间隔为3周。如副作用恢复较慢，可延长使用间隔。用药的持续时间：治疗持续时间应根据肿瘤反应而定。最少应使用2个疗程。如肿瘤开始缩小，可继续进行治疗，总数可达6个疗程。如使用后发生严重的副作用，应减小剂量至40mg/m2。,
氯林可霉素磷酸酯,
慎用：对过敏性体质和哮喘患者慎用。对已有脱水、少尿、休克和肾功能中度不良者禁用或慎用。,
静滴：每次40～100ml(用5%葡萄糖注射液稀释)，每天2次，疗程3～14天。,
硝呋妥英,
新生儿肺动脉高压：静脉滴注，1～2mg/kg，时间在10分钟以上，以后1～2mg/(kg·h)。若有尿量减少，应减少维持量。,
噻乙氨唑头孢菌素,
安立新,
Kedacillin,
Cetiazole,
Cifran,
交叉过敏:对一种头孢菌素过敏者对其他头孢菌素类药也可能过敏；对青霉素类、青霉素衍生物或青霉胺过敏者也可能对头孢菌素过敏。,
肌注。1．预防高危儿童呼吸道合胞病毒感染常在病毒流行季节给药，第一次给药多在流行开始之前(通常为11月初)，一次15mg/kg，1个月1次，最多可给药5次。2．施行心肺分流术的患儿由于心肺分流术后本品血药浓度可下降约58%，术后应给药以维持有效血药浓度。,
药物对儿童的影响：(1)新生儿血浆清除率可降低，致血药浓度增加。(2)12岁以下儿童服用本药的安全性、有效性尚不确定。,
喘孝定,
患有冠心病、心功能不全、高血压、甲亢、糖尿病者慎用。,
气雾吸人。平喘：每次1～2喷(含本药30～60μg)，每日3次。治疗鼻炎：每侧鼻孔喷一下，每日3次。,
石甲吗喃,
Alcaine,
Medemycin,
舒利迭,
CefatothinSodium,
儿童：以头孢氨苄的剂量作为参考，25～50mg/(kg·d)，分3～4次服用。,
气雾剂：0.5%溶液。,
Baxan,
Agristrep,
愈咳糖浆,
SMPZ,
羟甲异丁肾,
同其他肾上腺皮质激素类一样，用于败血症休克疗效不确切，而且可能增加患者病死率。,
用药前后及用药时应当检查或监测：使用本药时应监测血钾浓度。,
口服。成人：每次1～2片，每日3次。儿童：6个月以下，每6h1次，每次2～3mg/kg(发育不良儿童剂量不应超过1.5mg/kg)；6个月～4岁，每6h1次，每次3～4mg/kg；4岁以上，每6h1次，每次4.5mg/kg。不同年龄儿童对本品的清除率不同，以上用量供参考，应据年龄、体重等调节用量。,
注射剂(粉)：1g。,
注射剂：600mg(4ml)，300mg(2ml)；,
甘罗溴铵,
头孢哌酮钠-舒巴坦钠,
一般口服4～8mg，3次/d。,
肌内或静脉注射给药：成人每次0.5～1g，每天3～4次，每天剂量不得超过4g；儿童每天25～50mg/kg，每天3～4次。,
溴丁东碱,
毛花甙C,
儿童常规剂量：经口吸入给药：(1)吸入剂：①对12岁及12岁以上的青少年：同成人用法与用量。②对4-12岁儿童：一次1吸(以沙美特罗计50μg)，一日2次；如病情控制，对需长效β2受体激动剂的患儿，可逐渐减量至一日1次。根据常于夜间或日间出现症状的不同，应分别于晚上或早晨用药。(2)气雾剂：对12岁及12岁以上的青少年：同成人用法与用量。,
百合固金口服液,
Amikacin,
阿米三嗪-萝巴新,
Cefodizime,
Rifampin,
片剂：每片重0.35g。,
普西兰,
必可酮,
复方磺胺甲基异噁唑,
津恤力,
泰星,
制霉菌素/硫酸新霉素/短杆菌肽/曲安奈德,
静脉注射：用于麻醉前给药，静注0.2～0.4mg。,
Penicillin,
Raplon,
Abbokinase,
美力泰,
R-5121,
头孢噻乙唑,
泰洛其,
Navelbine,
开搏通,
口服：成人开始10～15mg，每晚睡前服，可视情况逐渐增加剂量；6岁以上儿童每次5～10mg，1次/d。,
静脉全麻药,
呼吸功能不全患者慎用。,
Unospaston,
Hextol,
己雷锁辛,
吸入粉针剂量应注意避免喷嚏。不应吸入过猛、过多、过深，否则会引起咽喉发紧、气短、气闷、胸痛、咳嗽，甚至腹胀痛等。,
为预防过敏反应的发生，用药前应详细询问患者过敏史，并进行皮肤过敏试验。,
慎用：(1)过敏史；(2)充血性心力衰竭；(3)糖尿病；(4)肺气肿或非过敏性支气管炎；(5)肝功能不全；(6)甲状腺功能低下；(7)雷诺综合征或其他周围血管疾病；(8)肾功能减退；(9)妊娠及哺乳期妇女。,
煎膏剂：75ml，100ml。,
片剂：250mg。,
疱疹,
片剂：15mg，30mg；,
福仑,
输注速度不可过快，也不可进行静脉注射。,
Nafamostat Mesilate,
Carumonam,
Norxin,
二苯哌丙烷,
Benproperine,
Sevoflurane,
Vancomycin HCl,
胺碘达隆,
过敏体质者慎用。,
片剂；散剂每匙0.2g。,
以下患者慎用：(1)左心室收缩功能障碍者。(2)支气管痉挛患者。(3)未能良好控制的糖尿病患者。(4)低血压患者。(5)严重血液病，肝、肾功能不全者。(6)末梢循环障碍如坏疽、雷诺综合征、间歇性跛行等患者。(7)出血量多者，有脱水症状者。(8)老年患者，孕妇或育龄妇女，早产儿、新生儿、幼儿或儿童。,
缩酮青霉素,
口服：儿童每次0.5～1mg/kg，成人每次15～30mg，每天3次，最大极量每次为100mg，每天为250mg；糖浆剂12岁以上儿童及成人每次10ml，每天3次，24h不得超过30ml；6～12岁儿童每次5ml，每天3次，24h不得超过15ml；2～6岁每次2.5ml，每天3次，24h内不得超过7.5ml；或遵医嘱。,
Monaspor,
交叉过敏：对一种头孢菌素过敏者对其他头孢菌素也可能过敏；对青霉素类、青霉素衍生物或青霉胺过敏者也可能对头孢菌素过敏。,
达净磺胺,
司敏乐,
颗粒剂：每袋3g。胶囊剂：每粒装0.25g。,
口服给药：(1)下呼吸道感染：每次300mg，每天2次，疗程7～14天；(2)急性单纯性下尿路感染：每次200mg，每天2次，疗程5～7天；(3)复杂性尿路感染：每次200mg，每天2次，疗程10～14天；(4)细菌性前列腺炎：每次300mg，每天2次，疗程6周；(5)衣原体宫颈炎或尿道炎：每次300mg，每天2次，疗程7～14天；(6)单纯性淋病：单剂口服400mg；(7)伤寒：每次300mg，每天2次，疗程10～14天；为控制伤寒反复感染：每天50mg，连用3～6个月；(8)铜绿假单胞菌感染或重度感染：每次400mg，每天2次；(9)抗结核：每天300mg，顿服。,
枢维新,
无菌盐酸万古霉素,
Injectio Dermatophagoides farina,
Cefditoren pivoxil,
与肾上腺素类和其他交感性支气管扩张剂合用时，可导致不良反应明显增加。与某些可能影响肾功能或肝微粒体酶的药物合用时须谨慎，如西咪替丁及某些大环内酯类抗生素。,
CMZ,
里拉通,
安必欣,
叠氮西林,
头孢曲嗪,
异尔醚,
Butamirate,
慎用：(1)孕妇及哺乳期妇女；(2)新生儿；(3)有哮喘、湿疹、枯草热、荨麻疹等过敏性疾病史者；(4)肝、肾功能严重损害者；(5)老年患者。,
胶囊：100mg，200mg；,
仙乃乐,
磺胺甲噁唑/甲氧苄啶,
Imipenem/Cilastatin,
Doxofylline,
对本品过敏者禁用。,
静脉注射邻碘[131I]马尿酸钠185～370KBq(5～10μCi)用肾图仪共描记15～20min，病人无需准备。,
肾功能不全患者用药剂量调整方案：肌酐清除率每分钟80～50ml，每6小时0.5～2g；每分钟50～10ml，每8小时0.5～2g；小于每分钟10ml，每12小时0.5～2g。,
用药过量时应立即停药，给予催吐、洗胃等处理，并给予对症治疗。,
本药不能作肌内、皮下或鞘内注射。国外资料提示，必须直接注入静脉或者通过埋在静脉内的导管注入，一次注射约1min。静脉注射时如药液漏出血管外，应立即停止注射，以氯化钠注射液稀释局部，或以1%普鲁卡因注射液局部封闭，温湿敷或冷敷。如果皮肤破溃则按溃疡常规方法处理。,
安搏律定,
固尔苏,
溴己卡巴可,
与肾上腺素、异丙肾上腺素合用易致心律失常，故应避免合用。,
有下列情况者慎用：老年患者、慢性呼吸道疾患或肺部放疗及肺功能不佳者。,
长期使用(超过52周)的疗效不确切。,
交叉过敏：(1)对一种磺胺药过敏者对其他磺胺药也可能过敏；(2)对呋塞米、砜类、噻嗪类利尿药、磺脲类、碳酸酐酶抑制剂过敏者，对磺胺药也可能过敏。,
慎用：(1)脑血管疾病者；(2)高血压患者；(3)急性心包炎患者；(4)严重肝功能障碍者；(5)感染性血栓性静脉炎患者；(6)高龄(年龄大于75岁)患者；(7)正在口服抗凝药的患者；(8)活动性经期出血者。,
循环系统药物,
双硫唑甲氧头孢菌素,
口服，200mg/次或300mg/次，3次/d。,
磺苄青霉素钠,
静息显像：推荐成人一次用量为370～740MBq(10～20mCi)，注射后3min采集，采集时间15～20min。,
肌内注射或静脉给药：2～20mg/d；遵医嘱(长效糖皮质激素)。,
头孢噻乙氨唑,
Benzylpenicillin G,
胶囊剂：成人3粒，2次/d，与食物同服。,
使用前，在振摇时发现漂浮物或产生浑浊现象，则不得使用。,
口服：(1)片剂：饭后吞服：①成人及10岁以上少年儿童，每天3次，每次30mg；②5～10岁儿童：每天3次，每次15mg；③长期治疗可减少为每天2次。(2)溶液剂：成人及12岁以上儿童：每次10ml，用量随年龄递减而减少。应于饭前服。,
Levarterenol,
双丹口服液,
对青霉素类抗生素过敏者。,
阿弗林,
新青Ⅱ号,
托米仑,
慎用：(1)青霉素过敏者；(2)幼儿、妊娠及哺乳期妇女。,
解痉及抑制分泌用：口服，每次0.3～0.6mg，每天3次；极量每次1mg，每天3mg，饭前服。小儿每次0.01mg/kg。皮下注射或肌内注射，每次0.3～0.5mg，每天0.5～3mg；一次极量2mg；小儿同口服。,
抗代谢药,
龋齿患者使用本品更易引起口干。,
Berotec,
红霉素丙酸酯十二烷基硫酸盐,
孕妇、支气管哮喘、有变态反应史者以及老年人慎用。,
庆大霉素氟米龙,
用药期间及其后5天内避免饮用含酒精饮料。,
D-19466,
Traceva,
沃克拉丁,
Carboplatine,
本品抑制咳嗽，术后服用本品应严密监护，尤其是肺病患者。,
本药不能解除哮喘急性发作时的支气管痉挛，在急性发作期间，常与其他治疗哮喘药物合并使用。,
儿童：(1)静脉注射：每天30～60mg/kg，每天量分4次静脉注射。(2)静脉滴注：每天30～60mg/kg，每天量分2～4次静脉滴注。,
酰胺醇类和其他,
交叉过敏：对一种头孢菌素过敏者对其他头孢菌素类药也可能过敏。对青霉素类、青霉素衍生物过敏者也可能对头孢菌素过敏。,
ium Cromoglycate,
有胃肠道溃疡性出血史者，高度过敏性体质者。,
叔丁肾上腺素双甲苯酸酯,
可利迈仙,
片剂：200mg；,
交叉过敏：对一种头孢菌素过敏者对其他头孢菌素也可能过敏；对青霉素类、青霉素衍生物过敏者也可能对头孢菌素过敏。,
单次给药个别患者有一过性心律失常或心前区闷痛，呼吸、血压、体重给药前后无改变，血常规、尿常规、便常规＋潜血、肝功能、肾功能等项检查，均在正常范围之内，试验前后无显著差异，连续28天给药后除个别患者有一过性心律失常或心前区闷痛外，呼吸、血压、体重给药前后无改变，血常规、尿常规、便常规＋潜血、肝功能、肾功能等项检查，均在正常范围之内，试验前后无显著差异。本品虽然可以单独应用但有效率较低，提高剂量也未能提高疗效。重组人血管内皮抑制素注射液与NP方案联合治疗非小细胞肺癌具有协同作用，且不增加NP的不良反应。本品与NP联合是一安全、有效的晚期非小细胞肺癌治疗方案。2～8℃避光保存。,
Aerrane,
Baypen,
静脉复合麻醉：首次剂量可达0.2～0.3mg，总剂量可达0.5～2mg。,
Baynas,
严重肝功能不全、肾功能不全的患者慎用。,
麻醉结束后，常发生通气不足，故手术结束前1h不宜再用。重复应用时，一般每公斤体重不宜超过40μg。,
Vaccae,
Oraspon,
成人每日0.5～4g，儿童每日20～80mg/kg，分1～2次静脉给药或肌内注射。重症感染，剂量可按医嘱适当增加。注射液的配制，具体如下。,
Rizaben,
肺囊性纤维化,
利菌沙,
本疫苗不可直接注入血管，也要避免注射于皮肤中。所有的注射剂均需在使用前以眼睛检视其溶液及瓶内是否有异物或变色。,
胞必佳,
肌注：用于淋球菌感染，单剂量300mg肌注。用于其他感染，成人每天量3mg/kg，分为3次肌注，疗程不超过7～10天。,
成人，每天1～2g，12小时1次，重症感染可增加至4g，6～12小时1次；,
用药前后及用药时应当检查或监测：(1)血气分析或二氧化碳结合力。(2)血清钠、钾、钙、氯浓度。(3)肾功能(包括血尿素氮、肌酸酐等)。(4)血压。(5)心、肺功能，必要时测定静脉压或中心静脉压。(6)肝功能。,
静脉滴注：每次0.5～1mg，以5%葡萄糖注射剂或0.9%氯化钠注射剂稀释后滴入，每分钟0.5～2μg，根据心率调整滴速。,
匹呋青霉素,
博莱霉素,
舒普深,
曲安西龙双醋酸酯混悬液：125mg(5ml)；200mg(5ml)。,
普鲁沙星,
本品是t-PA制剂中出血的不良反应率较高的新药，尤其是注意脑出血。凡10d内进行过大手术、脏器活检、动脉穿刺、外伤者，及消化道出血、活动性肺结核、或月经期及分娩、流、早产不足10d者、糖尿病性或其他出血性眼病人、严重肝、肾功能损害者均需注意。因此，慎用于65岁以上的老年人。,
Cetirizine Hydrochloride,
间羟叔喘宁,
Ampicillin,
C-225,
没有医师指导，使用本品不能减少其他哮喘药物的剂量或停药。,
本品治疗中应注意观察患者血压、心率、体液平衡、肾功能，必要时调整剂量。,
注射剂(醋酸酯)：1.5mg(1ml)。,
对磺胺胺类过敏者忌用；呼吸功能损害患者慎用；,
胶囊：0.1g。,
沃尔得,
氨茶碱缓释片：100mg；,
施复捷,
Prulifloxacin,
OSI-774,
如果3岁以下儿童前1年曾接种过流感疫苗或患过流感，则接种1剂0.25ml即可。,
赛福隆,
依米达尼,
开启CO2集气剂一瓶，插入一洁净的有防倒流装置的气体导管，导管下端应浸入集气剂液内，受试者通过导管吹气，力度适中以免液体溅出，严禁倒吸。当CO2集气剂由紫红色变为无色时停止吹气。（约1～3min），若超过3min褪色不全，亦停止吹气，此时CO2集气剂饱和，唾液等进入，干扰非水滴定系统而影响变色，但并不影响测试结果。,
吡丁醇,
本品与阿司匹林及其他非甾体抗炎药间可能存在交叉过敏性。故因上述药物引起的支气管痉挛。过敏性鼻炎或荨麻疹的患者不宜使用。,
本品比地诺前列酮较易引起哮喘患者发生支气管痉挛。,
微卡,
Mandol,
肺性脑病,
Loteprednol,
口服。口服液：一次10ml，一天3次。散剂：一次1～2瓶，一天2～3次。胶囊剂：一次1～2粒（大粒）或3～4粒（小粒），一天3次。滴丸剂：口服或舌下含服，一次10丸，一天3次。儿童酌减或遵医嘱。,
胶囊：0.25g，0.5g。,
枇杷止咳胶囊,
对青霉素类有过敏史者慎用。,
Ogostal,
停用2周以上仍想再用者，必须再从小剂量开始，并如上法做皮试。,
肺部疾病患者慎用。,
Normix,
甲巯丙脯酸,
甲醛气体对人有刺激性、毒性。使用时应注意个人防护，作业场所空气中最高允许浓度为5mg/m3。,
Blascorid,
盐酸环丙沙星胶囊：0.2g，0.25g；,
达克地霉素,
口服：每次0.2g，每天3次。,
欣维宁,
克赛,
颗粒剂：每袋4g。,
溴化丁基东莨菪碱,
利林含片,
百多邦,
Riconmycin,
孕妇慎用，早产儿、新生儿的安全性尚未确定。,
1．本品可对心血管系统产生影响，引起心率、血压及其他症状的改变 心脏疾病，特别是冠状动脉功能不全、心律失常、高血压患者慎用 由于本品对心血管系统的影响，正在使用或2周以内停用单胺氧化酶抑制剂或三环类抗抑郁药的患者应慎用 本品妊娠毒性分级为C，孕妇慎用 尚不知本品是否经乳汁分泌，哺乳期妇女应慎用，考虑停止哺乳或停药 2．用药过量可致β-肾上腺素受体激动症状和不良反应症状加重，包括癫痫发作、心绞痛、血压升高或降低、心律不齐、心率加快、心悸、神经过敏、头痛、震颤、口干、恶心、头晕、疲乏、抑郁、失眠、低血钾 发生药物过量时应使用本品拮抗剂(β-肾上腺素受体拮抗剂)和系统治疗 本品不易被透析清除 3．本品可引起矛盾性支气管痉挛(paradoxicalbronchospasm)，开始用药时易发生，应立即停药 4．本品可致哮喘加重，持续几天或更长，应根据病情重新确定给药方案，增加剂量或加用皮质激素 5．对于本品不能控制的哮喘症状，应与抗炎药物同时使用 6．6岁以下儿童用药安全性和疗效尚不清楚 7．老年人用药应从,
Aqupla,
注射剂(粉):0.5g，1g。,
Sulperazon,
依洛前列素,
阿尼链激酶,
昔罗卡因,
氯苯特罗,
阿乐迈,
CT增强：碘普罗胺300，1～2ml/kg体重。,
卟啉病、哮喘持续状态病人禁忌使用。,
片剂：(1.44g依托红霉素约相当于1g红霉素)0.125g；,
遮光，密闭，阴凉处贮存。,
胶囊剂：75mg。,
奥克生太,
苯氧甲青霉素,
优立康唑,
口服：每12小时一次，每次0.2～0.3g，或每24～36小时1次，每次0.4g。,
儿童：(1)肌内注射：1个月以上的婴儿和小儿，每天50～100mg/kg，分3～4次给药。(2)静脉给药：1个月以上的婴儿和小儿，每天50～100mg/kg，分3～4次静脉滴注或静脉注射。,
欧意,
Influenza vaccine,
阿莫新,
克林美,
风寒,
抗敌素,
依他康唑,
Tulobuterol,
比西林,
酚丙喘定,
CFIX,
艾狄密新,
药物对儿童的影响：尚未确定儿童用药的安全性和有效性。,
静脉注射，注药后30～90分钟显像。成人：一次用量为555～1110MBq，体积小于4ml。儿童：酌减。标记后6小时内有效。,
丹红注射剂,
注射用冻干粉针剂：50mg。,
Selexid,
氯哌酰胺,
慎用：(1)处于麻醉(或手术)状态的患者(因心肌抑制)。(2)支气管疾病患者。(3)糖尿病(尤其是Ⅰ型糖尿病)患者(因本药可增强胰岛素诱导的低血糖作用)。(4)甲状腺功能亢进(或甲状腺毒症)患者。(5)肝病患者。(6)肾脏疾病患者。(7)周围血管疾病患者。(8)充血性心力衰竭患者。,
对消化性溃疡、支气管哮喘患者慎用。,
长期局部或大量应用也可出现库欣综合征的表现。并可出现可逆性下丘脑垂体肾上腺轴（HPA）抑制，治疗期间应定期检测HPA功能。如再现皮肤过敏或感染时应停用本药，在用抗生素控制感染后再使用本品。,
Tomiporan,
地衣芽孢杆菌制剂,
室温，密封保存。,
Sulbenicillin Sodium,
片剂：每片含茶碱100mg；,
施福泽,
Xopenex,
Hexalen,
Keflodin,
氧威,
成人常规剂量：(1)口服给药：一次1～2KU，一日1～2次。(2)静脉注射：①一般出血：1～2KU。②紧急出血：立即静脉注射0.25～0.5KU，同时肌内注射1KU。③各类外科手术：手术前晚肌内注射1KU，术前1h肌内注射1KU，术前15min静脉注射1KU，术后3日一日肌内注射1KU。④咯血：每12小时皮下注射1KU，必要时，开始时再加静脉注射1KU，最好加入0.9%氯化钠注射液10ml中混合注射。(3)肌内注射：①一般出血：同静脉注射项。②紧急出血：同静脉注射项。③各类外科手术：同静脉注射项。④异常出血：间隔6h肌内注射1KU，至出血完全停止。(4)皮下注射：①一般出血：同静脉注射项。②咯血：同静脉注射项。(5)局部外用：本药溶液可直接以注射器喷射于血块清除后的创面局部，并酌情以敷料压迫(如拔牙、鼻出血等)。,
西孢克拉瑞,
多西他赛注射液：20mg/0.5ml，20mg/1ml，20mg/2ml，80mg/2ml，80mg/8ml。2～8℃，密闭，遮光贮存。,
静注或静脉滴注：成人每天1～2g，严重感染者可用至每天4g。儿童每天40～80mg/kg，严重者每天120mg/kg，分2次给予。静注时1g用注射用水2ml溶解后再稀释至20ml缓慢静注；静脉滴注时溶于5%葡萄糖注射剂或0.9%氯化钠注射剂100～500ml中静脉滴注。,
孕妇禁用。,
利君派酮,
本品不适用于急性哮喘发作者，应先应用短效的β受体激动剂。,
头孢咪诺钠,
特子社复,
慎用：(1)酒精中毒者；(2)肝功能损害者；(3)婴儿；(4)有精神病、癫痫病史者；(5)孕妇。,
溴化拉帕库铵,
药物对妊娠的影响：尚不明确。,
他格适,
瑞芬太尼粉针剂：1mg/支，2mg/支，5mg/支。,
"每粒含：盐酸甲氧那明12.5mg，氨茶碱25mg，那可丁7mg,马来酸氯苯那敏2mg。商品名：诺尔彤。",
急性期静脉推注负荷剂量：1.5～2μg/kg，然后静脉滴注维持剂量：0.0075～0.01μg/(kg·min)。一般连续静脉滴注24～48h，缓解后改为标准口服药物。,
Vancocin,
今又生,
BNP,
舒血宁注射剂,
口服：每次1匙，每天3次。,
安塞铭,
若必要可在注射18F-FDG前采用指尖采血一次法测定病人血糖。在120mg/dl以下为最佳，若＞150mg/dl，则考虑应用胰岛素。但一般情况尽量不用胰岛素，因为胰岛素会引起肌肉摄取FDG增加，增加本底噪声，对肿瘤病变的检出有一定影响，糖尿病患者血糖水平需稳定至少两天。,
奥复欣,
其他：本品含马兜铃科植物细辛，定期复查肾功能。,
Bidocef,
注射18F-FDG前后，嘱咐病人尽量保持放松体位和静息状态，避免不必要的运动和言谈。,
经口腔吸入：每次5mg，每天2次，连续5天，治疗第1天应使用2倍剂量，2次间隔时间至少为2h，以后使用2次间隔时间为12h。,
Almitrineand Raubasine,
肺念珠菌病,
赖氨酸茶碱片,
静脉滴注，本品用量一般一天5～10mg，连续5～14天，具体用法用量由医生酌情掌握。,
信德妥,
特泯菌,
甲苯磺酸舒他西林,
Pseudoephedrine,
喘乐氮嘌酮,
肌病,
白细胞,
苯哌丙烷,
麦罗派南,
达珠单抗,
复方利福平,
注射剂(粉):0.5g，1.0g，2.0g。,
呋氟啶,
本药与卡铂、紫杉醇或吉西他滨、顺铂联用，一线治疗局部晚期或转移性NSCLC，未见有益的临床反应，故不推荐上述联合化疗方案。,
慎用:(1)孕妇及哺乳期妇女慎用；(2)本人及家庭有遗传过敏史或过敏体质者慎用；(3)严重肾功能障碍者慎用；(4)假膜性结肠炎患者慎用。,
Aescine Sodium,
氨环烷青霉素,
丸剂：每丸重9g。片剂：每片重0.55g。,
心脏病,
头胞泊肟普赛酯,
Almitrine/Raubasine,
Pertix,
甲醋唑胺,
OPC-13013,
Cisatracurium Besilate,
矽肺的防治：按哌喹计：(1)预防：每次500mg，每10～15天1次，每月量1000～1500mg；(2)治疗：每次300～750mg，每周1次，每月量2000mg。以半年为1个疗程，间歇1个月后，进行第2个疗程，总疗程约3～5年。,
The kit for[14C]Urea Breath Test,
薄膜衣片：400mg；,
Miambutol,
气管炎疫苗,
慎用：(1)术后肺不张或肺炎患者；(2)心律失常尤其是房室传导阻滞者；(3)使用洋地黄类药的患者。,
吸入，每次18μg，每日1次。通常在每日清晨或中午使用。,
Mometasone,
吡咯吡胺,
成人：(1)一般感染，首次剂量为2g，以后每天2g，分2次服用。治疗尿路感染时疗程至少为7～10天。(2)肾功能不全时剂量：肾功能不全患者用量应调整为常用量的1/2。,
安灭菌(5∶1灭菌),
双丁酰环化腺苷酸,
Trimethoprime,
太德肝素,
Kanasyn,
奥柳氮,
口服：0.5～1mg，3～4次/d，,
甘罗溴胺,
Betabactyl,
米利酮,
Cefoperazone,
Bestcall,
本品不宜与其他药物配伍或经同一静脉输注。,
成人：每次1g，每日1次，静脉或肌注给药。静脉滴注时间应大于30min，肌注可用于静脉用药的序贯治疗。肌酐清除率≤30ml/min者剂量调整为每次0.5g，每日1次；如在给药后6h内血液透析，透析后给予补充剂量0.15g。本品静脉滴注时每1g应溶解于50ml以上生理盐水中，每次静滴时间应大于30min；供肌注时每1g应溶解于1%利多卡因溶液做深部肌内注射。,
成人常用量：(1)气管插管剂量：0.4～0.5mg/kg，术中肌肉松弛维持0.07～0.1mg/kg；(2)吸入麻醉药对其增强作用较小，肌肉松弛维持剂量基本不变。,
慎用：重症肾功能不全者慎用。,
普卡霉素,
Tarviol,
力保肪宁,
尚不知本品是否经乳汁分泌。由于本品半衰期约为20天，哺乳期妇女使用本品期间及停药20天内应停止哺乳。,
孕妇应用本品的安全性尚未确定，孕妇慎用。,
氟地松,
咪氨苄西林,
儿童常规剂量：静脉给药：(1)12岁以下：首剂14mg/kg(总量不超过1g)，静脉给药1次，可缓慢推注3～4min，或以5%葡萄糖注射液、乳酸林格注射液或生理盐水100～250ml稀释后滴注。在体内污染后的24h内，宜将Ca-DTPA作为首次给药，而Zn-DTPA作为维持给药。维持给药时，Zn-DTPA一次14mg/kg(总量不超过1g)，一日1次，静脉给药，持续时间取决于体内污染程度及患者对治疗的反应。(2)12岁以上：同成人用法用量。肾功能不全时剂量：不需要调整用量。,
夜间哮喘,
鼻可灵,
避光、密封保存。,
长期或大剂量用药时应进行血液检查两次，并进行肝、肾功能检测；肾功能不全者长期用药应监测听力；用药中应进行血药浓度监测。,
替利拉扎,
100万，200万单位/胶囊；50万，100万，200万单位/小瓶。,
法萨得宁,
胶囊:100mg，200mg。,
去纤维蛋白酶,
吡哌乙胺,
青霉素钾,
药物对老人的影响：老年人使用本药时较易发生严重的皮肤过敏反应及血液系统异常，同时应用利尿剂者更易发生。因此老年患者宜避免应用，确有指征时需权衡利弊后决定。,
静脉注射：每次8mg，每日3次。6岁以下儿童，4mg/kg～5mg/kg，每日2次。6岁～14岁每次30mg，每日3次。,
对其他白三烯受体拮抗剂如扎鲁司特、孟鲁司特、泊比司特等有过敏史者慎用。,
交叉过敏:对青霉素类及头孢菌素类药过敏者可能对亚胺培南出现交叉过敏。,
成人每日3次，每次2粒，饭后服用；15岁以上，每日3次，每次2粒；8～15岁，每日3次，每次1粒。,
角沙霉素,
慎用：(1)孕妇、哺乳期妇女；(2)肾功能严重损害者；(3)有哮喘、湿疹、枯草热、荨麻疹等过敏性疾病史者；(4)年老体弱者。,
密封，室温保存。,
Reten-A,
甲烯土霉素,
交叉过敏：本药与其他喹诺酮类药物间存在交叉过敏 ,
本品可严重抑制茶碱的正常代谢，联合应用可引起茶碱的严重不良反应，应监测茶碱的血药浓度。对咖啡因和华法林可能也有同样影响，应予注意。,
苏醒：手术操作快结束时浓度降至0.5%，也可在开始缝合切口时停药。停药后，可用纯氧“清洗”病人的呼吸通路至完全清醒。在全静脉麻醉中也可间断加入恩氟烷，以血压来调整麻醉深度。,
成人常规剂量：口服给药：一日150mg，至少在餐前1h或餐后2h服用，直至疾病进展或出现不能耐受的毒性反应。,
Fungard,
冻干治疗用母牛分枝杆菌菌苗,
8岁以下儿童不得服用本品。,
用于危重疾病的急救用药：推荐剂量每次30mg/kg，静脉给药时间不得少于30min。此剂量可在48h内，每4～6h重复给药1次。,
培地米松,
安通克,
口服：每次10～15mg，每天2～3次。,
Omegacin,
地拉齐普,
行髋骨骨折术、髋关节置换术、膝关节置换术的患者在术后6h皮下注射2.5mg，每日一次，疗程为5～9天，最长不超过11天。预防外科手术深静脉血栓形成：皮下注射，推荐剂量为每次2.5mg，每日1次，在手术后6～8h给药，作用可持续5～9天。治疗急性深部静脉血栓形成和急性肺栓塞：皮下注射，每日剂量为5mg(体重＜50kg)、7.5mg(体重50～100kg)、10mg(体重100kg以上)，每日1次。治疗至少持续5天，直到口服抗凝药起效。应尽早与华法林合用，通常在72h内。,
1．本品可引起低血压，舒张压低于100mmHg的患者慎用。孕妇用药安全性尚未确立，孕妇慎用。本品是否通过乳汁分泌尚不清楚，哺乳期妇女慎用。2．尚无儿童应用本品安全性和有效性的研究资料。3．肾功能不足的患者不需调整剂量。4．本品对肺毛细血管嵌楔压、心排血指数、收缩压的影响与肾功能不足(基线血清肌酐的范围2～,
氨氯青霉素,
食管念珠菌病：每日50mg，缓慢静滴1h。由于HIV患者易于复发，可予以抑制治疗。,
Poractant Alfa,
根据不同情况选用开放、半开放、半紧闭或紧闭法进行吸入全麻，也可与静脉麻醉药复合应用。全麻诱导时，吸气内乙醚蒸气浓度为10%～15%，小儿4%～6%。但吸气内浓度需徐缓递增，否则易致呛咳。全麻维持吸气内浓度，成人为4%～6%，小儿2%～3%。当乙醚在体内蓄积过多，成人超过80～100ml(指液态乙醚)，全麻的苏醒时间延长。采用间断法给药，不需要深全麻时立即停药，使部分乙醚尽快经呼吸排出，当成人体内乙醚浓度低于60～80ml时，不到1h即可苏醒，咳嗽等保护性反射的恢复也提早。清醒病人吸入乙醚蒸气常有窒息感，成人可用静脉全麻作诱导，小儿则常在基础麻醉下开始吸入。用乙醚作臂肺循环时间测定，必须用乙醚溶于生理盐水中的饱和液，不得混有0.15ml以上未溶解的液态乙醚，若有疏忽，轻者可导致静脉炎或静脉栓塞，严重者可因肺梗死而猝死。,
Diclocil,
本品禁用于支气管哮喘、Ⅱ度Ⅱ型以上的房室传导阻滞、嗜铬细胞瘤、严重心动过缓和心功能减退者、妊娠期和哺乳期妇女以及对本品过敏者。,
Primacor,
清咽片,
1．以下情况者慎用：(1)70岁以上老年患者；(2)肺功能损害者；(3)肝肾功能损害者；(4)发热患者；(5)肺部放疗者。,
脉导敏,
贫血,
老年人剂量:老年患者应使用较小剂量:(1)治疗结核病，每次0.5～0.75g，每天1次，肌内注射；(2)治疗细菌性心内膜炎，与青霉素G联用，每次0.5g，每12小时1次，肌内注射，连续用药2周。,
喷鼻：每次50～500μg，每天2次。,
痰易净,
噻孢霉素钠,
肺栓塞,
正接受本品抑制早产的孕妇较易发生肺水肿，应予注意。,
口服：10～15ml/次，3次/d。,
胶囊(甲磺酸盐)：200mg；,
Ethambutolum,
替拉特,
支链氨基酸,
檞皮素,
Tubarine,
药物对妊娠的影响：本药对孕妇的安全性尚不明确，对于孕妇应慎重。1,
使用前需进行青霉素皮肤过敏试验。,
慎用：(1)严重肾功能障碍者；(2)高度过敏性体质或家族有过敏史者；(3)高龄体弱者、全身状况差者。,
军团菌病,
用药前后及用药时应当检查或监测：(1)治疗期间及治疗后应监测全血细胞计数及分类。(2)用药前应测定肝、肾功能，用药的5日内应经常复查肝、肾功能。(3)应监测尿酸浓度，以尽早发现肿瘤溶解综合征和高尿酸血症。(4)用药的5日内严密监测血压。(5)静脉滴注过程中严密监测呼吸功能。,
安福喜,
注意：不宜用于痰热证，火郁证，瘀热证等有热象者。,
慎用：(1)对其他氮杂螺酮衍生物(如丁螺环酮、伊沙匹隆、吉哌隆)有过敏史者。(2)器质性脑功能障碍患者。(3)中度或重度呼吸功能衰竭患者。(4)心功能不全患者。(5)肝、肾功能不全患者。,
优保津,
肾功能减退时应减量。,
慎用：(1)胃、十二指肠溃疡等消化性溃疡患者。(2)慢性肺心病患者。(3)快速性心律失常(国外资料)、心脏供血不足等心脏病患者。(4)严重血氧供应不足者。(5)高血压患者。(6)甲状腺功能亢进患者。(7)肝病患者。(8)肾功能不全或合并感染的患者。(9)癫痫发作患者(国外资料)。,
氯林肯霉素,
与其他茶碱缓释制剂一样，本药不适用于哮喘持续状态或急性支气管痉挛发作的患者。,
塞洛卡因,
溴棕三甲胺,
Doxapram,
脑促尿钠排泄肽,
无菌头孢哌酮钠,
舒喘灵片：每次2.4～4.8mg，每天3～4次。产科应用时应与其他解痉药交替使用，1周为1个疗程，间隔1周可重复使用。口服：每次2.4mg，每天3～4次。,
泰唑巴坦,
百令胶囊,
本品应单独输注，不宜与其他静脉注射剂混合。,
苄茚西林,
肾动脉狭窄,
宁康,
口服，一次30ml，3次/d，30天为一疗程，可连续使用两个疗程，或遵医嘱。,
药物对妊娠的影响:动物实验显示阿奇霉素对胎儿无影响，但在人类孕妇中应尚缺乏研究，故孕妇须充分权衡利弊后决定是否应用。,
硝唑吗啉,
环戊哌利福霉素,
风热感冒及阴虚咳嗽者忌用。忌食生冷粘腻的食物。,
用药前后及用药时应当检查或监测:(1)听电图测定(尤其对老年患者)，用以检测高频听力损害；(2)温度刺激试验，用以检验前庭毒性；(3)肾功能测定；(4)血药浓度监测，如血药峰浓度超过50μg/ml时，毒性反应的可能性会增加，对肾功能不全者，血药峰浓度不宜超过20～25μg/ml。,
阴虚燥咳者忌服。,
康丝菌素,
头孢霉素7号,
气雾剂：每瓶7ml，可做112次喷吸。,
过量或长期服用，可成瘾。,
曲安奈德口内胶,
Human Tissue Plasminogen Activator,
哌拉西林/他佐巴坦,
Latamoxef,
膜剂：60μg，120μg；,
二氧二甲基嘌呤,
培福新,
儿童:(1)肌内注射：①新生儿(6周龄以内):每12小时2～3mg/kg，疗程7～14天。②对6周以上婴儿和12岁以下儿童:每8小时1.7～2.3mg/kg；或每12小时2.5～3.5mg/kg，疗程7～14天。(2)静脉滴注：①新生儿(6周龄以内):每12小时2～3mg/kg，疗程7～14天。②对6周以上婴儿和12岁以下儿童:每8小时1.7～2.3mg/kg；或每12小时2.5～3.5mg/kg，疗程7～14天。,
Rifapentine,
正肾上腺素,
克毒愈,
患有心功能不全、心律失常、甲亢、高血压、糖尿病者慎用；孕妇、早产儿、新生儿慎用。,
Cernilton,
Zacutex,
可福乐,
欣弗,
美平,
服药儿童应予以监护，避免骑车或其他危险活动。,
Erythromycin Estolate,
Ticarcillin,
气雾吸入：0.1～0.5mg/次(约1～3喷)，两次间隔应为半小时以上，每日不超过8次。,
甲氧头霉噻吩,
本品不会干扰病人对流感病毒疫苗的抗体反应。,
美扶,
红霉素琥珀酸乙酯,
气雾剂：含本品1.96mg；,
琥珀酸红霉素,
Nafamostat,
慢性阻塞性肺疾病：一次400mg，一日2～3次。静脉给药：支气管哮喘急性发作：单次静脉给予100～200mg；或稀释后给予一日3～5mg/kg。肝功能不全时剂量：肝功能不全的代谢能力降低，故应减量。其他疾病时剂量：肺源性心脏病患者存在心力衰竭时，本药的清除率明显下降，应根据患者的病情调节剂量。儿童常规剂量：口服给药：一次200mg，一日2～3次；或一日12～18mg/kg。肝功能不全时剂量：参见成人。,
静脉滴注前后均应用等渗葡萄糖注射液静滴，以避免药液滴至血管外和防止静脉炎的发生。同时静脉输液瓶应加黑布遮光，以免药物效价降低。1,
普鲁卡地鲁,
Sorenor,
AT-2266,
颗粒：0.1g。,
烯丙洛尔,
卫氏并殖吸虫病,
C-18,
药物对儿童的影响:12岁以下儿童的用药安全性及剂量尚未正式确定。,
喘静片：含氨茶碱、咖啡因、苯巴比妥、盐酸麻黄碱、远志流浸膏；,
慎用：哮喘患者(雾化吸入给药时可导致哮喘加重)(国外资料)。,
成人：(1)肌内注射：泌尿系统感染：每次1g，每天4次，深部肌内注射；(2)静脉给药：每天200～300mg/kg，分次给药；或每次3g，每隔3、4或6小时1次。缓慢静脉注射或于0.5～1h内静脉滴注。,
Mucosolvan,
出现不良反应时，不需处理，继续用药或可减轻或消失。,
吗啉啶醇,
肌酐清除率＞45ml/min的患者不需调整剂量。,
静注：0.3mg/kg，于15～60s内静注完毕。,
口服，一次6丸，一天3次。,
Amikacin Sulfate,
直肠给药：栓剂或保留灌肠，每次0.3～0.5g，每天1～2次。,
口服：成人每次2.5～5mg，每天3次。儿童酌减。,
Meleumycinum,
本药并不能治愈巨细胞病毒感染，因此用于艾滋病患者合并巨细胞病毒感染时往往需长期维持用药，防止复发。1,
碳铂,
慎用：(1)患急性尿酸性肾病者、有痛风病史或有尿酸盐性肾结石病史者；(2)患有神经肌肉性疾病者；(3)肺功能障碍者；(4)近期进行过放射或抗癌药治疗者；(5)有肝功能损害者；(6)有感染者；(7)白细胞减少者；(8)哺乳期妇女；(9)2岁以下儿童。,
静脉滴注，必须以250～500ml氯化钠注射液稀释(幼儿酌减稀释用的氯化钠注射液量)，可通过周边末梢血管(大的静脉和血管通路)或经中心静脉输注。开始速度每分钟5～10滴，如10min后无反应，再逐渐加速，全量在1～2h内输完。,
成人每次1.0g，每天2次，连续14天，严重感染时可增加至每天4次，分2～4次给予。,
口服：每次250～500mg，每天3次，疗程为5天。若重复第二个疗程，应间隔3周。,
Leucomax,
慎用：(1)糖尿病。(2)肺梗死或肺气肿。,
喷雾给药：也称气溶疗法，用于预防卡氏肺囊虫病发病或复发：(1)每次150mg，每次30min，每2周1次；(2)每次300mg，每次30min，每月1次。,
停药时注意酌量，不宜骤停。,
口服液：10ml(含本药盐酸盐110.4mg)；,
在26～80岁之间，未发现年龄对本品的代谢有影响。,
忌食辛辣油腻食物。风寒患者慎用。,
群哚普利,
Itraconazolum,
乐可安,
颗粒剂：每袋10g。,
颅内肿瘤,
双克因,
咪克芬净,
丁胺速尿,
GM-CSF,
气雾吸入：每次0.65～1.95mg（喷吸1～3次），每天4～6次，每天最大量7.8mg（喷吸12次）。,
利喘贝,
口服：每次20～30ml，每天3～4次。,
Cefpirome,
Rimiterol,
注射剂(重酒石酸盐)：2mg(1ml)，10mg(2ml)(本品重酒石酸盐2mg相当于去甲肾上腺素1mg)。,
西黄丸,
咳必定,
六甲嘧胺,
化合物469,
本药不适于治疗急性哮喘症状，建议患者随身携带能快速缓解症状的药物；且不推荐本药作为控制哮喘的起始治疗药物，应在病情所需皮质激素的合适剂量己确立时使用。,
嗽必妥,
Imuran,
服用夫洛非宁(Floctafenin)过敏的患者禁服本品，因两药可发生交叉反应。,
吡咪头孢,
rt-PA,
敦净,
地霉素,
由于糖皮质激素具有抑制伤口的作用，因而对于新近接受鼻部手术或受外伤的患者，在伤口愈合前不应使用鼻腔用药。,
氧哌羟苯唑头孢菌素钠,
严重心脏病患者慎用。,
Polymyxin B Sulfate,
先锋唑啉,
药物对老人的影响：服用本药的老年患者感染的发生率增加，但症状较轻，主要影响呼吸道，不必中止治疗。,
伊他康唑,
口服给药：成人，每天1～4g，分2～4次给予；儿童，每天50mg/kg，分2～4次给予。,
本品不能单独进行全麻，适用于复合麻醉，与含氟全麻药复合，可加速诱导，同时可减低含氟麻醉药的用量。与静脉麻醉药、麻醉性镇痛药、肌松药复合，组成“静脉复合麻醉”，与神经安定镇痛药合用即为“神经安定复合麻醉”。,
静脉注射或静脉滴注:成人剂量为每12小时0.5～1g，重症每天可用6g，分3次给予。,
片剂：4mg。,
鬼臼噻吩甙,
交叉过敏:对一种头孢菌素过敏者对其他头孢菌素也可能过敏；对青霉素类、青霉素衍生物或青霉胺过敏者也可能对头孢菌素类药过敏。,
吡氨青霉素,
氯化钠可促使本品降解，与氯化钠注射液呈配伍禁忌。,
恩卡胺,
CO2集气剂在使用前不得开启，以免因吸收空气中CO2而影响测量结果。,
红色诺卡氏菌细胞壁骨架制剂,
Arduan,
忌辛辣、鱼腥食物。,
Bleo,
泛福舒,
咪达唑仑马来酸盐,
Polymyxin,
甲基氯乙环己亚硝脲,
谷尼色创,
本品比吗啡更具有脂溶性：静脉注射100μg后几乎立即起效，但最大的镇痛作用和呼吸抑制几min不可能出现。平均持效时间为30～60min，术前未给药者，镇痛作用仅能持续10～20min，如加量50μg则可使疼痛减轻达4～6h。,
Pentasa,
儿童：(1)口服给药：每天量2万～3万U/kg，分2～3次服用。(2)肌内注射：多黏菌素E硫酸盐，每天2万～3万U/kg；(3)静脉滴注：多黏菌素E硫酸盐，每天2万～3万U/kg；(4)鞘内给药：①对2岁以上儿童：每天1次，每次5mg，共3～4天，以后每次5mg，隔日1次。以上至少维持到脑脊液培养转阴，糖含量恢复正常2周后；②对2岁以下儿童：每次2mg，每天1次，共3～4天；或2.5mg，隔日1次。以上至少维持到脑脊液培养转阴，糖含量恢复正常2周后；(5)局部给药：1万～5万u/ml，用氯化钠注射剂溶解，涂于患处。,
本药遇酸碱破坏，忌与氧化物和碱性物质配伍，否则疗效降低。1,
Aminophyilline Compound,
成人：轻症感染，每天1.5～2g，分2～3次服；重症感染，每天3～4g，分3～4次服。,
羧苄青霉素茚满酯,
管箭毒碱,
弗多司坦,
氨唑西林钠,
Pumactant,
舒禄-美卓乐,
群司珠单抗不可与其他药物混用。也不能用5%葡萄糖液稀释，因为可使蛋白凝固。群司珠单抗一旦稀释，应立即使用。,
克敏停,
Tornalate,
氰唑甲氧头孢菌素,
片剂：2.5mg。,
环己烯头孢菌素,
去咳露,
匹马霉素,
Dynaphylline,
注射剂：2.5g(哌拉西林2g，舒巴坦0.5g)。,
头孢拉啶,
禁用、慎用：①不适用于外感风寒所致的咽喉痛、声音嘶哑者。②凡脾气虚大便溏者慎用。,
用药时应避免滥用乙醇类制品。,
胶囊如有破损，不得使用。,
慎用：(1)肥大性阻塞性心肌病、先天性瓣膜下主动脉狭窄、严重高血压、动脉瘤或其他严重心血管疾病(如缺血性心脏病、快速性心律失常、严重心衰等) (2)糖尿病 (3)低钾血症 (4)嗜铬细胞瘤 (5)甲亢、甲状腺毒症 (6)静止期或活动期肺结核(国外资料) (7)未使用雌激素的绝经后妇女(国外资料) (8)眼单纯疱疹感染或其他活动期的局部及全身细菌、病毒、真菌感染(国外资料) ,
羧苄青霉素钠苯酯,
儿童、孕妇慎用。,
本品和其他单克隆抗体之间可能存在交叉敏感性。,
哮喘特灵,
Voriconazole,
哌氨苄青霉素,
Meropenem,
泛捷复,
药物对哺乳的影响：哺乳期妇女应谨慎使用。,
成人:(1)肌内注射：①革兰阳性需氧菌感染:每天600～1200mg，分2～4次给药。②厌氧菌感染:每天1200～2400mg，分2～4次给药。(2)静脉滴注：①革兰阳性需氧菌感染:每天600～1200mg，分2～4次给药；②厌氧菌感染:每天1200～2400mg，分2～4次给药；③极严重感染:每天可增加到4800mg，分3～4次给药。,
静注或静脉滴注：磷霉素钠用于中度或重度感染，成人每天4～12g，重症可用到16g。儿童每天100～300mg/kg，分2～4次给予。1g药物至少应用10ml溶剂。如若一次用2～4g，则应按每1g药物用25ml溶剂的比率溶解，溶于灭菌注射用水或5%～10%葡萄糖注射剂或氯化钠注射剂250～500ml中静脉滴注。,
静脉注射给药。,
交叉过敏：巴氨西林与其他青霉素类药有交叉过敏，与头孢世界衛生組織素类药有部分交叉过分 ,
长期用药时应监测肝功能。,
凡可霉素,
如果给药后，患儿的胸廓扩张已大大改善，应立即减小呼吸机的最大吸气压力和潮气量，不必等到血气指标证实呼吸状况已得到改善(以预防肺的过度膨胀以及气胸)。,
维库罗宁,
口服，1次5片，3次/d，15天为1个疗程，可连服2个疗程。,
Bromide,
哌吡庚啶,
葡胺茶碱,
Mefoxin,
慎用：(1)骨髓功能抑制患者；(2)心血管疾病患者；(3)肝功能受损者；(4)青光眼患者；(5)震颤麻痹患者；(6)前列腺肥大及尿潴留患者；(7)患呼吸系统疾病的儿童；(8)溃疡病患者；(9)联合使用抗胆碱药时；(10)癫痫患者；(11)有神经阻滞剂所致恶性综合征病史者。,
全特宁，控释片剂：每片含硫酸沙丁胺醇4mg、8mg；,
Taxotere,
氨苄青霉素三水酸,
小儿用药须在家长监督下服用。,
哈西缩松,
氟吗宁,
慎用：(1)高血压患者；(2)严重心血管疾病，低血压患者；(3)肝肾功能不全者；(4)孕妇；(5)轻度躁狂者；(6)癫痫患者；(7)甲状腺功能亢进者；(8)肺部疾病患者；(9)尿潴留者；(10)对其他苯甲酰胺类抗精神病药过敏者。,
Mucitux,
氢氨苄西林,
噻托溴铵干粉吸入剂(胶囊，每粒含噻托溴铵一水合物22.5μg，相当于噻托溴铵18μg，用HandiHaler装置给药)。25℃以下保存，不得冷冻。,
肾功能不全者用药后，其作用持续时间与肾功能正常者相比，差异并不明显。,
成人口服给药：每次75mg，每天2次，连用5天。,
氨溴特罗口服液100ml(盐酸氨溴索150mg，盐酸克仑特罗0.1mg)。贮法：室温、密封保存。,
成人每天1～2g；儿童每天30mg/kg～50mg/kg，均分4次服用。,
口服：每次10粒，每天2次。,
给药停止后输液管中残存的药物应清除，以免药物继续进入血液，导致呼吸抑制、肌肉强直等不良反应。,
核糖斯太霉素,
颗粒剂：每包含洛美沙星盐酸盐100mg；,
多抗甲素,
严重肝功能不全的病人，目前尚无用药的临床经验。,
Videx,
气雾剂（醋酸盐）：40mg，200次揿。,
口服溶液：60ml；75ml；120ml；150ml。,
慢性肺源性心脏病,
枢星,
Oxitropium Bromide,
头孢妥仑,
先锋啉,
开富林,
银黄注射剂,
交叉过敏：对一种青霉素过敏者可能对其他青霉素类药过敏，也可能对青霉胺或头孢菌素类过敏。,
Pipecuronium Bromide,
力复平,
Fluticasone and Salmeterol,
Pemlysen,
顺式铂,
长期用药时应常规监测肝功能；本药在肝功能损害时可以蓄积，因此大剂量用药时应监测血药浓度水平。,
Vaderm,
用药后如遇恶心、呕吐可暂停给药，支气管痉挛可用异丙肾上腺素缓解。,
注射剂(粉)：0.5g。,
Piperacillin/Sulbactam,
吗啉吲酮,
顺氯氨铂,
Kanamytrex,
Sulfamethoxazole Co,
用药前后及用药时应当检查或监测肝功能不全患者用药应定期监测肝脏功能。,
用于严重结核病时，要在应用有效的抗结核药物后，应用本品，可减少炎症性反应，提高机体的应激能力。注意不要用量过大、时间过长，防止发生不良反应。,
轻到中度肝硬化患者将原静脉给药剂量300mg调整为200mg，将原静脉或口服给药剂量200mg调整为100mg。,
阿齐红霉素,
Compound Platycodon,
异丙托溴铵/沙丁胺醇,
本药宜在饭后服用。,
气雾剂：50mg，100mg，每揿0.25mg，每瓶喷200次、400次。,
初始浓度设为2%～6%，每次按,
Multocillin,
莫西卜里,
乙酰基螺旋霉素,
世扶尼,
Polymyxin B,
舒血宁注射液,
Keiperazon,
口服：每次25～50mg，饭后服。,
Ampistrep,
片剂：0.1g，0.2g；,
溴苄环已铵,
遮光，密闭保存。,
肌内注射：1～2周/次。每次将本品1支用1ml注射用水或生理盐水溶解摇匀后，于臀部肌内深部注射。作为免疫调节剂疗程2～3个月。初治结核病疗程6个月，对耐药及难治性结核病患者可延长3个月或遵医嘱。本品应在溶解摇匀后使用。,
Minocyclinum,
托哌立松,
口炎,
Pentamidinum,
Sch-20569,
胶囊剂：每粒含氨茶碱100g。盐酸甲基麻黄碱25mg，暴马子浸膏25mg，10粒×2板/盒。,
PEP-Bleomycin,
Cefadyl,
本品的溶液浓度大于10%可引起肾功能损害，视力与听力障碍、发育迟缓、急性呼吸窘迫征。,
Cefixime,
Polyfax,
在服用本药颗粒剂前，可加少量温开水（禁用80℃以上热水）溶解后混匀服用，也可直接口服。,
Isoniazidum,
多尿,
雾化吸入：每次4mg。成人及12岁以上患者每天2～4次。,
慎用：(1)呼吸功能不全患者；(2)肝、肾功能不全患者；(3)急性脑血管病患者；(4)抑郁症患者；(5)老人、儿童；(6)哺乳期妇女。,
弗莱莫星,
头孢环己烯胺,
感染性休克,
每位病人必须使用一次性注射器以防发生乙型肝炎及其他感染性疾病的传染。,
甘氯喘通,
哌拉西林钠/他唑巴坦钠,
已使用有毒性药物的患者应慎用。,
Quinods,
同诺氟沙星。孕妇、哺乳期妇女、未成年人禁用。,
头孢甲氧噻,
INAH,
不可露置空气中，以免变黄失效。,
Respirol,
饮食宜忌：忌烟、酒及辛辣、生冷、油腻食物。,
念珠菌败血症及其他念珠菌感染：成人剂量为首日负荷剂量70mg，继以维持剂量每日50mg，缓慢静脉滴注1h。疗程依据患者的临床及微生物学反应而定，一般为末次血培养阴性后至少14天。粒细胞缺乏患者疗程宜长，持续至粒细胞恢复。,
Lincolcina,
支气管哮喘、消化性溃疡、心律失常、低血压、迷走神经功能亢进、甲亢、艾迪生病、帕金森病以及近期曾施行肠道或膀胱手术者均应慎用。,
Glucophylline,
儿童：每天20～30mg/kg，3岁以下儿童慎用或不用。,
成人：每天0.6～1.2g，分3～4次服用，疗程7～14天。,
甲氧氰甲硫四唑头孢菌素,
阿克泰妥,
注射剂：0.25g(2ml)。,
Coly-Mycin S,
艾素,
慎用:(1)有β-内酰胺类家族过敏史者；(2)孕妇及哺乳期妇女；(3)严重肾功能不全者慎用并相应减量。用药期间同时饮酒可出现面部潮红、恶心、心率加快、出汗、头痛等症状，故用药期间及用药后1周内禁止饮酒。,
杜适林,
枸橼酸芬太尼,
Peplomycin,
亚硝戊酯,
咳平,
烷化剂,
谨防发生过敏性休克，注射前应有抢救休克的准备。,
Pinocine,
卡介菌多糖核酸制剂,
Rapacuronium Briomide,
盐酸左卡巴斯汀,
多烯紫杉醇,
痰多白滑者慎用。,
口服溶液：复方制剂；糖浆：复方制剂。,
慎用(1)高血压。(2)糖尿病。(3)甲状腺功能亢进症。(4)重度肾功能不全。(5)心脏疾病(心功能不全、心律不齐等)。,
本品与支气管扩张药和甾体类药物等不同，不能迅速缓解正在发作的症状。,
本品妊娠安全分级为C级，孕妇慎用。,
开水冲服，一次3g，一天1次，临睡前服用，或遵医嘱。,
舒巴坦,
儿童常规剂量：口服给药：(1)9个月～2岁患儿，一次0.125g，一日3次。(2)2～6岁患儿，一次0.25g，一日3次。(3)6～12岁患儿，一次0.5g，一日3次。(4)12岁以上患儿，一次0.5～l.0g，一日3次。,
Biapenem,
磺胺邻二甲氧嘧啶,
法罗培南片剂：150mg/片；200mg/片。法罗培南注射剂：300mg／支。,
支气管哮喘和哮喘型支气管炎：每次0.3～0.5mg静脉注射，必要时于数小时后重复，以后每天1次即可。,
德宁,
去氧土霉素,
儿童：(1)体重50kg以下或年龄12岁以下的儿童：每天8mg/kg，分2次服用；(2)体重50kg以上或年龄大于或等于12岁的儿童：用量同成人。,
安嗽灵,
吡舒喘宁,
用药期间应监测心电图。,
成人：(1)肌内注射：①淋病：单次肌内注射1g；②无并发症的肺炎链球菌肺炎或急性尿路感染：每次1g，每天2次；③手术过程中预防用药：于术前0.5～1.5h肌内注射1g，手术过程中1g，术后每6～8小时1g，直至24h为止。(2)静脉给药：①常用剂量：2～6g，分2～3次给药；严重感染者(如败血症等)每6～8小时2～3g，每天最高剂量为12g；②无并发症的肺炎链球菌肺炎或急性尿路感染：每12小时1g；(3)手术过程中预防用药：于术前0.5～1.5h静脉给药1g，手术过程中1g，术后每6～8小时1g，直至24h为止；(4)肾功能不全时剂量：严重肾功能减退患者应用本药时须根据肌酐清除率调整减量；(5)透析时剂量：血液透析者每天0.5～2g，但在透析后应加用1次剂量。,
口服，一次5粒，一日三次。儿童酌减。,
交叉过敏：对一种头孢菌素过敏者对其他头孢菌素也可能过敏；对青霉素类、青霉素衍生物或青霉胺过敏者也可能对头孢菌素类药过敏。,
急性肺水肿：将本品25～50mg溶于20～40ml生理盐水注射剂中，在10～20min缓慢静脉注射或滴注。根据病情可增加剂量，但每次剂量不宜超过100mg。,
异泊酚,
Pirbuterol,
SilverSulfadiazine,
注射剂：50万IU；100万IU。,
中枢性呼吸、循环衰竭：成人每次0.25～0.50g，皮下注射或肌注；30分钟后可重复。极量：每次0.75g，3g/d。儿童每次6～12mg/kg，皮下注射或肌注；必要时30分钟后重复使用。,
Levalbuterol,
长期用药应监测肝、肾功能及血、尿常规；有肝、肾功能损害者用药时应进行血药浓度监测。,
拜朋,
匹呋氨苄西林,
禁用于对本品有休克史的病人，慎用于有药物过敏史的病人及本人或双亲、弟兄有易发生支气管哮喘、皮疹、荨麻疹等变态反应的体质的病人。,
口服：每次100～200mg，每天1次，连续5～7天。用于急性、慢性支气管炎，每次200～300mg，每天1次，连续10天。老年患者不需要调整剂量。,
Strepolin,
先用灭菌注射用水将本品的冻干粉配制成2mg/ml溶液，轻轻摇匀(不可剧烈振摇)，直至完全溶解 然后将上述溶液用0.9%氯化钠注射液、葡萄糖氯化钠注射液或乳酸林格注射液250～500ml稀释 按24μg/(kg·h)输注 此输液药应避光保存在2～8℃条件下，不可超过12小时 稀释液应在避光和20～25℃条件下于14小时以内输完 ,
口服：每次2～3g，每天3次。,
成人：(1)肌内注射：单独给药时，每天60mg/kg，分4～6次做深部肌内注射；与其他β-内酰胺类抗生素联用时，每天40mg/kg，分3次给药。一般疗程为7～10天，对于复合感染，则需延长疗程。(2)静脉给药：单独使用时，每天60mg/kg，分4～6次给药；与其他β-内酰胺类抗生素联用时，每天40mg/kg，分4次给药；缓慢静脉注射(不少于4～6min)或静脉滴注。一般疗程为7～10天，对于复合感染，则需延长疗程。,
片剂：100mg，200mg。,
小儿常用量：0.25%喷雾吸入；舌下含服，每次2.5～10mg，每天3次。,
Mycamine,
氟去炎舒松,
片剂：20μg，40μg。,
Diprophylline,
吡阿陪南,
药物对妊娠的影响：所有抗癌药均可影响细胞动力学，并有致畸性，故孕妇应谨慎使用，特别是在妊娠初期3个月内。,
羟氨苄青霉素,
Securopen,
苏柏沙星,
妥磺沙星,
如果出现咽喉疼痛、颊黏膜出血、呼吸困难、胃部不适、消化道出血及水肿时应停药。本品应慎用于孕妇。,
Eskacef,
甲红霉素,
白葡萄菌止咳片,
注射剂：0.5mg(0.5ml)，1mg(1ml)；,
气管内滴入：每次5万U（溶于2ml生理盐水），适量滴入。,
三氟乙烷,
Erythromycin Base,
Cefoperazone Na,
米地霉素,
Para-aminosalicylate Sod.,
Cefadroxil and Trimethoprim,
安比西林,
左旋沙丁胺醇盐酸盐,
新青三,
醋酸西曲瑞克,
Dexacilline,
静注：1～2mg/(kg·次)，于10～15min缓慢注射，2～3次/d，一般最大总量200mg。,
β肾上腺素受体激动剂,
常咯林,
用药前须预防性给予地塞米松等药物。,
Amimycin,
痰咳净,
七氟醚,
羧苄青霉素钠,
毛花强心丙,
胶囊剂：每粒0.35g。,
Pentamidinelsethionate,
腹部感染(如并发的腹腔感染及术后感染)、妇产科感染、院内获得性肺炎首先静脉给予曲伐沙星300mg，然后口服曲伐沙星200mg，每日1次，疗程7～14日，院内获得性肺炎用药应持续10～14日。当怀疑院内获得性肺炎可能是由铜绿假单胞菌引起时，应联用氨基糖苷类药物或氨曲南。,
口服每次50～100mg，每天2～3次。,
氨溴特罗,
伊丽沙,
应尽量抽尽胸水后使用本品。,
咳必清,
间羟舒喘灵酯,
碳酸气,
菌克单,
尿素氮升高,
麦道必,
其他注意事项同特布他林。,
慎用：(1)糖尿病。(2)肾脏疾病。(3)肝脏疾病。(4)外周血管疾病(手指或脚趾血液循环不畅)。(5)甲状腺功能低下。(6)肺功能异常。(7)孕妇、哺乳妇女。,
盐酸丙吗卡因,
头孢去甲噻肟,
Dehydrohydro-corlisone,
成人:(1)口服给药：每天1.5～3.0g，分3～4次给药。(2)气溶吸入：5%～10%甲砜霉素溶液可供气溶吸入。(3)胸、腹腔，膀胱内给药：每次用量0.5～1g。,
患者出现中重度蛋白尿、未控制的严重高血压应暂时停药。,
Hustazol,
慎用：(1)对青霉素类抗生素过敏者；(2)孕妇、哺乳期妇女；(3)早产儿、新生儿；(4)肾功能不全者；(5)高度过敏性体质者；(6)抗生素相关性肠炎患者。,
养阴清肺冲剂,
当血胆红素高于正常值上限、氨基转移酶高于正常上限,
氧哌嗪,
Co-Trimoxazole,
Midecamycin Macropen,
Cefdinir,
用药前后及用药时应当检查或监测：(1)大剂量用药时，对肾功能减退者应随访出血时间、凝血时间、凝血酶原时间等；(2)长期大剂量用药应常规检查肝、肾功能和血象。,
"胶囊：125mg,250mg,500mg；",
多粘菌素E,
治疗过程中应不断检测全血细胞计数，中性粒细胞≤,
Colistin,
慎用:曾对头孢菌素过敏者慎用。妊娠及哺乳期妇女慎用。患有哮喘、皮疹、荨麻疹等变态体质者慎用。肾功能不全者慎用。本品与多数头孢菌素均有交叉过敏反应，用前最好做皮肤敏感试验。用药期间1周内避免饮酒。,
磺唑氨苄青霉素,
吸入：每次吸1～2下(相当于吗多明0.2～0.4mg),
铜绿假单胞菌感染,
孕妇及6岁以下儿童慎用，因对急性哮喘发作疗效未确定故不宜用于哮喘急性发作。,
易咳嗪,
肝功能不全时剂量：需减少剂量，每天不超过8mg/kg。严重肝功能不全者不能使用本药。,
妊娠头3个月及产妇；,
痰清稀者慎用。孕妇忌服。,
铃兰欣,
老年人剂量：见肝功能不全时剂量。,
除糖尿病患者外，配制输液不可采用含钠盐的液体，因可导致肺水肿。,
S-Carbomethylcysteine,
用药后如出现支气管异常痉孪且喘鸣加重，应立即使用快速短效的吸入型支气管扩张剂治疗，停用本药准纳器，并对患者进行评估，必要时实施替代治疗。,
酚胺唑啉,
药物对哺乳的影响：动物实验中布地奈德、福莫特罗可泌入乳汁 人类临床试验安全性尚不明确 哺乳期间用药应权衡利弊 ,
口服：每天2～3次，每次8～16mg。,
Timcef,
培美曲塞注射剂：500mg/瓶。贮藏于15～30℃。,
氯化竹管箭毒碱,
贮法：30℃以下，避免冷冻和阳光直射。,
片剂：0.125g，0.25g；,
成人口服给药：(1)链球菌感染：每6～8小时1次，每次125～250mg，疗程10天；(2)肺炎球菌感染：每6小时1次每次250～500mg，疗程至退热后至少2天；(3)葡萄球菌感染、螺旋体感染(奋森咽峡炎)：每6～8小时口服1次，每次250～500mg；(4)预防风湿热复发：每天2次，每次250mg；(5)预防细菌引起的心内膜炎：手术前1h服用2g，手术后6h再服用1g。,
慎用(1)肾功能不全低钙时；(2)呼吸性酸中毒呼吸衰竭者。,
对神经肌肉阻滞剂有过敏史者、假瘫痪性重症肌无力、酸碱或血清电解质混乱及烧伤患者应慎用。,
Cefotetan,
福可定,
老年患者、心脏病、甲亢、青光眼患者、肺气肿等肺部疾病引起呼吸困难的患者、前列腺肥大伴排尿困难的患者禁用本品。,
成人：(1)肌内、静脉及动脉注射每次15～30mg，每周2～3次，一疗程总量不超过400mg。亦可作肿瘤内注射(须用0.9%氯化钠注射剂稀释到2mg/ml)及局部敷用。(2)治疗寻常疣：用本品0.1%溶液(以0.9%氯化钠注射剂为溶剂)1ml，注入疣的基底部或疣体内，2～4周后，如未脱落，可注射第二次，直至全部脱落。,
复方新诺明,
每人用剂量0.1ml含5UTB-PPD。每安瓿装量1ml或2ml；每人用剂量0.1ml含2UTB-PPD。每安瓿装量1ml或2ml。,
二乙胺利福霉素B,
小青龙合剂,
发生Churg-Strauss综合征时，通常需要联合应用减量的口服糖皮质激素。1,
温热软化，外贴肺俞穴。,
Mezlocillin,
卤甲松,
福米韦生注射液：330μg/支。避光阴凉干燥处保存。,
惠妥滋,
慎用：(1)肝、肾功能受损者；(2)头部损伤、颅内压增高者；(3)肺部疾病、呼吸储备减少者(因本药可引起呼吸抑制或窒息)；(4)孕妇和婴儿。,
如本药的当前剂量不足以控制哮喘，应对患者复查，并可考虑给予其他皮质激素治疗；如伴有感染还应加用抗生素。哮喘的突发性和进行性恶化可能危及生命，对患者复查的同时应增加皮质激素进行治疗。,
儿童静脉给药：小儿用量:每天100～300mg/kg，分4次用药，剂量可视病情酌情增减。早产婴儿及足月婴儿用量为每次80mg/kg，每12小时1次。,
临床上常与其他化疗药合用组成联合化疗方案：(1)小细胞肺癌：①老年人小细胞肺癌：总量800mg/m2，连用5天。②顽固性小细胞肺癌：采用共6个月的长疗程，即每天50mg/m2，连服3周，休息1周。过去多次化疗者使用此方案，部分病例仍有效。(2)霍奇金淋巴瘤：采用EVA方案，本药每天200mg/m2，连用5天，VCR2mg/m2，ADM50mg/m2。,
严重肾功能不全、可疑维生素K缺乏的患者慎用。,
Omalizumab,
慎用：(1)中枢神经系统处于抑制状态的急性酒精中毒者；(2)昏迷或休克者；(3)有药物滥用或成瘾史者；(4)肝、肾功能不全者；(5)运动过多症患者；(6)低蛋白血症患者；(7)严重的精神抑郁者；(8)严重的慢性阻塞性肺病患者。,
支气管扩张、肺脓疡、肺结核、肺心病及糖尿病患者，应在医师指导下服用。,
儿童:每天9mg/kg，分1～2次给药。推荐疗程为5～10天，但由化脓性链球菌引起的感染疗程至少为10天。,
那的沙星,
Amidinocillin,
注射液：2ml。,
口服，一次1片，每日2次。,
忌烟、酒及辛辣、生冷、油腻性食物。,
Codenine/Extractum Platycodi Liquidum,
舍普深,
溴化氢美沙酚,
Cefradine,
噻吩头孢霉素,
杜什氯铵,
泰门汀,
药物对哺乳的影响尚不明确。,
肺γ闪烁照相：静脉注射，111～370MBq(3～10mCi)。,
超威沙星,
金水宝,
Doxycycline,
立复汀,
老年人因代谢慢，使用本品应减量，并密切观察呼吸功能。,
口服，一次60～90mg(2～3片)，3次/d。,
三乙酰竹桃霉素,
甲氧苄胺嘧啶,
头孢菌素6号,
REMIVOX,
Panrporin,
单硫酸丁胺卡那霉素,
Sulfogaiacol/Codeine,
Gemzar,
心律失常、高血压、甲状腺功能亢进患者慎用。,
严重肾功能不全患者应用时其血浆清除率可降低50%以上，因此需减少用药剂量，减慢输注速率。,
脓性痰患者需加用抗生素控制感染。,
苯环庚噻吩,
UK109406,
丙酰吉他霉素,
乳酸环丙沙星注射剂：0.1g(50ml)，0.2g(100ml)。,
9%氯化钠注射液可与本品形成阿拉曲伐沙星盐酸盐而发生沉淀，也不可单独使用乳酸林格液来稀释本品。1,
托西酸溴苄铵,
其他：服药期间，若患者出现高热，体温超过38℃，或出现喘促气急，或咳嗽加重，痰量明显增多应到医院就诊。,
肽可霉素,
本品为免疫抑制剂，可引起人体免疫功能降低而增加感染或肿瘤的潜在危险，治疗过程中应注意是否发生感染。,
惠尔血,
抗过敏：皮下或肌内注射：每次0.2～0.5mg，可隔10～15min重复1次，并可增至每次1mg。.2过敏性休克：先皮下或肌内注射0.5mg，后静脉注射0.25～0.5mg，可5～15min重复1次。,
口服，一次30ml，3次/d。,
同糖皮质激素。,
气雾剂：0.5%，75mg（15ml）；,
注射本品的注射器及针头，不得作任何其他注射之用。,
Deoxycoformycin,
Modivid,
注射用黏菌素：100万U；,
严重病例，每次100μg，每天2次。,
Erythromycin Ethylsuccinate,
成人：常规剂量：静脉滴注：一次2.5～5g，每12小时1次；严重或难治性感染时，每8小时1次。一日最大用量不得超过20g(舒巴坦最大剂量为一日4g)。疗程通常为7～14日。肾功能不全时剂量：肾功能不全时应酌情调整剂量。老年人剂量：老年患者(65岁以上)剂量酌减。,
口服，一次1.5～2.0g，一天2～3次，可在有发病预兆时服用，也可预防久喘复发，一般服15天为一疗程。,
慎用：(1)肺结核患者。(2)严重心血管疾病(包括心律失常)患者。(3)糖尿病患者。(4)低钾血症患者。(5)甲状腺功能亢进或甲状腺霉症患者。,
交叉过敏：本药与头孢菌素类药有交叉过敏。,
哌拉西林/泰唑巴坦,
口服。丸剂：一次60～120粒，2次/d。胶囊剂：一次3粒，2次/d。,
本品大剂量使用可致恶心、呕吐，本品不易通过透析消除。4．20～25℃保存。溶解好的输液室温保存不超过6h，2～8℃可保存24h。,
避免同时服用强力镇咳药。,
醋唑磺胺,
先锋霉素Ⅰ,
肝功能障碍者，升高的天冬氨酸氨基转移酶(AST)、丙氨酸氨基转移酶(ALT)、胆红素不影响本品的代谢。,
使用时应从小剂量开始，逐渐加大剂量。,
Etofylline,
成人:(1)肌内注射：每次4.5g，每8小时1次。(2)静脉给药：每次4.5g，每8小时1次。,
Morpholinylethylmnorphine,
保存于25℃(15～30℃)。,
美能,
阿维A酸,
肌注：每次8mg，每天2次。,
头孢氰唑,
慎用：(1)严重肝肾功能不全者；(2)凝血功能异常者。,
Loteprednol Etabonate,
口服给药：用于成人呼吸系统感染：每次0.25g，每天2次，重症感染剂量加倍。用于泌尿系统感染：每次0.2～0.4g，每天3～4次，儿童每天20～40mg/(kg?d)，分3次服用。用于伤寒：每次0.25g，每天4次，连续14天。用于沙门菌株感染：每天2.4g，连续14天，带菌者服用同样剂量2～4周。应用50ml以上液体送服。食物不影响本品吸收，宜在餐后用药。,
优喘平,
成人:(1)口服给药：用于肠道感染或术前准备，每次80～160mg，每天3～4次。(2)肌内注射：①一般剂量:每次80mg(8万单位)，每天2～3次，间隔8h；或1～1.7mg/kg，每8小时1次；共7～14天。②单纯性尿路感染:体重低于60mg，每次3mg/kg，每天1次；体重超过60mg者，每次160mg，每天1次；或每次1.5mg/kg，每12小时1次。(3)静脉滴注：剂量同肌内注射；将每次剂量加入0.9%生理盐水或5%葡萄糖液50～200ml中，使药物浓度不超过1g/L(碱基)(相当于0.1%的溶液)，在30～60min内缓慢滴入。(4)鞘内或脑室内注射：每次4～8mg，每2～3天1次。将每次剂量(浓度为2g/L)抽入5ml或10ml的无菌针筒内，进行腰椎穿刺术后，先留取脑脊液标本送实验室检查，再将装有本药的针筒连接腰椎穿刺针，使相当量的脑脊液流入针筒内，边抽边推，然后将针筒内的全部药液于3～5min内缓缓注入，注入时使腰椎穿刺针略向上倾斜，如脑脊液呈脓性而不易流出时，本药也可用生理盐水注射剂稀释。(5)肾功能不全时剂量:给予首次饱和剂量(1～2mg/kg)后，对肾功能不全者所用维持量可按以下方法调整：①每次剂量不变(1～2mg/kg)，延长给药间隔时间。给药间期＝患者血肌酐值(mg/100ml)×8；②给药间期不变(每8小时给药1次)，减少维持剂量；维持量可按下式计算:每次剂量＝患者体重(kg)×常规用量(mg/kg)/患者血肌酐(mg/100ml)。③也可根据患者肌酐清除率调整用量：肌酐清除率每分钟＞100ml，用成人常用量的100%；肌酐清除率每分钟70～100ml，用成人常用量的85%；肌酐清除率每分钟55～70ml，用成人常用量的65%；肌酐清除率每分钟45～55ml，用成人常用量的55%；肌酐清除率每分钟40～45ml，用成人常用量的50%；肌酐清除率每分钟35～40ml，用成人常用量的40%；肌酐清除率每分钟30～35ml，用成人常用量的35%；肌酐清除率每分钟25～30ml，用成人常用量的30%；肌酐清除率每分钟20～25ml，用成人常用量的25%；肌酐清除率每分钟15～20ml，用成人常用量的20%；肌酐清除率每分钟10～15ml，用成人常用量的15%；肌酐清除率每分钟＜10ml，用成人常用量的10%。(6)透析时剂量:血液透析后可根据感染严重程度，按体重补给一次剂量1～1.7mg/kg。,
胃灼热感,
治疗高铁血红蛋白血症：1天本品用量120mg左右即可，重者可连用2～3天。不需要大量重复应用，因本品完全排泄需3～5天，否则易招致体内蓄积引起与治疗相反的结果。,
痰热咳嗽,
用药过量的表现：可有呼吸抑制、胸壁肌强直、癫痫、缺氧、低血压和心动过缓等。用药过量的处理，具体如下。(1)若出现药物过量或怀疑药物过量，应立即停药，维持开放气道，吸氧并维持正常的心血管功能。(2)若呼吸抑制与肌肉强直有关，需给予神经肌肉阻断药或阿片受体拮抗药，并辅助呼吸。(3)出现低血压可采用输液、给予升压药，或采取其他辅助方法。(4)阿片受体拮抗药(如纳洛酮)为本品过量中毒的特异性解毒剂，用于处置严重呼吸抑制或肌肉强直。,
喘乐宁注射剂：成人皮下注射或肌内注射：每次500μg；静脉：250μg缓慢推注，用于哮喘持续状态。,
胸腔内注射，注射后使病人平卧，变换体位，使药物与胸膜均匀接触；成人取本品2～4ml(含1.2×1010～2.4×1010个菌)以10～20ml生理氯化钠溶液稀释后注射，每周1次，2～3次为1个疗程。,
Lanbroxol,
Azlocillinum,
Rocuronium Bromide,
克咳敏,
茶碱缓释片,
成人:(1)口服给药：①常用口服剂量:每天1～2g，分3～4次服用。②军团菌病:每天剂量可增至2～4g，分4次服用。(2)局部给药：治疗沙眼、结膜炎、角膜炎，用适量眼膏涂于眼睑内，每天数次。(3)肾功能不全时剂量:肾功能减退患者一般勿需减少用量。,
Rifinah,
配制静脉给药的溶液时应使用5%葡萄糖注射液稀释本品，,
Tiotropium Bromide,
利灵,
异舒普林,
Antitussonum,
Pseudocef,
成人常规剂量：局部注射：暴露术野后，取本药50mg，用皮试针头在肿瘤周缘分4～6点浆膜下缓慢推注，一个点注射5～15mg，约3min完成。老年人剂量：老年患者用药无特殊限制。,
药物对哺乳的影响：因类似药物顺铂可经乳汁分泌，故哺乳期妇女用药时应停止哺乳。,
成人：(1)口服给药：①一般感染：每次0.5～1g，每6～8小时1次，每天剂量不超过4g；②治疗无并发症的急性尿路感染：单次口服3g，也可于10～12h后再增加3g；③淋病：单次口服3g，常加用丙磺舒1g；④预防感染性心内膜炎：单次口服3g，于手术(如拔牙)前1h给予。(2)肌内注射：每次0.5～1g，每天3～4次。(3)静脉滴注：每次0.5～1g，每天3～4次。(4)肾功能不全时剂量：肾小球滤过率为每分钟10～50ml者，其给药间期应为8～12h；肾小球滤过率小于每分钟10ml者，其给药间期应为16h。(5)透析时剂量：血液透析可影响血药浓度，每次血液透析后应补充给予1g剂量。,
用药前后及用药时应当检查或监测：(1)治疗期间经常检查全血细胞计数及分类。(2)肾功能。(3)动脉血氧饱和度(脉膊血氧定量法)。(4)血压。(5)核磁共振或CT扫描。,
片剂：10mg。,
Semprex,
凯福隆,
肌内注射，每1～4周用40～80mg；关节腔内注射，每次5～40mg，每1～7周1次。,
臭菜注射液,
肌内或静脉注射给药：成人每天1～6g，每6～8小时1次。对于敏感革兰阳性球菌引起的轻症感染，每次250～500mg，每8小时1次；中度及重症感染每次0.5～1g，每6～8小时1次；危及生命的感染时每次1～5g，每6小时1次。急性泌尿系感染每次1g，每12小时1次。儿童和1月龄以上婴儿每天25～100mg/kg，每6～8小时1次。肌酐清除率为每分钟55ml的患者，给全量；肌酐清除率为每分钟35～54ml时，给全量，但给药间隔至少应在8h以上；肌酐清除率为每分钟11～34ml，每12小时给全量的一半；肌酐清除率为每分钟10ml或更低时，每18～24小时给全量的一半。,
甲普龙,
显像：静脉注射，每次成人注入MAA颗粒数应控制在20～40万，注入放射性强度为111～185MBq(3～5mCi)。注入前轻轻摇动药瓶，避免抽回血。此药物标记后可放置3h。小儿注入量根据体重按成人注入量相应减少。小儿体内各有关组织辐射吸收量见表1。,
Vitravene,
腈甲基头孢菌素,
有支气管扩张、肺脓疡、肺心病、肺结核的患者，应在医师指导下服用。,
抑郁,
偶氮双羟苯酸钠盐,
肌内注射：临用时现配10%溶液，做深部肌注。每次4mg/kg，每天1次，具体疗程如下：(1)卡氏肺囊虫病：连用14天；(2)黑热病：连用14天，必要时间隔1～2周后复治。(3)早期非洲锥虫病：连用10天。,
佳洛坦,
结核、肾上腺功能抑制患者及孕妇慎用。,
Cefoselis,
Genmycin,
高龄、体弱者。,
本品对氨基糖苷类抗生素、氨苄西林、头孢噻啶等药效没有影响。,
培美曲唑,
甘非林,
本品不能溶解于葡萄糖溶液中，也不宜与其他药物混合。,
倍司特克,
肝素钙,
Streycin,
Salmefamol,
服用本品可引起困倦，故不能驾驶汽车或操纵机器。,
敏喘停,
氮卓脒青霉素,
链激酶,
用药前后及用药时应当检查或监测：(1)动脉压：开始每2～3min监测1次，血压稳定后改为每5min1次，一般患者用间接法测血压，危重患者直接动脉内插管测压。(2)必要时测定中心静脉压、肺动脉压、肺毛细血管楔压。(3)尿量。(4)心电图。,
过量可引起癫痫样惊厥，随之出现昏迷 惊厥发作可静脉注射苯二氮卓类药物或小剂量硫喷妥钠控制 ,
吡咯布洛芬,
Alclometasone,
磺胺异嘧啶,
强力枇杷露糖浆,
儿童应按医师处方量，并在成人指导下使用 ,
本品原料中含有马兜铃药材，该药材含有马兜铃酸，马兜铃酸可引起肾脏损害。,
苯甲氧青霉素,
如将本品用于氟烷的诱导麻醉剂，宜将氟烷用量减少。,
氧杂头霉素二钠,
片剂:375mg(阿莫西林250mg，克拉维酸125mg)，625mg(阿莫西林500mg，克拉维酸125mg)，1000mg(阿莫西林875mg，克拉维酸125mg)；,
苯甲羟胺,
哔哌西林,
卫非宁,
吉密利定,
头孢孟多钠,
安赛玛,
Clenbuterol,
Ultiva,
注射剂：15mg(2ml)。,
托马克,
艾替伏辛,
常用本品93%～95%与5%～7%的二氧化碳混合吸入。,
Guaiacolate,
蜜丸剂：4.5g。,
氧咪苄青霉素,
力派,
儿童静脉给药：(1)新生儿：日龄小于或等于7天者，每12小时50mg/kg；日龄大于7天者，每8小时50mg/kg；(2)对1个月以上小儿：每8小时50mg/kg，治疗脑膜炎时剂量可增至每6小时75mg/kg。,
氨双氯醇胺,
慎用：(1)哺乳期妇女；(3)对头孢菌素类药过敏者；(3)严重肝、肾功能障碍者；(4)凝血功能异常者。,
儿童：(1)口服给药：①利巴韦林片：6岁及6岁以上小儿每天按体重10mg/kg，分4次服。疗程7～14天；6岁以下小儿口服剂量未定。②利巴韦林颗粒：按体重计：每天10～15mg/kg，分3～4次服，连用7天。按年龄计：0.5～1岁，每次1袋(含利巴韦林50mg)；③2～5岁，每次2袋(含利巴韦林100mg)；④6～12岁，每次3袋(含利巴韦林150mg)。均为每天3次，用温开水溶解后服用，疗程7天。(2)静脉滴注：每天按体重计为10～15mg/kg，分2次给药。每次静脉滴注20min以上。疗程3～7天。(3)气雾吸入：此用法必须严格按照给药说明中所述气雾发生器的说明和给药方法进行。给药浓度为20mg/ml，每天吸12～18h，疗程3～7天。对于呼吸道合胞病毒性肺炎和其他病毒感染，也可持续吸药3～6天；或每天3次，每次4h，疗程3天。,
淋巴管造影：单侧不超过15ml，双侧同时注射总量不超过25ml，注射速度要慢。,
本药不用于哮喘的初始治疗，在常规治疗中当有效控制症状后应逐渐减少剂量至最低有效剂量 ,
长春花碱酰胺,
慎用:(1)高度过敏性体质者慎用；(2)严重肝、肾功能障碍者慎用；(3)孕妇、哺乳期妇女慎用；(4)凝血功能异常者慎用。,
儿童:静脉给药，每天40～80mg/kg，危重病例每天剂量可递增至每天100mg/kg，分2～3次给药。,
氨苄青霉素特戊酰氧甲酯,
使用说明书一份。,
Timentin Vial,
静脉滴注：成人及儿童，按体重每天1.5～2.5mg/kg(一般不超过每天2.5mg/kg)，每12小时1次。本品50mg，以5%葡萄糖注射剂500ml稀释后滴入。,
Dosberotec,
已分离到对本品敏感度降低的病毒株。,
交叉过敏：对一种青霉素类药过敏者可能对其他青霉素药过敏，也可能对青霉胺或头孢菌素类过敏。,
磺胺异二甲嘧啶,
盐酸诺司咳平,
美沙芬,
成人静脉给药：(1)轻至中度感染:每天剂量1～2g，分2次静脉注射或静脉滴注。(2)重度感染:每天剂量4～6g，分2～4次静脉滴注。,
TDF,
控制胸水：在胸腔内放置操作方法基本上与胸腔穿刺抽液相同，剂量为1110～1850MBq(30～50mCi)，用远距离推进装置压入，一般4～6周后可重复注射。,
成人口服给药一次20ml，一日2次；症状明显好转后可减至一次10ml，一日2～3次；严重呼吸困难者，初始2～3日，一次20ml，一日3次。,
以下患者慎用 对其他喹诺酮类药物过敏者 有中枢神经系统疾病者，特别是脑动脉硬化和癫痫患者 肾功能不全者 葡萄糖-6-磷酸脱氢酶缺乏症患者 正在使用含铝的抗酸药者 本品可能出现影响骨骼和软骨生长的不良反应，儿童慎用 ,
在使用神经肌肉阻断药之前先给予抗组胺药，在阻止发生哮喘或支气管痉挛方面具有明显作用。,
急性气管支气管炎,
口服，每次100mg，每天3次，饭后服用。,
片剂：复方制剂。,
Sicorten,
孕妇、哺乳期妇女及患有心脏病、高血压、甲亢、糖尿病、哮喘、青光眼、肺气肿、慢性肺病、呼吸困难、前列腺肥大合并排尿困难等病的患者，不宜服用本品。,
乙二磺酸咳美芬片,
应先做皮试。方法取1:100000药液,
慎用：(1)对青霉素类药过敏者慎用；(2)头孢克洛可透过胎盘，孕妇慎用；(3)头孢克洛可以少量分泌入乳汁，哺乳期妇女慎用；(4)有哮喘或其他过敏史的患者慎用；(5)严重肾功能不全者慎用；(6)有胃肠道疾病尤其是假膜性肠炎者慎用。,
外感引起的发热恶寒、咳吐黄痰者忌用。,
Ligustrazine,
儿童静脉给药：每天量为40～80mg/kg，缓慢静脉推注或于30min内静脉滴入。,
慎用:(1)脱水患者(脱水患者血药浓度增高，可增加产生毒性反应的可能性)；(2)第8对脑神经损害患者；(3)重症肌无力或帕金森病患者；(4)肾功能损害患者；(5)儿童；(6)年老、体弱患者；(7)接受肌肉松弛药治疗患者。,
慎用：(1)12岁以下儿童慎用；(2)老年者、哮喘者、慢性呼吸道疾病者、不稳定性慢性疾病者、免疫功能不全者、阻塞性肺病者慎用。,
FK-482,
君必清,
一般不宜超过300mg，对60岁以上伴有肺部疾患者慎用。,
Conivaptan,
使用本药时，须仔细观察病情，防止患者的中心静脉压升高。尤其要注意有心功能不全或其他心脏疾病的患者，因为过快地增加血容量会导致急性循环负荷增加或导致肺水肿。,
Chymar,
ZDl839,
肌注、静注或静脉滴注：成人每次1～1.5g，每天2次，严重感染者可用至每天4～6g；儿童每天40～60mg/kg，严重者每天100mg/kg，分2次给予。静注时1g用注射用水2ml溶解后再稀释至20ml缓慢静注；静脉滴注时溶于5%葡萄糖注射剂或0.9%氯化钠注射剂100～500ml中静脉滴注；肌注时溶于1%利多卡因注射剂2～4ml中注射。,
头孢特仑酯,
尚缺乏本品用于儿童感染的疗效和安全性的资料，不推荐将本品应用于18岁以下患者。,
Quisnon,
肝硬化、肾炎、活动性肺结核及严重肺心病者禁用。,
拉埃诺考特,
诺通,
麻醉用蒸发器吸入。诱导麻醉：本品与氧气(或氧气与氧化亚氮混合气体)诱导浓度为0.5%～5.0%。维持麻醉：40%以下浓度配以氧气(或氧气与氧化亚氮混合气体)维持外科麻醉状态。,
每天早、晚饭后口服，连续5～7日，一般为7日。成人大多数感染用量为250mg，每日2次；肺炎或支气管炎为500mg，每日2次：尿道感染为125mg，每日2次；肾盂肾炎为250mg，每日2次；单纯性淋病用药为单剂量给药。大多数小儿感染症用125mg，每日2次。,
Pentacarinat,
口服，成人常用量：每次200mg，每日2次，饭后服用。随年龄及症状适当增减。,
头孢磺苄啶,
Ro-48-3657,
氨苄青霉素甲戊酯,
Cephalothin Sodium,
吸收剂如有少量吸入口中，请立即吐出，并用清水漱口。1,
Cefpirom,
为防止高氧饱和度，本品只可在医院内由经验丰富的临床医师使用，病房内必须备有用于婴儿的机械通气及监测的设施。,
氨氯西林钠,
头孢妥仑匹酯薄膜衣片剂：100mg/片。遮光，密封，干燥处保存。有效期3年。,
依林特肯,
儿童按每天20～80mg/kg分2次给药。,
治菌利尔,
Lormyx,
Spiramycin,
溴己胺,
头孢地嗪,
易使宁,
治星,
易咳净,
左旋氧氟沙星,
硫化氢中毒,
牛黄蛇胆川贝丸,
衣原体感染,
Kanacine,
前列腺肥大、膀胱颈梗阻患者慎用(本品可引起尿潴留以及膀胱不适)。,
头孢菌素Ⅰ号,
静滴，与顺铂联用，推荐剂量为500mg/m2，滴注超过10min，21天为1个周期。顺铂推荐剂量为75mg/m2，在本品滴注结束后30min开始滴注，时间超过2h。,
流行性感冒灭活疫苗,
交叉过敏:患者对一种头孢菌素或头霉素(cphamycin)过敏者对其他头孢菌素或头霉素也可能过敏，患者对青霉素类、青霉素衍生物或青霉胺过敏者也可能对头孢菌素或头霉素过敏。,
帕尼培南-贝他扑隆,
Dermatophagoides farina,
Amphotencin B Liposome,
早产儿和1月龄以下新生儿禁用。,
每天1次800mg，疗程5～10天。,
尚未有老年人、儿童应用本品的临床研究资料。,
夫洛夫脱兰,
盐酸氯洁霉素,
注射时病人应采取仰卧位，静脉穿刺后不应抽回血以避免在针筒内形成血块，否则在肺显像时将出现局部放射性浓聚区。如有心内右侧到左分流者，慎用，以免99mTc-MAA颗粒进入左心，从而可能导致脑、肾脏小动脉栓塞。,
静脉滴注：成人，每天4～8g，分4次给予；儿童，每天每千克体重0.1～0.15g，分4次给予。重症可加大剂量，成人可至每天12g。,
头孢氨噻肟,
MarphineMethylether,
老年人剂量：应根据肾功能调整用量。,
Oleandomycin Phosphate,
与利福平有部分交叉耐药性。,
大蜜丸：每丸重6g；颗粒剂：每袋3g；口服液：每支10ml。,
争光霉素,
皮质素,
儿童:静脉给药：(1)儿童(2～12岁)轻至中度感染:每天25～100mg/kg，分2～4次静脉注射或静脉滴注。(2)儿童(2～12岁)重度感染(如细菌性脑膜炎、败血症):剂量可用至每天150mg/kg，分2～4次静脉滴注。,
顺尔宁,
间羟异丙肾上腺素,
安布索,
Pyopen,
口服：20～40μg/次，3次/d。舌下含服：60～120μg/次，先舌下含服，待哮喘缓解后，将所余部分用温水送下。或遵医嘱。,
颗粒：10mg，40mg,
咯血：可静脉注射或输注，将本品5～10U加0.9%氯化钠或5%葡萄糖注射剂20ml缓慢静脉注射。必要时6～8h后重复1次。极量为每次20U。,
成人:(1)口服给药：每天量0.8～1.2g，分3～4次给药。(2)静脉滴注：每天剂量为100～150万单位酒石酸麦迪霉素，加入5%葡萄球注射剂1000ml中，静脉滴注。,
鱼腥草素钠片,
肾功能不全时剂量：只有严重肾功能不全(肌酐清除率在每分钟10～30mg)的患者才需要减少用量，建议每次75mg，每天1次。,
呼吸严重抑制及肝肾功能不全的患者慎用。,
岩白菜内酯,
静脉注射(直接注射，时间长于3～5min或间歇滴注，给药时间为20～30min)：成人：每天6～8g(每天量100～125mg/kg)，每6～8小时1次。重症下呼吸道、皮肤和软组织感染、腹膜感染，成人8～16g(每天量125～300mg/kg)，每4～6小时1次。成人最大剂量通常为每天24g。疗程一般为7～10天，但有时可延长。,
Sporanox,
Zyvox,
静脉注射，成人：0.15～0.2mg/kg，静脉1次注射。在使用丙泊酚或鸦片样麻醉药时，需要维持剂量0.03mg/kg，注射20min。儿童：2岁以下不推荐使用本品；2～12岁0.1mg/kg，5～10s静脉注射。在使用卤代烃麻醉药时，需要维持剂量0.02mg/kg，注射9min。,
使用本品前及开始使用后第1个月、第3个月应检查血红蛋白水平，以后每3个月检查一次。,
硫酸长春花碱,
与健康成人相比，高龄者随年龄增加而肾功能降低，血药浓度半衰期延长，可能出现血药浓度持续较高。,
Innovar,
L-627,
SINGULAIR,
Kantrex,
Antibiotic-5915,
AmdinocillinPivoxil,
慎用:(1)对其他β-内酰胺类抗生素过敏者；(2)严重肾功能障碍者；(3)过敏体质者；(4)孕妇和哺乳期妇女；(5)依靠静脉营养者、高龄或全身状态恶化者；(6)新生儿。,
Sildenafil,
口服。糖浆剂：一次10～15ml，一天3次。颗粒剂：开水冲服，一次12g，一天3次，小儿酌减。口服液：温开水送服，一次10ml，一天3次。,
Eloson,
Iloprost,
遮光、密封保存。,
Cefalotin,
Paraplatin,
碘[125I]植入治疗籽源具有放射性，植入步骤需周密计划，以将工作人员辐射降低到最小；在进行植入过程中，操作人员必须佩带胶片式射线计量器、放射性计量器或环形射线计量器。,
本品用于儿童的安全性尚未确定。,
甲硝达唑,
吗吲酮,
普罗喹醇,
慎用肝脏功能损害者。,
滴鼻液：50mg(10ml)。,
奥斯灵,
片剂：25μg，50μg。,
Leutrol,
去甲肾,
作为成年患者的单一治疗药，推荐剂量为375mg/m2，静脉输注前1h先给予止痛药(对乙酰氨基酚)和抗过敏药(苯海拉明)。首剂输注速度为每小时50mg，以后每30分钟增加每小时50mg，最高可达每小时400mg。每周1次，连用4次。,
Celestone,
气雾吸入：每次200～400μg。成人和12岁以上儿童，每次吸2～3揿(400μg)，每天3次。有些患者可能只需吸1次。每天吸入不应超过16次。,
有明显心脏病如心绞痛、心衰、哮喘、低血压等患者慎用。,
利钠肽,
药物对妊娠的影响：本药有致畸作用，为FDA妊娠分类D类药物。,
头孢噻肟唑,
Eismycin,
在静脉滴注过程中，若患者发生不可耐受的反应，应立即终止给药，并给予适当的治疗处理。同其他容量替代品一样，如使用过量，可能引起循环系统负荷过重(如肺水肿)，此时应立即停药，必要时给予利尿药。1,
Suparne,
Apatef,
阿曲可宁,
Mezlocillinum,
DNAase,
Erlotinib Hydrochloride,
头孢布坦,
由于超声雾化后糜蛋白酶效价下降明显，因此，糜蛋白酶超声雾化吸入时间宜控制在5min内。,
沙美特罗/丙酸氟替卡松,
异长春花碱,
Erdosteine,
对失水患者由于血浆药物浓度增高，可能增加中毒的危险。,
嗜气孢菌素,
泊拉坦,
慎用：(1)肝肾功能损害，可能引起本药在体内的积累。(2)多动综合征，可加重病情。(3)哮喘、肺气肿或其他可能加重呼吸困难或气道不畅的呼吸系统疾病。,
气雾剂：每支5ml(100喷)；10ml(200喷)，每喷含溴化异丙托溴铵20μg，硫酸沙丁胺醇120μg。雾化吸入剂：每支2.5ml，含溴化异丙托溴铵500μg，硫酸沙丁胺醇3mg。,
激素依赖性患者服用本药，应逐渐减少激素用量，不可突然停用。,
喷雾剂：14mg，内含本品350mg(可供喷吸200次左右)。,
成人:口服每天150～300mg，分3次给药。慢性支气管炎、弥漫性细支气管炎、支气管扩张症等慢性呼吸系统疾病合并感染、肺炎、中耳炎、副鼻窦炎；每天300～600mg，分3次给药。淋球菌性尿道炎:每天300～600mg，分3次给药。,
磺胺二甲异嘧啶,
氟氯苯唑青霉素,
新诺明,
静脉滴注：用以下公式估算：3.64%THAM(mL数)=[正常CO2结合力(50%)-测得CO2结合力(Vol%)]×0.6×体重(kg)。将7.28%溶液用等量5%～10%葡萄糖液稀释即可得3.64%液，可先给1/2～1/3，以后再视病情处理，在紧急情况下，可给3.64%溶液2mL/kg～3mL/kg，于1h～2h内静脉滴注完。严重者可重复1次。,
咳散,
偶致皮疹、支气管痉挛等过敏反应，可用抗组胺药、肾上腺素等治疗。,
枸橼酸阿尔维林,
间羟嗽必太,
有变应性反应史者应小心慎用。,
如出现喉喘鸣或面部、舌或声门的血管神经性水肿应停药，皮下注射肾上腺素，静脉注射氢化可的松或地塞米松。1,
CromoglycateSodium ,
1．肝、肾功能不全患者慎用。本品生殖毒性分级为B，孕妇慎用。尚不知本品是否经乳汁分泌，哺乳期妇女慎用。儿童用药安全性尚未评价，剂量选择应慎重。老年患者因肝肾、心脏功能降低，剂量选择应慎重。2．药物过量可引起脸红、头痛、低血压、恶心、呕吐、腹泻，多为自限性，停药或降低剂量后可恢复正常。本品使用过程中不能突然停药，突然降低或增加剂量有可能导致肺动脉高压症状的恶化，应避免。3．15～30℃保存。,
美普定,
宝乐,
Brovanexine,
博莱霉素A6,
Furbencillin,
动脉瘤,
假单胞菌制剂,
口服，成人常用量为一次2片，一天2次，首次剂量加倍。慢性支气管炎急性发作疗程至少10～14天；尿路感染疗程7～10天；细菌性痢疾5～7天；急性中耳炎10天。,
顺二氨环丁铂,
静注或静滴：每次1g，2次/d，一般使用3天为限，若需继续用本品不宜超过2周。视年龄、病情可酌情增减剂量。重症可增至每天4g，分2～4次静滴。可遵医嘱停药或换其他药。,
Strofan-K,
注射剂：250ml。,
人血丙种球蛋白,
甘氨酸茶碱片：每片330mg，内含茶碱165mg；,
恩氟醚,
肌肉萎缩,
口服：每次3～5片，每天3次。,
头孢利索,
整片吞服，禁止嚼碎，每天两次，一次10mg。,
Paedlathrocin,
慎用:(1)孕妇；(2)哺乳期妇女；(3)肝功能不全者。,
都保,
巴西单抗,
茶碱类药物个体差异较大，应根据患者病情变化确定给药剂量及方法。必要时应监测血药浓度(如在增大使用剂量时，应注意监测血药浓度，20μg/ml及以上浓度为中毒浓度。)。,
双氯醇胺,
片剂：0.5mg，1mg；,
醋甲西林,
Cyclamin,
注射剂：每支2ml。,
粉吸入剂：(1)28吸(沙美特罗1.4mg，丙酸氟替卡松2.8mg)；(2)28吸(沙美特罗1.4mg，丙酸氟替卡松7mg)；(3)28吸(沙美特罗1.4mg，丙酸氟替卡松14mg)；(4)60吸(沙美特罗3mg，丙酸氟替卡松6mg)；(5)60吸(沙美特罗3mg，丙酸氟替卡松15mg)；(6)60吸(沙美特罗3mg，丙酸氟替卡松30mg)。气雾剂：(1)60揿(沙美特罗1.5mg，丙酸氟替卡松3mg)；(2)60揿(沙美特罗1.5mg，丙酸氟替卡松7.5mg)；(3)60揿(沙美特罗1.5mg，丙酸氟替卡松15mg)；(4)120揿(沙美特罗3mg，丙酸氟替卡松6mg)；(5)120揿(沙美特罗3mg，丙酸氟替卡松15mg)；(6)120揿(沙美特罗3mg，丙酸氟替卡松30mg)。,
Montelukast,
沙雷肽酶,
Bleocamicina,
Blenoxane,
应空腹给药。,
去甲金霉素,
YM-09330,
口服：成人每次0.5～2g，每天2次。肌注或静注：每次0.5g。直肠给药：每天0.5～1g。,
Omnisan,
双乙酰氨乙酸乙二胺,
将本品用生理盐水或葡萄糖液稀释后，按10μg/(kg·5min)缓慢静脉滴注，然后以0.1～0.3μg/(kg·min)静脉滴注，可酌情增至0.4μg/(kg·min)。,
肌注，一次2ml，一天2～3次，7岁以下儿童酌减，1～2周为一疗程，或遵医嘱。,
西普乐,
口服。大蜜丸：一次2丸，2次/d。颗粒剂：开水冲服，一次1袋，2～3次/d。口服液：一次10ml，2～3次/d。儿童用量遵医嘱。,
多胺丁巴,
Bristurin,
吸取本品0.1ml（5U)，皮内注射于前臂掌侧。于注射后48～72h检查注射部位反应。测量应以硬结的横径及其垂直径的毫米数记录之。反应平均直径应不低于5mm为阳性反应。凡有水泡、坏死、淋巴管炎者均属强阳性反应，应详细注明。,
AT-3,
防止器官移植的排异反应，一般在术前1～2天开始每天口服泼尼松100mg，术后第1周改为每天60mg，以后逐渐减量。,
长期用药时，不良反应有增加的趋势，并有可能引起延迟性不良反应。,
风寒咳嗽者不宜服用，其表现为咳嗽声重，鼻塞流清涕。,
片剂：0.5mg，1mg，2mg；纸片：1mg。,
β-Aescin Sodium,
抗痨钠,
口服：每次5～10mg，每天3次。,
注意正确使用给药器皿，应在流感确诊后使用，在症状出现后30min应用效果最佳。,
苄青霉素普鲁卡因,
羟氢可待因酮,
Bleomycin A6,
本品一般为静脉注射，首次推荐剂量为360mg/m2，1h内注射完，每3～4周给药1次 以后根据毒性和病人耐受性，剂量可增至400mg/m2或更大 ,
阿摩西林,
74mg/ml)。工作台表面应覆盖可丢弃的塑料薄膜，操作者应穿戴防护衣服及手套。若皮肤接触了药液，应立即用肥皂和水彻底清洗；如眼睛或黏膜接触了药液，立即用水彻底清洗。配制好的药液应立即使用。,
Fropenem Sodium Salt,
1天2.5～5mg/kg，肌注或静注，分2～4次给药(肾功能正常的病人，1天最大量为5mg/kg)。可以直接静脉注射给药(1次为半日量，给药时间要3～5分以上，然后在起始注射后，1～2小时开始，每小时5～6mg)。,
本品主要以原形从尿中排出，肾功能不全者用药应调整剂量 老年人本品吸收减慢，排泄延迟，用药时应注意调整剂量 ,
成人静脉滴注：1次2.5～3.75g(美洛西林钠2～3g、舒巴坦钠0.5～0.75g)，每8小时或12小时1次，疗程7～14天。每天最高剂量不宜超过15g(美洛西林钠12g，舒巴坦3g)。用适量注射用水或氯化钠注射液溶解后，再加入0.9%氯化钠注射液或5%葡萄糖氯化钠注射液或5%～10%葡萄糖注射液100ml中，每次滴注时间为30～50min。,
Treprostinil,
稀化粘素,
片剂：20mg，40mg。,
雾化吸入：每次5万～10万U（溶于生理盐水），每天3～4次，一般连续用药4～6天。,
糖尿病妇女使用本品应注意调整胰岛素用量。,
罗美沙星,
Imipenem,
Sulfamethoxazole/Trimethoprim,
Aerosporin,
溶液：3%；,
阿帕西林钠,
本品溶解后应立即使用，放置时间不得超过12h。,
替伊莫单抗,
患有发热性呼吸道疾病或其他感染症者必须暂缓注射该药。,
肌内或静脉注射给药。每天1g，需要时每天可增加至2g，1次或分2次用。,
一君,
654-2,
伊米配能/西司他定钠,
络铂,
先锋必,
儿童:(1)口服给药：①新生儿与3个月以内婴儿:每12小时15mg/kg(按阿莫西林计算)。②儿童(40kg以下):一般感染(按阿莫西林计算)，每12小时25mg/kg，或每8小时20mg/kg；严重感染，每12小时45mg/kg，或每8小时40mg/kg，疗程7～10天。③儿童(40mg以上):可按成人剂量给药。④口服混悬液:6～12岁儿童每次5ml，严重者可增至10ml；2～6岁、9个月～2岁、3～9月儿童使用小儿混悬液，每次分别为5ml、2.5ml、1.25ml。每天3次。(2)静脉给药：①对3个月～12岁儿童:常用剂量为30mg/kg，每天3次；严重感染者可增加至每天4次。②对0～3个月的婴儿:常用剂量为30mg/kg，每天2次。,
儿童：每天量为20～30mg/kg，分2～4次给药。,
呋罗培南,
慎用：(1)妊娠及哺乳妇女慎用；(2)肝功能不全者慎用。,
盐酸氧四环素,
静脉滴注：每次200～400mg，每天1次，连用7～10天，对单纯性淋球菌性尿道炎或宫颈炎，可用单剂400mg静脉滴注。,
橘红片,
玄麦甘桔胶囊,
溴烷铵,
极量：每次0.5g，每天1g。治疗病窦综合征时，静脉滴注，每天0.25g，10～14天为1个疗程。,
倍能,
巯乙磺酸钠,
气雾剂：0.25%(20ml)。,
喃氟啶,
达菲,
环烯氨苄西林,
用药前后及用药时应当检查或监测：胸部X线检查、肺功能检查、血常规及血小板计数、肝肾功能检查及血尿酸。,
新青霉素Ⅲ,
多西紫杉,
口服。一次30ml，一天3次。2岁以下，一次15ml，一天2次。2～6岁，一次30ml，一天2次。6岁以上，一次30ml，一天2～3次。,
集气剂从冰箱取出后.须放置室温后方可使用，以免水汽进入。1,
帕尼培南-倍他扑隆,
低血钾症,
的卡青霉素,
Ipratropine Bromide and salbutamol,
Guaifenesinum,
本品为处方药，必须凭医师处方购买，在医师指导下使用，并定期检查肾功能，如发现肾功能异常应立即停药。,
先锋霉素Ⅴ,
Fungizone,
妥可律,
氟醚麻醉剂,
克冠卓,
气雾剂：0.5%～1%。,
避光，在2～8℃冰箱中保存。,
安必仙,
迈克罗德,
青霉素B,
丹参口服液,
一氧化碳中毒,
Romilan,
双苯克冠胺,
口服，每次250mg，每日1次，空腹或与食物同服。应根据患者的年龄、体重、性别或肾功能状况以及因肿瘤肝脏转移引起的中度或重度肝功能不全情况进行剂量调整。,
泰康新,
Farom,
吡硫头孢霉素,
老年患者；,
Sulphamezatbine,
口服：成人50～100mg，3～4次/d。5岁以上儿童25～50mg/次，3次/d。,
气雾吸入：0.75～1.5mg/d，分3～4次吸入。,
Papm/Bp,
多丁胺,
本品与β-内酰胺抗生素、青霉素和头孢菌素有局部交叉过敏反应，因此，在使用本品前，应详细询问患者有无过敏史，使用后若有过敏反应，应立即停药并做相应处理。孕妇和哺乳期妇女慎用。有癫痫病的患者在应用本品期间应继续采用抗惊厥疗法。一旦出现局部性震颤，则应减量或停药。本品静滴时不能与其他抗生素混合使用。且应现用现配，用生理盐水溶解的药液室温下存放不能超过12h，用葡萄糖溶液溶解的药液只能保存4h。,
少数有颜面、喉头、声门、舌头水肿及呼吸困难，应立即停药及对症处理。,
地塞米松磷酸钠渗透性高、作用时间长、药效学与本药相同，但其易溶于水，能制成水溶性制剂，故扩大了给药途径和应用范围。,
Ramatroban,
静脉滴注：用0.9%氯化钠注射液或5%葡萄糖注射液稀释成每毫升含1mg的溶液后静脉缓慢滴注，每次静脉滴注20min以上 一般抗病毒治疗：成人0.1～0.5g/次，1或2/d 呼吸道合胞病毒(RSV)感染；成人0.5g/次，2/d，疗程3～7d 治疗拉沙热、流行性出血热等严重疾病：成人首剂静脉滴注2g，继以每8h0.5～1g，共10d 儿童用药：10～15mg/(kg·d)，2/d，疗程3～7d 雾化吸人：20mg/次，2～4/d ,
儿童口服给药：(1)治疗尿路感染：1个月以上小儿，每次1.25～1.75mg/kg，每6小时1次；(2)预防尿路感染：对尿路感染反复发作者，可每天1mg/kg怍预防应用，每晚睡前1次，但应注意本药长期应用有发生弥漫性间质性肺炎或肺纤维化的可能。,
氨苄青霉素吡呋酯,
潘侃郎宁,
停用本药时需要逐渐减少剂量 ,
M-CCNU,
肾损害,
氨卓西林,
考的松,
顺-二氨二氯络铂,
片剂：2.5mg，5mg；,
解痉宁,
苦碟子注射剂,
别力康纳,
脉心导敏,
头孢氨噻肟钠,
注射用抗人T细胞猪免疫球蛋白：175mg；275mg。,
有肝功能损害患者宜避免磺胺类药物的全身应用，肾功能减退患者不宜应用本品。,
药物对妊娠的影响：动物实验研究表明，本药对出生后发育无影响，但尚无足够的人类临床研究资料，孕妇应慎用。,
Levalbuterol HCl,
Caspofungin,
克喘来,
BB-K8,
Sulbactam/Cefoperazone,
有下列情况时应慎用本药：,
Ly-127935,
哮喘片,
皮下注射：成人通常每周1次，15次为一疗程。第1～3周用1:100000浓度，各周剂量相应为0.3，0.6，1.0ml；第4～6周用1:10000浓度，各周相应剂量为0.1，0.3，1.0ml；第7～15周用1:5000浓度，其中明显好转者可改维持量，用1:5000浓度1ml，1次/2周。儿童：每周给药1次，25周为一疗程。第1～10周用1:100000浓度，自0.1ml开始，每周递增0.1ml；第11～20周用1:10000浓度；自0.1ml开始，每周递增0.1ml；第21～25周用1:5000浓度；自1ml开始，1次/2周。,
乙酰甲胆碱,
口服：蜜丸每次12g，水丸剂每次9g，或片剂每次6片，每天2次。,
Seratrodast,
静注：0.25～10mg，缓慢注射，时间约为10min，以心率不超过100次/min为宜。如非急症，宜用5%葡萄糖注射液稀释后静脉滴注。,
咪唑安定,
Zosyn,
煎膏剂：每袋10ml。糖浆剂：每瓶120ml。口服液：每支10ml。,
硬化症,
儿童:4周或4周以上患儿，每天8～16mg/kg，重度感染可增至每天16～20mg/kg，分3～4次给予。,
交叉过敏:对一种大环内酯类过敏者，对其他大环内酯类药也可能过敏。,
口服：每次3～6片，每天3次。,
CFDN,
用药前后及用药时应当检查或监测用药期间密切监测血压、心率。,
氮红霉素,
用药后应注意监测白细胞计数和分类、肝肾功能 必要时做细菌培养和药敏试验，血药浓度监测 ,
注射剂(粉):1.0g。,
CXD,
1．本品不适用丁哮喘发作症状或急性支气管痉挛发作的患者。2．应定期监测茶碱血清浓度，防止血药浓度过高。,
Cefotiam,
异烟肼对氨基水杨酸盐,
酞氨苄西林,
小青龙糖浆,
Farom Sun-5555,
美佳林,
药物对妊娠的影响尚无孕妇用药安全性资料，故孕妇禁用。,
静脉给药:每次1g，每天2次，疗程为7～10天。严重感染每次2g，每天2～3次，溶于100ml生理盐水中静脉滴注。,
偶有皮疹。,
心脏传导阻滞,
恩弗韦特,
Diphemin,
用于危重病人抢救，保持轻度肌松，配合呼吸机治疗，但持续时间不宜超过1周。,
Flomox,
克立马丁,
预防性治疗：(1)普通手术期可能引起的静脉血栓栓塞：可在术前2h皮下注射3500U，然后每天注射1次3500U，连用7～10天；(2)接受矫形外科的患者：建设给予50U/kg，或者在术前12h给予4500U，然后每天给予4500U。,
本药过量的特征有：视物模糊、恶心、呕吐或(和)腹泻，严重时可导致低血钾、呼吸短促、呼吸困难、喘鸣或(和)胸闷、唾液和气管支气管黏液分泌增多，甚至可引起肺不张、胃痉挛性疼痛、脉搏减慢等，由于毒蕈样作用，可导致上肢、颈、肩、舌等处肌肉出现麻痹状态，言语不清、行动不便、步态不稳、神志不清、抽搐或阵挛等。本药中毒量时出现胆碱能危象，临床表现系胆碱样和毒蕈样毒性反应的混合。使用阿托品或东莨菪碱均能予以解除。,
甲氮卓酚,
小儿肺炎,
卡柏考,
卫肺宁,
Colimycin-S,
Carbetapentane,
口服：成人2粒/次，3/d；重症3粒/次。小儿按头孢羟氨苄0.025～0.0375g/(kg·d)，甲氧苄啶0.005～0.0075g(kg·d)，分2或3次服用。,
盐酸厄罗替尼,
Yamatetan,
一次剂量不宜太大，因可致肌张力增高。,
Meiact,
片剂：50mg；,
捷佰舒,
甲氧噻吩头孢菌素,
泰洛龙,
FK-463,
胶囊剂：每粒0.3g。,
Halcinonide,
Carampicillin,
氧杂头霉唑,
溶液剂：0.2%～1%(0.1g=2万U)?,
Cefamandole,
他估巴坦,
注射剂：4mg(2ml)。,
新青霉素Ⅱ,
对于需要以青霉素(或其他抗生素)来预防肺炎双球菌感染的病人，注射该药后，不应停止使用此预防性的抗生素。,
盐酸西维美林,
凯瑞特,
泰诺,
Compound codeine Phosphate,
头孢哌酮-舒巴坦,
成人每天静滴两次，每次0.3g(按比阿培南计，30～60min内滴完)。也可根据年龄、症状适当增减，但日最大剂量不得超过1.2g(按比阿培南计)。使用时应将其溶解于生理盐水或葡萄糖注射液中。,
干扰素γ,
正肾,
老年人剂量老年人生理功能低下应减量。,
注射剂：50mg；100mg。,
静注或静脉滴注：成人每天2g；菌血症或严重难治感染每天6g；儿童每天40～80mg/kg，分2～4次给予。静注时1g用注射用水2ml溶解后再稀释至20ml缓慢静注；静脉滴注时溶于5%葡萄糖注射剂或0.9%氯化钠注射剂100～500ml中静脉滴注1～2h。,
静滴：将本品10ml加到500ml英脱利匹特内，轻摇混合后输注，24小时内用完。11岁以上及成人用成人注射液，每天10ml。11岁以下儿童用儿童注射液，每天按1ml/kg给予，1天量不超过10ml。,
成人:(1)口服给药：①用于防止肝性脑病:每天4g，分次给予。②手术前准备:每小时1g，连续4次(常与甲硝唑联合应用)。(2)肌内注射：每次0.5g，每天1.0g(按卡那霉素计，下同)。或5～7.5mg/kg，每8～12小时1次。每天用量不超过1.5g，疗程7～14天。(3)静脉滴注：每次0.5g，每天1.0g，或5～7.5mg/kg，每8～12小时1次。每天用量不超过1.5g，疗程7～14天。(4)经眼给药：滴入眼睑内，每次1～2滴，每天3～5次。(5)吸入给药：硫酸卡那霉素注射剂可用于气溶吸入给药。(6)冲洗给药：0.25%硫酸卡那霉素溶液可用于冲洗病灶。(7)腹膜内给药：2.5%的硫酸卡那霉素注射剂可用于腹膜内给药。(8)肾功能不全时剂量：肾功能不全患者，给予首次饱和剂量(5～7.5mg/kg)后，所用维持量可按下式计算:①延长给药间期，每次用量不变，给药间期＝患者血肌酐值(mg/100ml)×9；②给药间期不变(每12小时给药1次)，减少每次用量:每次剂量＝患者肌酐清除率/正常人肌酐清除率×7.5mg/kg。,
感冒咳嗽者忌用。,
与其他吸入型药物治疗一样，用药后可能出现支气管异常痉挛并立即出现喘鸣加重，应立即用快速短效的吸入型支气管扩张剂进行治疗，同时应立即停用沙美特罗/丙酸氟替卡松准纳器，并对患者进行评估，如果必要，实施替代治疗。药物过量出现的症状及处理：用药过量会出现：,
治疗卡氏肺孢子虫性肺炎，可与食物同服750mg，3次/d，连用21天。,
口服，一次4～5片，一天3次。,
头孢吡四唑,
药物过量的表现及处理：(1)多数情况下，布地奈德偶尔用药过量可出现血浆皮质醇浓度降低、中性粒细胞增加、淋巴细胞和嗜酸粒细胞降低，但不会产生明显临床症状 习惯性过量可引起肾上腺皮质功能亢进和下丘脑-垂体-肾上腺抑制 过量时，应停药或者降低用药剂量 (2)福莫特罗用药过量可能导致典型的β激动剂样反应 过量时，应停药，必要时给予对症治疗 ,
对患有哮喘、支气管炎、阻塞性肺病者有可能增加支气管痉挛的危险。,
本药不可用生理盐水溶解，应以5%葡萄糖注射液溶解后于6小时内静脉滴注，且滴注速度宜缓慢(滴速不得超过每分钟30滴)；滴注浓度不宜大于,
成人：(1)蛔虫病、蛲虫病：400mg顿服。(2)钩虫病、鞭虫病：①每次400mg，每天2次，连服3天。②400mg顿服。(3)粪类圆线虫病：每次400mg，每天2次，连服3天。(4)旋毛线虫病：每天600～800mg，分2次服，疗程1周。(5)囊虫病：①每天20mg/kg，分3次口服，10天为1个疗程，一般需1～3个疗程。疗程间隔视病情而定。②每天15～20mg/kg，分2次口服，10天为1个疗程，停药15～20天后，可进行第2个疗程。一般需2～3个疗程，必要时可重复治疗。③皮肤型为15mg/kg，10天为1个疗程，一般需2～3疗程，每疗程间隙15～21天。④脑型为每天18mg/kg，疗程同皮肤型。(6)包虫病：每天20mg/kg，分2次口服，疗程1个月，需多次治疗。一般需5个疗程以上。疗程间隔为7～10天。(7)牛肉绦虫感染：每次400mg，每天2次，连服3天。(8)猪肉绦虫感染：每天300mg，连服3天。(9)棘球蚴病：每天7～10mg/kg，每天2次，疗程1个月，每个疗程间歇半个月。(10)华支睾吸虫病：①每天400mg，分2次或1次服用，7天为1个疗程。②每天8mg/kg，顿服或每天2次，连服7天。(11)肺吸虫病：每天400mg，7天为1个疗程。(12)梨形鞭毛虫病：每天400mg，连服3天。(13)治疗猪囊尾蚴病：15～18mg/kg，日服2次，连服10天为1个疗程，间隔10～20天再重复疗程，一般为2～3个疗程。,
活力康唑,
和乐生,
应用本品治疗时需进行常规血液生化及肝功能监测。,
过量可引起癫痫样惊厥，随之出现昏迷 惊厥发作可静脉注射苯二氮卓类药或小剂量硫喷妥钠控制 ,
每8小时500～1000mg。,
氟羟西林,
先福吡兰,
每次注入的颗粒数应控制在20～40万。99mTc-MAA容易沉淀，注射前应充分摇匀，如发现有变色，或不能分散的圆块状物，不可使用。,
氯苯唑青霉素,
禁用、慎用：肺脾气虚者，其表现为声嘶日久，逐渐加重，语音低微，倦怠乏力不宜服用。,
静脉滴注，稀释液可用0.9%氯化钠溶液、5%(10%)葡萄糖溶液、5%(10%)甘露醇溶液。成人，一般感染：每天1～2g，分3或4次静脉滴注；重症感染：每天2g，分2次静脉滴注，最大剂量不能超过每天4g，静脉点滴速度30min500mg为宜。儿童，每天30～80mg/kg；严重感染每天100mg/kg，每6～8小时1次。,
扑哮息敏,
二母宁嗽片,
有低血压或心悸者慎用。,
安乐卡星,
Holoxan,
Cafajet,
接受本品治疗的病人应在有心肺功能复苏设备、急救药品及人员监护下进行，因为本品注射时，常有发热、寒颤、呼吸困难及其他不适症状发生，特别是第一、二针注射时，应密切监视及处理。,
Almitrine,
Triamcinolone Acetonide/Miconazole/Neomycin,
Redactiv,
注射剂：75mg(1.5ml)，100mg(2ml)。,
静脉给药：,
肌内注射：每次0.25～0.5g。,
单纯疱疹,
Kanamycinum,
成人：(1)口服给药：开始为每次0.75～3mg，每天2～4次；维持量约每0.75mg，视病情而定。(2)静脉注射：①疾病危急状态，如严重休克等的治疗：用地塞米松磷酸钠，每次2～20mg，2～6h重复给药至病情稳定，但大剂量连续给药一般不超过72h。②缓解恶性肿瘤所致的脑水肿：首剂静脉推注10mg，随后每6小时肌内注射4mg，一般12～24h患者可有所好转，于2～4天后逐渐减量，5～7天停药。③不宜手术的脑肿瘤：首剂静脉推注50mg，以后每2小时重复给予8mg，数日后再渐减至每天2mg，分2～3次静脉给予。(3)肌内注射：①一般用法用量：用醋酸地塞米松注射剂，根据病情每次5～15mg，间隔2～3周注射1次。②用于缓解恶性肿瘤所致的脑水肿：参见静脉注射项。③增强治疗或用于过敏性疾病、休克：每次2～6mg；重症可重复给药，每2～6小时1次。④恶性疟所致脑水肿引起的脑昏迷：每次3～10mg，每8小时1次。(4)关节腔内注射：每次0.8～4mg，视关节腔大小而定。鞘内注射：每次5～10mg，间隔1～3周注射1次。(5)吸入给药：用于过敏性鼻炎，用1.7%～2.3%气雾剂喷雾吸入，每天2～4次。(6)经眼给药：①滴眼：外眼炎症可采用0.001%浓度，每天4～5次；内眼炎症以及手术后，药物浓度可增加至0.1%，每天4～5次。②植入微粒：在眼科手术结束并取出黏弹物质后，用精密无齿镊从包装中取出地塞米松缓释微粒1粒放入眼前房或后房，如果放在前房，应将药粒放在虹膜基底12点位置；如果放在后房，应放在虹膜和人工晶体前表面之间的6点位置，然后以常规方式闭合切口。③玻璃体内注射：每次0.4mg。(7)局部给药：用0.05%～0.1%乳膏涂搽患处，每天2～3次。,
羟氨苄头孢菌素,
尼氮芥,
葡甲胺环腺苷酸,
噻吗灵,
成人：(1)口服给药：每天2～4g，分4次空腹服用；(2)肌内注射：每天2～4g，分4次给药。每天最高剂量为16g；(3)静脉给药：每天2～12g，分2～4次给药。每天最高剂量为16g；(4)腹腔、胸腔、关节腔注射：每次500mg；(5)鞘内注射：脑膜炎患者，每次20mg；(6)肾功能不全时剂量：肾小球滤过率(BFR)为每分钟10～15ml者，给药间隔时间应延长至6～12h；GFR小于每分钟10ml者，给药间隔时间应延长至12～16h。,
异丙喘宁,
成人常规剂量：(1)静脉滴注：①诱导期：5mg/kg，每12小时1次，每次1h以上，疗程14～21天；②维持期：5mg/kg，每天1次，每次1h以上；③预防用药：5mg/kg，每12小时1次，每次至少1h以上，连续7～14天，继以5mg/kg，每天1次，共7天。(2)口服给药：维持期亦可采用口服剂，每天3次，每次1000mg与食物同服。,
Infectrin,
口服。成人每次2片，每日3次。24h不超过7片。6～12岁儿童，每次1片，每日3次，24h不超过3.5片，或在医师指导下服用。,
喘康速,
安律酮,
其他：①本品含木香，该药材含马兜铃酸，马兜铃酸可引起肾脏损坏等不良反应。②应定期检查肾功能，如发现肾功能异常应立即停药。,
每次雾化吸入后要用清水漱口，以减少药物进入胃肠道的量。,
用药期间应检查听力(每周1～2次)、前庭功能及肝肾功能、血钾浓度。,
片剂：1mg；2mg；4mg。,
Bambec,
皮下、肌注、静注或静脉滴注：每天1～2次，每次4～8mg。静注用25%葡萄糖注射剂20～40ml稀释后缓慢注射。静脉滴注用5%葡萄糖盐水或林格液250～500ml稀释后缓慢滴注。,
注射剂(粉)：0.4g(40万U)，相当万古霉素0.5g(50万U)。,
注射剂：2ml。,
环西林,
维库溴铵：注射(粉针)剂，浙江医药股份有限公司生产。每支4mg(附溶剂)。,
慎用:(1)对青霉素类过敏者；(2)已知有变态反应史者；(3)早产儿、新生儿、孕妇及哺乳期妇女慎用或最好不用；(4)肾功能不全者慎用或应减量。,
X线造影剂,
儿童：每天30～50mg/kg，分3～4次服用。,
静脉给药：每次25mg，静脉注射，或以5%～10%葡萄糖溶液稀释后静脉点滴。,
磺胺异氧唑,
迪可罗,
Lautadin,
爱尔凯因,
呼吸性酸中毒,
咳乃定,
Balofloxacin,
肝、肾、心脏病及严重高血压患者，一般不宜使用。,
有过敏、哮喘和对含碘制剂有过不良反应的需特别注意。对这些病例可考虑使用预防用药，如类固醇，H1、H2组胺受体拮抗剂等。,
反射亢进,
儿童：(1)口服给药：①小儿：每天20～40mg/kg，每8小时1次。②新生儿和早产儿：每次50mg，每12小时1次；感染严重者可每8小时1次。(2)肌内注射：小儿每天50～100mg/kg，分3～4次给药。(3)静脉滴注：小儿每天50～100mg/kg，分3～4次给药。,
双戊胺,
药物对老人的影响：老年人用药的安全性和药动学与年轻人无明显差异。,
儿童:(1)肌内注射：12岁以上患儿的常用剂量为每次4.5g，每8小时1次。(2)静脉给药：12岁以上患儿的常用剂量为每次4.5g，每8小时1次。,
呋喃氟脲嘧啶,
合剂：每瓶100ml；胶囊剂：每粒0.3g。,
冬凌草浸膏,
气胸,
布德松,
气雾剂：盐酸盐，2%溶液；,
片剂：含磷酸可待因(C18H21NO3·H9PO4·3/2H2O)12mg，桔梗流浸膏50mg。,
肺病型肠内营养混悬液(商品名益菲佳，Pulmocare)：237ml；1000ml。,
AGGRASTAT,
Mepem,
Cefacetrile,
一般治疗：每次120U/kg，每天2次。,
哌可松,
琥珀明胶,
Pulmicort,
氨哮素,
肝脏疾患、心力衰竭、急性肺炎患者等应慎用或减少剂量。,
只可使用注射器抽取药量：必须使用灭菌后的针头及不含保存剂，抗菌剂的清洁针筒。,
或者每次4片(卫非宁TM150)，隔日1次或每周3次。,
纤维蛋白黏合胶,
口服：蜜丸每次2丸或浓缩丸每次8丸，每天2～3次。,
贮法：密封，30℃以下贮存 ,
高剂量(250mg，每日2次)比低剂量(125mg，每日2次)更容易引起肝功能异常。,
头孢四号,
胺溴素,
CMNX,
匹服平,
仑氨苄西林,
强力安喘通,
Neuroquinoron,
静滴，推荐起始剂量为100mg，以后每次50mg，每12h给药一次，静脉滴注30～60min。疗程根据感染部位和感染程度而定，一般5～14天。本品可用0.9%氯化钠注射液或5%葡萄糖注射液作为溶解液。本品50mg先用0.9%氯化钠注射液或5%葡萄糖注射液5ml溶解，再加到100ml输液中，使输液中药物浓度不超过lmg/ml。,
足叶乙甙,
溴化氧托品,
Mupirocinum,
Trovafloxacin Me-sylate,
育龄妇女慎用。,
99mTc-DTPA,
甲氧苯丙甲胺,
新达贝宁,
稀氨溶液：为100ml中含有氨10g的澄清液体，供吸入用。,
用药期间密切观察患者病情。,
Eminase,
合成杜鹃素,
穿琥宁(脱水穿心莲内酯琥珀酸半酯单钾盐)注射剂：20mg(2ml)。,
成人：每天4～8g，对铜绿假单胞菌败血症每天可用到16～20g，静脉滴注或分2～4次静脉注射。,
口服：每次15～30mg，每天3次。,
盐酸地霉素,
气雾吸入：每次0.25～0.5ml。,
Carbenin,
头孢霉素Ⅰ号,
复方甘草酸单胺胶囊,
口服，一次12g，3次/d。,
咳喘宁口服液,
用药期间宜做血糖、肝肾功能、血象、血清钙、心电图、血压等监测。与肾毒性药物同用时，更应监测肾功能。,
本药不应与其他黄嘌呤类药物同用，与麻黄素或其他肾上腺素类药物同用时须慎用；与氟喹酮类药物(如依诺沙星、环丙沙星)合用时宜减量；建议用药时避免饮用含咖啡因的饮料或食品。,
威力顺铂,
Bleomycinum,
林大霉素,
慎用:哺乳期妇女。,
低血糖症,
稀氨溶液(dilutdeammoniasolution)为100ml中含有氨10g的澄清液体，供吸入用。,
Mecysteine,
美洛巴坦,
Gentamicin,
Temocillin,
雾化吸入：用10%溶液喷雾至咽喉部及上呼吸道，每次1mL～3mL，2～3次/d。,
静滴：本品注射液溶于5%～10%葡萄糖液内作静滴。首次100U/kg体重，渐增至每天600～800U/kg体重，疗程1～2个月。,
可与食物同服，但抗酸药则抑制本品吸收，应避免同服。,
药物对检验值或诊断的影响：(1)应用碱性酒石酸铜试液进行尿糖试验可呈假阳性；(2)直接抗人球蛋白(Coombs)试验约5%患者可呈阳性反应；(3)少数患者用药后偶有丙氨酸氨基转移酶、天门冬氨酸氨基转移酶、乳酸脱氢酶和碱性磷酸酯酶值升高，中性粒细胞减少，嗜酸细胞增多等。,
先锋孟多,
哺乳期妇女应用本品时，应停止哺乳。,
应用本品前应仔细询问药过敏史。孕妇及哺乳妇女慎用。对患有严重中枢神经疾病者慎用。,
应注意观察患者紧张、激动、失眠、惊厥或心律失常等不良反应。,
杜丁胺,
复方苦参注射剂,
Trentadil,
慎用：(1)新生儿。(2)55岁以上老年患者。(3)低氧血症患者。(4)高血压患者。(5)有消化性溃疡病史的患者。,
阿司匹林诱发哮喘,
霉酚酸酯,
治疗期间需限制饮水。,
Tubocurarine chloride,
妊娠及哺乳期妇女慎用。,
丁地去炎松,
FK-027,
儿童：(1)口服给药：每天0.2～0.3g/kg，分3～4次服。(2)静脉滴注：每天0.2～0.3g/kg，临用前加适量灭菌注射用水使溶解后再用5%葡萄糖注射剂稀释。,
开托普利,
免疫血清球蛋白,
维甲灵,
使用本药治疗时，哮喘症状多在一周内头几天初步改善。,
BB-882,
口服。糖浆剂：一次5～10ml，一天3次。胶囊剂：一次1～2粒，一天3次。口服液：一次10ml，一天3次。,
注射剂：1mg（ml），0.5mg（0.5ml）。,
盐酸羟可酮,
里拉西林,
丙胺博莱霉素,
Flomoxef,
慎用：(1)肝、肾功能不全者。(2)电解质紊乱者。,
Vepesid,
胸(腹)腔注射：30～45mg用注射用水50ml溶解，待抽尽积液后注入胸(腹)腔，1～2周1次。,
锋克松,
先力腾,
Zyvoz,
精制白喉抗毒素,
热痰,
下述患者应在医师指导下使用：有过敏史或家族过敏史者，高热者，心脏病患者，高血压患者，青光眼患者，排尿困难者，孕妇，老年患者和体弱者。,
Primaxin,
非结核性分枝杆菌病,
动铂,
培罗坦克,
依利诺替康,
安奇,
Lujiemycin,
Visudyne,
Lamoxactam,
妊娠及哺乳期妇女不宜服用。,
均口服给药。治疗细菌感染：成人每次2片，每12小时1次；小儿体重超过40kg者同成人药量；体重低于40kg者，每次每公斤体重给药为1/20片，12小时给药1次。治疗寄生虫感染，如卡氏肺囊虫感染的肺炎，成人每次2片；小儿体重超过32公斤者同成人药量；低于32kg者，每公斤体重每次1/16片，6小时给药1次。,
Fuzeon,
推荐每日剂量为150mg，在饭前1小时或饭后2小时服用。直至病情进展或出现无法接受的毒副反应才停药。,
注射剂（粉）：500mg。,
正泰霉素,
阿瑞,
片剂：20μg。,
Brovan,
阿斯维丁,
如用药后发生过敏反应及肝功能损害的不良反应，须停药；如出现哮喘大发作，必须给予甾体激素或支气管扩张剂。,
阿莫西林-克拉维酸钾片(奥格门汀)，替卡西林-克拉维酸钾注射剂(见表1)。,
Cefpiramide Na,
伊洛前列素注射液0.1mg。,
龙力,
曲安西龙阿赛松,
信必可,
Mecholyl,
口服，一次5粒，3次/d(规格0.3g)。一次3粒，3次/d(规格0.5g)。24周为一疗程。,
本品过量的治疗措施：因本品药效持续时间长，因此，首先应采取必要的通风措施，使病人呼吸正常。用药过量或过敏可用阿片受体拮抗药盐酸纳洛酮，并严密监护病人直至呼吸正常。临床上无明显呼吸抑制或心血管抑制的病人可不应用拮抗药，必要时给氧及其他辅助措施。本品用药过量可立即用洗胃法将未吸收的药物排出。,
先锋美他醇,
用特制喷雾器喷雾吸入，成人及12岁以上儿童，每次0.63mg，每日3次，症状不能控制的，可每次1.25mg，每日3次；6～11岁儿童，每次0.31mg，每日3次，剂量不能超过每次0.63mg，每日3次 ,
本药水溶液在空气中易氧化变质，因此应在临用前配制。剩余溶液应密封并贮于冰箱中，48h内用完。,
安嗽定,
应该限用于气管内插管、机械通气的全身麻醉。成人：麻醉诱导1.5～2.5mg/kg缓慢静注。麻醉维持4～12mg/(kg·h)。与芬太尼等镇痛药合用时适当减量。小儿：麻醉诱导2.5～3mg/kg缓慢静注。麻醉维持9～15mg/(kg·h)。ICU病人镇静：可以不给冲击量，以0.5mg/(kg·h)速度开始，以后根据病人镇静情况调整速度。,
Methacholine,
代谢性酸中毒、严重肝损害、肺部疾病、脓毒血症、单核-吞噬细胞系统疾病、贫血或凝血功能障碍、有脂肪栓塞倾向的病人慎用静脉输入脂肪乳。太快输入会引起体液或脂肪负荷过重，导致血浆中电解质浓度稀释、体内水潴留、肺水肿、肺弥散能力受阻。,
半胱氨酸甲酯,
本药不宜与金属、橡皮、氧化剂及氧气接触，因此雾器应用玻璃或塑料制作。,
用约20ml凉饮用水送服胶囊一粒后，静坐25min。,
老年人、儿童、孕妇及哺乳期妇女均需慎用本品。,
溴化十六烷基三甲胺,
Meticortelone,
Tomiron,
施立稳,
头孢环己烯,
复方长效氨茶碱片：白色外层含氨茶碱100mg、氯苯那敏2mg、苯巴比妥15mg、氢氧化铝15mg；棕色内层含氨茶碱和茶碱各100mg；,
干混悬剂:1000mg(加水至100ml，得50mg/5ml混悬剂)。,
Piperacillin,
伴有感染者，应积极有效地制止感染。,
中诺克奇,
苏哌,
胶囊：125mg，250mg，500mg；,
注射剂(粉):2.25g，4.5g。,
本药与酸、碱性较强(PH≤4或PH≥8)的药物呈配伍禁忌。,
气雾吸入：成人每次0.2mg，每天3～4次。,
利福酰胺,
联合用药：一般每次75mg/m2，每3周1次。,
Penicillin V potassium,
静脉滴注给药：成人每天2g，分2次给药，重症可增至每天4g。用5%～10%葡萄糖溶液溶解，稀释后滴注。,
L-749,
用药前后及用药时应当检查或监测。建议长期接受吸入型皮质激素治疗的儿童定期检查身高。,
驾驶员或操纵机器者不宜服用本品。,
口服：合剂和口服液每次10～20ml，每天3次；冲剂每次1袋，每天3次；糖浆每次15～20ml，每天3次 ,
小儿新灭菌,
环硫铂,
偶而会发生休克症状（恶心、四肢寒冷、呼吸困难等），发现异常时应终止给药。,
Mezlocillin sodium/Sulbactam sodium,
Cefetamete Pivoxil,
成人常用75mg，2次/d，连用5天。应在症状出现后2天内开始给药。,
静脉输注：每次400～700mg，每天1次。选较粗静脉，采用丫形输液管，先以0.9%氯化钠注射剂打通静脉，再快速输入药液。用药前0.5h先给予口服泼尼松一次，输注中可加入地塞米松5～10mg，以防发生过敏。,
托哌松,
丙种球蛋白,
菌必灭,
Sisaal,
金格多那,
MabThera,
尚无孕妇的安全用法。,
Cellcept,
痰特灵,
维静宁,
成人：与其他抗结核药合用，每次250mg，每8～12小时1次，或者每天10mg/kg，分3次服。也有使用每天0.6g的用法。,
对于有严重抑郁症、能引起呼吸抑制的中枢或呼吸道病变、急性酒精中毒、急腹症、癫痫、艾迪生病、溃疡性肠炎、前列腺增生、肝肾功能不良者，使用此药时要特别注意,
避免将本药与其他拟交感神经药(如食欲抑制药、苯丙胺、抗高血压药及其他抗组胺药)合用。服药后不宜驾驶车船或操作机械。药物过量可导致神经紧张、头晕或失眠；可采取洗胃、服用安定及对症治疗等措施。,
慎用：对青霉素过敏及过敏体质者慎用；孕妇及哺乳期妇女慎用；肾功能不全者慎用。,
药物对妊娠的影响：美国药品和食品管理局(FDA)对本药的妊娠安全性分级为D级。,
毒毛旋花子苷K,
易而迷,
静脉注射：每次3mg，必要时每30min重复1次；极量为每次6mg，每天20mg。,
仙力素,
禁用、慎用：患有原发性心、肺、肝、肾疾病者忌服。,
胶囊：0.25g，0.5g；,
禁用、慎用：①切勿接触眼睛，鼻黏膜损伤者慎用。②对本品及酒精过敏者禁用，过敏体质者慎用。,
溴环己胺醇,
Zanamivir,
慎用：(1)有出血倾向或有出血性疾病史者。(2)心力衰竭患者。(3)肾清除率下降者(应警惕循环负担过重)。(4)需预防颅内出血的神经外科手术患者。(5)肝病患者(国外资料)。(6)肺水肿患者(国外资料)。,
头孢特仑匹酯,
优宁,
氧氟沙星滴眼液,
三水合氨苄青霉素,
注射用抗人T细胞兔免疫球蛋白：25mg。,
成人常规剂量：口服给药：(1)过敏性鼻炎：一次10～20mg，一日1次，可根据病情调整剂量。(2)荨麻疹、湿疹、皮炎、皮肤瘙痒症、银屑病、支气管哮喘：一次20mg，一日1次，可根据年龄、症状调整剂量。,
安比林,
Lorabid,
本药久服可使结核活动及溃疡病穿孔出血。肠吻合术后尽量不用。,
133Xe肺动态显像的方法为在γ照相机下，自肘静脉以弹丸式注入133Xe氯化钠注射液的灭菌溶液370MBq(10mCi)，连续摄影。可见133Xe迅速由上腔静脉进入右心，5～8s后右心排空，此为右心相。继之进入肺灌注相，早期肺影呈均匀分布，由淡变浓，直至两肺放射性分布均匀一致，肺影完整。本相在注射后30s钟内完成。31s以后进入通气相，此时133Xe变成气体自毛细血管床逸出至肺泡内，并随呼吸排出体外，故随时间延长，肺影逐级变淡，一般在2min内消失，5min积累相，肺内局部应无放射性滞留。在病理状态下，不但各相的时间延长，而且放射性核素的分布也发生改变。,
用药前后及用药时应当检查或监测：(1)血气分析等酸碱平衡分析指标；(2)血氯、钾、钠浓度测定。,
安普西林,
羟乙茶碱安妥明,
成人：常规剂量：肌内注射一次0.5～1g，一日3～4次。以灭菌注射用水2～4ml溶解后深部肌内注射。静脉滴注一日2～4g，分2～4次给药。肾功能不全时剂量严重肾功能减退患者应减量。儿童：静脉滴注一日20～40mg/kg，分次给药。,
本品不能预防由其他病原体引起的普通感冒。,
饮食宜忌：忌食辛辣、生冷、油腻食物。,
Sulfamethoxazole,
口服：每次0.15～0.75g，每天2～3次。直肠给药：每次0.5g，每天1～2次。,
舒巴坦/头孢哌酮,
在二次给药后的任何时候QT间期超过500ms(室性传导异常的患者可达550ms)，就应停用本品，并严密监测直至QT间期恢复正常。,
双脱氧肌苷,
本品不能静注。,
复方金钱草口服液,
泉铂,
Locorunal,
干粉吸入剂：50μg/100μg；50μg/250μg；50μg/500μg(沙美特罗/丙酸氟替卡松)。,
Colimycine,
药物对检验值或诊断的影响：本药可引起肺炎样症状、肺纤维化、肺功能损害，应与肺部感染作鉴别。,
头孢菌素5号,
用药前后及用药时应当检查或监测：用药期间应定期复查肝功能，包括：氨基转移酶、胆红素、碱性磷酸酶等。,
Cofrel,
Tacef,
静脉用药：1次给药，300～400mg/m2，静脉注射或静脉滴注，儿童可提高到560mg/m2，4周重复1次；或50～70mg/m2(一般1次100mg)，每天1次，连用5天，4周重复。近年来多主张根据AUC(血药浓度-时间曲线下面积)决定用药剂量。,
Kangdise,
Biophylline,
药物对妊娠的影响：动物生殖实验表明，糖皮质激素可诱发畸变(腭裂，骨髓畸形)，大剂量的沙美特罗昔萘酸盐具有胚胎毒性。但上述现象与人类使用推荐剂量的沙美特罗和丙酸氟替卡松的相关性尚未证实。孕妇用药应权衡利弊，并应将丙酸氟替卡松的剂量调整至可充分控制哮喘的最低有效剂量。,
凯宝川苧,
片剂：每片重0.4g。,
ErythromycinPropionate Launyl Sulfate,
交叉过敏：对一种青霉素类药过敏者可能对其他青霉素药过敏，也可能对青霉胺或头孢菌素类药过敏。,
药物对儿童的影响：儿童用药的安全性和有效性尚未确立。,
本品直接作用于呼吸中枢，也作用于控制呼吸频率的中枢而发生不规则性呼吸。,
Lysine Tneophvllinate Tablets,
磷酸组织胺,
用药前后及用药时应当检查或监测(1)血气分析。(2)血压、心率和呼吸功能。,
成人：每天1～2g，分3～4次服用。,
出现皮疹等过敏症状时须停药。,
肾功能损害及轻度肝功能损害患者不需调整剂量，中度肝功能损害患者首日负荷剂量为70mg，继以维持剂量每日35mg。,
Carbenicillin,
SMZ,
(1)交叉过敏反应。对一种磺胺类药物呈现过敏的患者对其他磺胺类药物也可能过敏。(2)对呋塞米、砜类、噻嗪类利尿药、磺脲类、碳酸酐酶抑制药呈现过敏的患者，对磺胺类药物亦可过敏。(3)用药期间须注意：血常规检查，对疗程长、服用剂量大、老年、营养不良及服用抗癫痫药的患者尤为重要。治疗中定期尿液检查(每2～3天查尿常规一次)以发现长疗程或高剂量治疗时可能发生的结晶尿。肝、肾功能检查。(4)一次服用本品时应饮用足量水分。服用期间也应保持充足进水量，使成人尿量每天至少维持在1200ml以上。如应用本品疗程长，剂量大时除多饮水外宜同服碳酸氢钠。(5)严重感染者应测定血药浓度，对大多数感染疾患者游离磺胺浓度达50～150μg/ml(严重感染120～15μg/ml)可有效。(6)不可任意加大剂量、增加用药次数或延长疗程，以防蓄积中毒。(7)由于本品能抑制大肠杆菌的生长，妨碍B族维生素在肠内的合成，故使用本品超过一周以上者，应同时给予维生素B以预防其缺乏。(8)如因服用本品引起叶酸缺乏时，可同时服用叶酸制剂，后者并不干扰TMP的抗菌活性，因细菌并不能利用已合成的叶酸，如有骨髓抑制征象发生，应即停用本品，并给予叶酸3～6mg肌注，一天1次，使用2天或根据需要用药至造血功能恢复正常，对长期、过量使用本品者可给予高剂量叶酸并延长疗程。,
Clindamycin,
儿童：抗结核病：每天20～30mg/kg，分3～4次服。,
脂肪乳注射液：l0ml:20mg。,
Metaproterenol,
衰弱患者慎用。,
羧茚青霉素,
美普清,
羧茚苄青霉素,
偶尔皮疹、荨麻疹、瘙痒、眼睑发红或浮肿、结膜充血等，一旦出现症状终止给药。,
卤美松,
对有过敏反应史、哮喘史或对碘造影剂有不良反应史的患者需特别注意，可以考虑预先给予皮质激素或抗组胺药。,
头孢噻肟四唑,
片剂：(1)200mg；(2)300mg；(3)400mg。胶囊：200mg。贮法：密闭干燥处贮存。注射液：10ml：100mg。大输液：100ml：300mg。散剂：200mg。氯化钠注射液：100ml(多索茶碱300mg与氯化钠900mg)。葡萄糖注射液：(1)100ml(多索茶碱300mg与葡萄糖5g)。(2)250ml(多索茶碱300mg与葡萄糖12.5g)。,
科福乐,
甲亢、糖尿病、高血压、心脏病患者慎用。,
肾功能不全时剂量：肾功能损害者肌酐清除率为每分钟16～30ml时，最大剂量为2g，间隔时间12h；肌酐清除率为每分钟小于15ml时，最大剂量为1g，间隔时间为12h。,
泼米考特得宝,
羧苄青,
用药前后及用药时应当检查或监测：(1)动脉血气分析或二氧化碳结合力；(2)测定血清碳酸氢根离子浓度及血清钠、钾、氯、钙浓度：(3)肾功能；(4)尿pH值。,
Tubocurarine,
喘舒,
孕妇和哺乳期妇女慎用。,
必消痰,
成人：静脉给药：(1)睾丸生殖细胞肿瘤：BEP方案，即博莱霉素(BLM)每周30mg，分3次静脉注射；本药每天100mg/m2，连用5天，或每天120mg/m2，连用3天；顺铂(DDP)每天20mg/m2，连用5天。(2)体积大、预后差的肿瘤：可用双倍顺铂的PVeBV方案，即DDP每天40mg/m2，连用4天(溶于3%氯化钠溶液中静脉滴注)；长春碱(VLB)0.2mg/m2，连用5天。(3)小细胞肺癌：可用经典的CAV方案，即环磷酰胺(CTX)、阿霉素(ADM)及长春新碱(VCR)，与PV方案(DDP60～120mg/m2，只用1天；本药每天100mg/m2，连用5天)交替作用。(4)非小细胞肺癌：用PV方案(见小细胞肺癌)治疗。(5)胃癌：EAP方案：第1、7天每天使用ADM20mg/m2，第2、8天使用DDP每天40mg/m2，第4～6天本药每天120mg/m2，均静脉注射给药。ELF方案，亚叶酸钙(LV)、氟尿嘧啶(5-FU)每天分别为300mg/m2、500mg/m2，连用3天，第3、5天静脉注射本药每天120mg/m2。这两种方案的疗效均优于过去常用的FAM方案。(6)霍金奇淋巴瘤：采用EVA方案，本药每天100mg/m2静脉注射，连用3天，VLB6mg/m2，ADM50mg/m2。口服给药：每天70～100mg/m2，连用5天，或30mg/m2，连用10天。每3～4周为1个疗程。,
5倍、ALP高于正常上限,
阿洛欣,
氨氯铂,
Baloxin,
肝肾功能不全；,
Midecacine,
脉血康肠溶胶囊,
上呼吸道感染：每12小时服100mg，共服10天。,
Pivampicillin,
帮备,
注射剂(粉)：0.5g，1.0g，2.0g；,
Simpelate,
持续静滴的给药速度维持存5～10μg/(kg·min)。,
葡萄球菌激酶,
慎用：严重肝、肾功能损害者。,
氨西林,
溴替喹嗪,
口服，一次9～15g，一天2次。,
Isoprophenamine,
药物对老人的影响：老年患者对本药清除率可能不同，用药时应监测血药浓度，慎用。,
氨茶碱缓释片,
铝、镁、钙等阳离子的螯合作用可减少本品的吸收，口服本品前后2h内不宜服用该类药物。,
结核清,
沃格孟汀,
头孢噻乙胺唑,
长期大剂量使用本药须定期检查肝、肾功能及血液学参数(全血计数等)。,
氟松甲龙,
Ultane,
支气管哮喘、诊断不明的急腹症及腹泻、胆结石、颅脑外伤或颅内病变、本品可引起瞳孔变小、模糊临床体征、前列腺肥大等慎用。,
交叉过敏：对一种头孢菌素类药过敏者对其他头孢菌素或头霉素药可能过敏；对青霉素类、青霉素衍生物或青霉胺类药过敏者也可能对头孢菌素类药过敏。,
孕妇及哺乳期妇女慎用，肾功能不全时林可霉素的半衰期可自正常的4～5h延长至10～13h，血浆药物浓度可达正常肾功能者的3～4倍，药物也不能由血或腹膜透析清除，故肾功能严重不全者需减量应用，有主张给正常量的25%～30%。克林霉素应用于轻、中度肾功能损害者半衰期延长不明显，重度肾功能损害者应用本品后血药浓度可达正常者2倍左右，故亦需减量应用，可用正常量的1/2。肝功能损害者不宜应用此类药物，必需应用时减量。本品不能与红霉素合并应用。本品与林可霉素间有交叉耐药性。因不能透过血-脑脊液屏障，不能用于脑膜炎。,
Isuprel,
成人常规剂量：口服给药：一次138mg(按无水茶碱计)，一日3次，饭后服。直肠给药：一次800mg，一日2次。喷雾吸入：5%～10%的溶液，一次2ml，每4小时1次。静脉注射：一次400mg，缓慢注入，如能耐受，可逐渐增至一次800mg，一日3～4次。肾功能不全时剂量：在停用合用药物后，血清茶碱浓度的维持时间往往显著延长。应酌情调整用药剂量或延长用药间隔时间。肝功能不全时剂量：同肾功能不全时剂量。其他疾病时剂量：使用某些药物的患者及茶碱清除率降低者，用法用量同肾功能不全时剂量。,
α-细辛醚,
鱼金注射剂,
高血压、心脏病、甲状腺功能亢进及糖尿病患者慎用（糖浆剂糖尿病患者禁服）。,
氨羟苄头孢菌素,
TM150：每片含利福平150mg，异烟肼100mg；,
年龄＜6岁儿童尚未被列为用药对象。,
Cefclidin,
尿潴留,
里杜霉素,
口服液：每支30ml。,
FR-17027,
对于皮肤感染的剂量为每12小时口服400mg，对于其他感染一般的使用方法为口服600mg，或每12小时静脉滴注一次。在急性期应静脉滴注250～500mg/次，一日2次，连续3天后改为口服，维持1～2周。,
急诊患者用药前应备好人工机械通气装备。应用本药对抗箭毒过量引起的呼吸抑制时，应加用人工呼吸装置。,
Mebropine,
片剂：每片含本品0.4mg。,
Betnovate,
Sod Aescine,
口服给药：成人每次0.5g，每天2次。儿童每次15mg/kg，每天2次。,
儿童：(1)一般感染：每12小时15～20mg/kg。(2)A组溶血性链球菌咽炎及扁桃体炎：每12小时15mg/kg，共10天。,
健择,
用药前后及用药时应当检查或监测：(1)定期检查血清钾及血糖水平 (2)长期使用应进行肾上腺功能检查 ,
开普拓,
重组人粒细胞-巨噬细胞集落刺激因子,
尚不清楚本品能否分泌人乳汁，哺乳期妇女的用药安全性尚未确定，用药前应停止哺乳。,
硫酸多粘菌素E,
Accolate,
孕妇、哺乳期妇女慎用。,
胶囊：0.3g。,
口服，一次2片，一天3次。,
肌注：成人20～40mg，1次/d。,
成人常规剂量：口服给药：(1)胶囊：一次300mg，一日2～3次，7～14日为一疗程。若疗效不佳，观察3日后停药。(2)肠溶胶囊：①急性病患者：一次300mg，一日3～4次。②慢性病患者：一次300mg，一日2次。最后一次剂量最好在晚上临睡前服用，以利于夜间休息。③支气管造影后：服240～360mg可帮助造影剂的咳出。,
成人每天口服6～90mg，剂量依病情而定。,
Fudosteine,
阿莫西林棒酸盐,
Declomycin,
胸、腹腔注射：1次30～60mg，7～10天1次。,
Furbenicillin,
吡维铵,
白内障,
注射剂(粉)：1g，2g，3g，4g。,
全霉林,
血小板减少症,
成人:口服给药：①一般用量:每天1.6g，分2～4次服用；严重感染时剂量可加倍，但每天量不宜超过4g。②预防链球菌感染:每天0.4g，每天2次。③军团菌:每次0.4～1.0g，每天4次。④衣原体或溶脲脲原体感染:每次0.8g，每8小时1次，共7天；或每次0.4g，每6小时1次，共14天。,
口服。小蜜丸：一次9g。大蜜丸：一次1丸，一天2次。胶囊剂：一次3粒，一天2次，或遵医嘱。,
替克洛生,
FuroylureidePenicillin,
本品属非去极化性肌松剂，必要时可用新斯的明来对抗其残余的肌松作用。,
Prednicarbate,
稳可信,
服用本品者不宜同时服用催眠、镇静药，亦不宜饮酒。,
本品作用与白三烯受体拮抗药作用相似，但是长期使用可致肝功能改变，转氨酶升高。,
羧甲半胱氨酸,
西孢唑啉,
老年人应根据肾功能调整剂量。,
口服：每次0.5～2mg，每天3次。,
Methylatropine Bromide,
立灭喘,
老年患者应用本品时，应密切观察呼吸功能。,
Molgramostim,
DDI,
六甲基嘧胺,
成人：(1)肌内注射：一般感染为每天1～2g，分2～4次给予；严重感染(如败血症)可增加至每天4g，分4次深部肌内注射。(2)静脉给药：一般感染为每天1～2g，分2～4次缓慢静脉推注或静脉滴入；严重感染(如败血症)可增加至每天4g，分2～4次静脉滴入。,
Bromhexine,
氨双氯喘通,
本品还可用于治疗卡氏肺孢子虫肺炎，其疗效优于SMZCo和喷他脒(AIDS，1990，4：1019)。,
舒弗美,
儿童口服给药：(1)一般感染:每天4次，每次按7.5～12.5mg/kg给药；或每天2次，每次15～25mg/kg。(2)严重感染:每天量可加倍，分4次服用。(3)百日咳:每次10～12mg/kg，每天4次，疗程14天。,
安特寇林,
Carbenicillin Indanyl sodium,
作为全身麻醉的辅助用药，成人一般开始静注6～9mg；必要时，可在3～5min后再给予3～4.5mg；如须延长肌松作用，可再给3mg。一般情况下，可按0.165mg/kg计算。作用持续时间为20～40min。当吸入乙醚或甲氧氟烷作全麻时，本品仅用常用量的1/3；吸入环丙烷时则仅用常用量的1/5。,
口服，一次2～4片，一天3次。,
百阿培南,
慎用：(1)严重贫血患者；(2)心脏病、高血压患者；(3)呼吸困难(尤其是哮喘持续状态)、有哮喘病史者；(4)糖尿病患者；(5)有药物滥用或依赖史者；(6)肝、肾功能损害者；(7)多动症患者；(8)甲状腺功能亢进者；(9)肾上腺功能减退(已处于临界状态)者；(10)疼痛不能控制者；(11)有卟啉病史者。,
Cefalexin,
儿童静脉给药：每天60～80mg/kg，分2次用药。重症:每天150mg/kg，分3～4次用药。,
吡维氯铵,
心动过缓或心力衰竭者慎用。,
Tezacef,
Totacef,
托可拉斯,
Alphacillin,
rhBNP,
康佳纳胶囊,
注射剂80mg/2mL、200mg/5mL。,
尚无婴儿使用本品临床资料，需慎用。,
胶囊剂。,
洛巴铂,
Fluticasone Propionate,
邻氯青霉素,
剂量过大时可发生谵妄、惊厥。,
不能耐受磺胺类药物的患者，对本品也不能耐受。,
口服：0.1～0.3g/次，2或3/d。遵医嘱可酌情调节剂量。,
Di-Adreson-F,
Theophylline,
头孢狄尼,
牛黄蛇胆川贝胶囊,
重组人粒-巨噬细胞集落刺激因子,
与青霉素G相似。与青霉素类有交叉过敏反应，用前须做皮试过敏试验，过敏者禁用。可有恶心、呕吐、腹泻等胃肠道功能紊乱、味觉异常、耳鸣等。,
肌酐清除率为10～30ml/min的病人用量如上；＜10ml/min者尚待研究；＞30ml/min者不必调整剂量。,
交叉过敏：对一种头孢菌素类药过敏者对其他头孢菌素也可能过敏；对青霉素类、青霉素衍生物过敏者也可能对头孢菌素类药过敏。,
RBPT,
0.1～9mg/L,
抗-PM-1,
体液和排泄物检查,
FITC标记单克隆抗体：FITC-CD3、FITC-CD4、FITC-CD8。,
(2)振摇均匀后，4℃冰箱1夜或2h。,
异位产生ACTH的肿瘤：如燕麦型肺癌、胰、甲状腺、甲状旁腺、卵巢、睾丸、大肠、胆囊、乳腺、以及纵膈瘤等这种癌肿组织具有分泌ACTH样物质的功能，使促肾上腺皮质合成皮质醇，血浆中皮质醇则显著升高 ,
同镜检法和生物化学法。,
(4)洗板3次，加入生物素化兔抗IL-8IgG(35μg/ml)50μl/孔，37℃温育30min。,
0.90～1.00,
IgG亚类血清浓度降低或缺陷：①自身免疫或特应性反应性疾病；儿童支气管哮喘IgG2、IgG3含量可降低；Ⅰ型糖尿病、青少年糖尿病IgG各种亚类均可降低；原发性血小板减少性紫癜IgG2、IgG4含量降低；系统性红斑狼疮IgG3、IgG4含量可降低。②免疫缺陷：骨髓移植、HIV感染、IgA缺陷者可发生IgG2、IgG4缺陷；普通变异型免疫缺陷病(commonvariableimmunodeficiency，CVID)可发生IgG1、IgG2、IgG4缺陷；大剂量的皮质醇激素应用可发生IgG3、IgG2缺陷；IgM缺陷者可发生IgG4缺陷；放射损伤、化疗可发生IgG2缺陷；威-奥综合征可发生IgG4缺陷。③感染：IgG2缺陷易发生肺炎球菌引起的儿童中耳炎；IgG2、IgG4缺陷可导致荚膜细菌的反复感染；缺乏IgG2、IgG3、IgG4可引起肺部反复感染、支气管炎。④其他疾病：乙醇性肝病、共济失调-毛细血管扩张症时IgG2、IgG4含量降低；肠道手术后可发生IgG2降低；肾衰晚期可发生IgG1降低；肾病综合征可发生IgG1、IgG2降低。,
100%左右,
正常人抗Scl-70抗体阴性,
同电极测定法原理。,
FDP,
瑞氏染色液。,
肿瘤细胞：肺癌。,
酶联免疫吸附试验(ELISA)：以感染及未感染合胞病毒的细胞培养分别制备合胞病毒抗原及细胞对照抗原，分别包被于聚苯乙烯板上制成固相抗原，加入待检血清后，血清中如含有抗合胞病毒抗体，则可结合于包被的合胞病毒抗体(而对照抗原则不能结合)，形成抗原-抗体复合物，再加入酶标记的抗人IgG(即抗抗体)，则形成抗原-抗体-酶标记抗抗体复合物，当加入相应酶的底物，在酶的催化作用下使原来无色的底物水解，氧化，还原呈现颜色反应。通过观察颜色反应的强弱来了解抗体的存在及其滴度。,
PAS,
血栓性疾病溶栓治疗中的意义：在血栓性疾病如急性心肌梗死、肺栓塞、静脉血栓形成等应用溶栓药物(如链激酶、尿激酶、t-PA或重组t-PA等)进行溶栓治疗时，由于外源性纤溶酶原激活物的作用使纤溶酶原转变为纤溶酶，由此而降解纤维蛋白(原)达到溶解血栓的目的。因此溶栓后纤溶酶活性增高。纤溶酶-α2-AP复合物(PAP或PIC)增高，有报道α2-AP与纤溶酶形成的复合物(PAP)是可以灵敏地反应纤溶系统激活的分子标志物。应用溶栓药物治疗时血浆PAP可明显增高。,
阳性：新型隐球菌感染(阴性亦不可排除)。,
"胸腔积液的生化学检查：①比重：比重1.018、蛋白为30g/L(3.0g/dl)有助于漏出液与渗出液的鉴别。②蛋白：是漏出液与渗出液鉴别的必要检查，但是蛋白与疾病无相关性。胸腔积液的蛋白分型与血清相同，分子量小的白蛋白相对增加，胸腔积液的免疫球蛋白(IgG、IgM、IgA)，比血清值低无诊断意义，肺并殖吸虫病(肺吸虫病)的胸腔积液IgE值比血清高其诊断价值大。③葡萄糖：胸腔积液中的葡萄糖浓度，与血清的葡萄糖浓度平行变动，胸水中的葡萄糖浓度低于3.33mmol/L(60mg/dl)，见于结核、癌性胸膜炎、风湿性关节炎、肺炎并发胸膜炎等。系统性红斑狼疮(SLE)胸腔积液中的葡萄糖浓度在正常范围，对鉴别风湿性关节炎有意义。④乳酸脱氢酶(LDH)：是漏出液与渗出液鉴别的必要检查，一般胸膜的炎症程度与胸腔积液的LDH值平行。渗出性胸腔积液的疾病的LDH同工酶，通常4型和5型值高，癌性胸膜炎约1/3为2型值高。⑤淀粉酶：胸腔积液中淀粉酶浓度在超出血清值的正常极限时多见于胰腺炎、癌性胸膜炎、食道破裂3种疾病。⑥pH值：胸腔积液的pH＜7.20时多见于肺炎并发胸膜炎、食道破裂、风湿性关节炎、结核性胸膜炎、癌性胸膜炎、血胸、系统性红斑狼疮等。⑦腺苷脱氢酶(ADA)：结核性胸膜炎的辅助诊断检查，ADA＞50U/L则多为结核，溶血的癌性胸腔积液中也出现高值，必须鉴别。⑧胸腔积液中甘油三酯：中性脂肪升高大于4.52mmmol/L,而胆固醇含正常可见乳糜胸。",
在正常人，实际磷酸氢盐与标准碳酸氢盐数值应当是一致的。实际碳酸氢盐与标准碳酸氢盐之差反映了对酸碱平衡影响的程度。实际碳酸氢盐与标准碳酸氢盐均低于正常为代谢性酸中毒。实际碳酸氢盐与标准碳酸氢盐均高于正常为代谢性碱中毒。实际碳酸氢盐低于标准碳酸氢盐为呼吸性碱中毒。,
瑞氏-姬姆萨复合染色液：甲液：取瑞氏染粉1g，姬姆萨染粉0.3g，置干燥清洁研钵中，另备甲醇(不含水或丙酮)500ml分数次加少量甲醇研磨，分次收集于棕色玻璃瓶中，每天早晚各摇匀3min，经1周后即可应用。乙液(磷酸缓冲液)(pH值6.8～7.0)：磷酸二氢钾(无水)0.3g，磷酸氢二钠(无水)0.2g，加适量水溶解，校正pH值，加水至1L，可加入0.01%TritonX-100改善染色性。,
AT-Ⅱ,
抗CEA：1瓶，冻干品，使用时用10ml蒸水溶解。,
肺部疾病：绝大多数结节病患者血清ACE活力升高，其阳性率及幅,
阳性：新型隐球菌感染(中枢神经系统和全身性)。,
SBB,
升高：囊性纤维变性症、腮腺炎、干燥综合征(Sjogren病)。,
(4)加底物液，每孔100μl，37℃10～20min，并注意避光。,
抗酸染色液。,
抗-Jo-1,
降低：α1-AT缺乏症、新生儿呼吸窘迫综合征、重症肝炎、肾病综合征、蛋白丧失性胃肠症、营养不良、未成熟儿、肾移植早期排斥反应等。,
胸腹水含量0～5mg/L胸腔积液/血清＜1,
弹力纤维：表示肺实质有破坏性病变，如肺脓肿、肺癌、进行性肺结核等。,
一般增多：慢性支气管炎、支气管哮喘、早期肺炎、肺结核。,
降低：见于代谢性酸中毒(如由糖尿病酮症酸中毒、饥饿性酮中毒、肾功能不全、剧烈腹泻、肠瘘、大面积烧伤等引起)；呼吸性碱中毒(如由脑炎、脑膜炎、脑出血、癔症、哮喘病、感染性休克、流行性出血热等引起)。升高：见于呼吸性酸中毒(如由慢性支气管炎、阻塞性肺气肿、肺心病、支气管哮喘持续状态、支气管扩张、广泛性肺纤维化、肺实变、吗啡中毒等引起)；代谢性碱中毒(如由急性胃炎、幽门梗阻、妊娠呕吐、肾上腺皮质功能亢进、低钾、服用碱性药物过多、服用地塞米松类药物过多等引起)。,
结核菌素(oldtuberculin，OT)或纯蛋白衍生物(purifiedproteinderivative，PPD)是结核分枝杆菌的菌体成分。如受试者曾经感染过结核分枝杆菌，体内已致敏的T淋巴细胞能同注入体内的OT或PPD呈特异性结合，在注射后48～72h由于T细胞在局部释放淋巴因子，如移动抑制因子等，使巨噬细胞聚集并参与反应，有些淋巴因子还可使血管通透性升高，从而在注射部位形成迟发型变态反应。出现红肿硬结，据此可判断机体的细胞免疫功能。,
(20)，平衡球恢复到乙位。测读P2。若2ml的刻度不准，要重新调整，重读P2。同时记录分析仪外套的水温。若CO2含量低时可将液面调到0.5ml刻度测读P2。但P1和P2必须在同样的容积(2.0或0.5)下测得。②标准法：用碱液吸收CO2后测得P3。即于小杯中加5mol/LNaOH0.5ml，先开活塞,
标准ET1液：取每安瓿含有10ngET1标准,
(3)快速法：将快速染液甲液、乙液分别置于适当大小染色缸中，将血片先浸入甲液30s，水洗，再浸入乙液30s，水洗，待干后镜检。,
OT皮试局部反应越大，表明机体细胞免疫功能越强。正常人反应为阳性＋～＋＋，强阳性提示可能有活动性结核。,
同间接血凝法。,
ACE,
(2)瑞氏姬姆萨复合染色法：平置血片于染色架上，加染色液3～5滴，立即盖满血膜，约30s后加缓冲液5～10滴，轻轻摇动玻片或轻轻吹气使染液与缓冲液混和，5～10min后用水冲去染液，待干后镜检。,
"(2)取小试管10支排列于试管架上，每管加生理盐水0.5ml,并于第1管中加入待检血",
增高：急性化脓性感染(脓肿、脑膜炎、肺炎、阑尾炎、扁桃体炎等)，某些病毒感染(传染性单核细胞增多症，流行性乙型脑炎)，白血病，类白血病反应，糖尿病酮症酸中毒，严重烧伤，急性大出血，恶性肿瘤及某些金属(如铅、汞等)中毒。生理性增高见于新生儿，月经期，分娩，情绪变化及注射肾上腺素后等。,
NO,
LAIT,
菊粉清除试验,
ET,
(1)样品采集：用聚乙烯薄膜采气袋，抽取现场空气冲洗3～4次，采气500ml，密封进气口，带回实验室分析。也可将仪器带到现场间歇进样，或连续测定空气中一氧化碳的浓度。,
PAF,
利用显微镜光学透镜成像原理，将物象放大至100～1500倍左右。,
生理盐水液。,
降低：CO2减少，HCO?3减少。,
血性：肺结核、肺吸虫、支气管炎、支气管扩张、肺炎、肺脓疡、肺肿瘤、肺外伤、风湿性心脏病二尖瓣狭窄合并肺淤血、肺水肿、肺动脉高压、肺梗塞、肺出血型钩端螺旋体病、大叶性肺炎、流行性出血热并发肺水肿、白血病、急性呼吸窘迫综合征等。,
curshmann,
痰液培养常见的致病菌：革兰阳性菌：有肺炎链球菌、金黄色葡萄球菌、结核分枝杆菌、放线菌、奴卡菌、厌氧球菌、白喉棒状杆菌等。革兰阴性菌：卡他布兰汉菌、脑膜炎奈瑟菌、流感嗜血杆菌、肺炎克雷伯菌、肠杆菌、假单胞菌、军团菌等。,
＞1∶40时可考虑为土拉伦斯杆菌病。,
同氧电极测定法原理。,
蛋白质测定,
浆液性(泡沫性)：①粉红色泡沫样：肺水肿、肺淤血。②白色泡沫样：支气管哮喘、慢性支气管炎。,
＜20U/L,
抗-ENA抗体,
带有阴性或阳性电荷的离子或复合物在电场中向相反的阳极或阴极移动，这种现象称之为电泳。血清中含有很多蛋白，这些蛋白的分子量、空间结构及所带电荷均不相同，电泳时就会产生不同的电泳速度，从而将它们分离开来。醋酸纤维膜是一种不带电荷的微孔膜，在有缓冲液的情况下，电场中允许电泳物向一极移动且不与电泳物发生结合。醋纤膜电泳应用方便、需时短，是筛选M蛋白的最基本方法。,
WBC,
LZM,
(1)涂片自干后经火焰固定，加结晶紫溶液染1min，水洗。,
OT皮肤试验阴性表明①未接触过结核分枝杆菌，一般见于幼儿或农村青少年。可给予卡介苗接种3～4周后再行复查，往往会转为阳性。②病情危重，细胞免疫功能低下如晚期肿瘤、重度结核、麻疹、百日咳、腥红热、传染性单核细胞增多症等病毒或细菌感染的急性期或活动期。③医源性，如放射治疗、大剂量化疗、激素类药物对细胞和体液免疫均有明显抑制作用。,
升高：常见于宫颈癌、肺癌、头颈部癌。另外，肝炎、肝硬化、肺炎、肾功能衰竭、结核等病也会有一定程度升高,
(2)加碘液媒染1min，水洗，去残留水份。,
恶臭味：肺部炎症伴有厌氧菌感染。,
痰量逐渐增多，表示病情加重；痰量逐渐减少，表示病情好转。,
浆膜腔穿刺液检查,
血清1ml。其他试剂同免疫印迹法。,
流感病毒株特异的免疫血清或小白鼠混合的单克隆抗体，当然也可用鸡免疫血清。国外常用型特异的小鼠抗血清。,
胸腔积液中的细胞数①红细胞：红细胞数在0.005×1012/L(0.5万/mm3)以下时，无临床意义，0.01×1012/L(1万/mm3)以上有意义。肉眼血性胸腔积液则示恶性肿瘤、外伤性血气胸、肺梗塞、胸膜结核等。血性胸腔积液中的红细胞比积(Ht)为末梢血的50%以上。②白细胞：中性粒细胞增加，则表示从肺实质到胸腔的急性炎症发展为脓胸。小淋巴细胞占50%以上时示恶性肿瘤或结核。寄生虫性或真菌性胸膜炎、或血气胸的后遗症、嗜酸性粒细胞增加，其原因不明。③间皮细胞：间皮细胞通常占胸腔积液中的细胞数5%以上，但结核性胸膜炎常在1%以下。,
碘液：碘1g，碘化钾2g，加蒸馏水5ml，待溶后再加蒸馏水至300ml。,
Old tuberculin,
(1)用包被液将呼吸道合胞病毒抗原及正常细胞抗原作适当稀释，包被于聚苯乙烯板，每孔100μl，4℃过夜。,
LDH,
小细胞肺癌患者(SCLC)血清NSE明显增高，其诊断灵敏度达80%，特异性达80%～90%，而非小细胞肺癌,
完整的ELISA试剂盒应包含以下各组分：①已包被抗原或抗体的固相载体。②酶标记的抗原或抗体(结合物)。③酶的底物。④阴性对照和阳性对照(定性测定)，参考标准和控制血清(定量测定)。⑤结合物及标本的稀释液。⑥洗涤液。⑦酶反应终止液。,
(4)加复染液，染半分钟，水洗。,
螺旋形体(库什曼螺旋体)：见于支气管哮喘，有气喘倾向的急性或慢性支气管炎，肺结核及肺癌等。,
P50O2,
升高：见于胰腺癌(阳性率达87%)、结肠癌、直肠癌、胃癌、肺癌、肝癌、胆囊癌、胆管癌、卵巢癌、乳腺癌等恶性肿瘤。另外，溃疡性结肠炎、肝硬化、黑色素瘤、淋巴瘤、自身免疫性疾病等也可升高。,
(3)立即在10min内按0.4ml/kg体重静脉注入无菌200g/LPAH溶液，然后以200g/LPAH溶液10ml加入500ml生理盐水内作维持输液。,
增加PO2可提高氧的溶解量，如高压氧舱治疗，可将溶解氧量提高到30～50ml/L。动脉血、静脉血氧含量都降低见于各类贫血、空气稀薄、供氧不足、呼吸道受压或阻塞、肺炎、肺水肿和右向左分流的先天性心脏病等；静脉血氧含量降低见于局部血液淤滞、休克、心力衰竭等。氰化物中毒时，由于组织摄氧能力降低，静脉血氧含量可不减少。动静脉瘘时，其向心端血氧含量增加。巨肢症者，患病肢体血氧含量明显高于正常肢体。心导管检查时，由于上腔静脉的血来自头部和上肢，含氧量较下肢血的氧含量低，可相差10～30ml/L，冠状静脉窦含氧量最低；因右心血来自以上几处，有层流存在，所以右心室各部的氧含量有差别。正常的差限度是：右心房与上腔静脉差小于19ml/L；右心房与右心室差小于9ml/L；肺动脉与右心室差小于5ml/L。如差值超过此限，可能存在心内左向右的分流，故可将此差值作为诊断房间隔缺损、室间隔缺损和动脉导管未闭等先天性心脏病的依据。,
凝集试验,
洗涤液：即0.5%Tween-20生理盐水(NS-T)，其配法为100ml生理盐水中加入0.5mlTween20。,
血清冷凝集素效价在1∶32以内,
L/S,
α1-antitrypsin,
正常人：阴性,
ASMA,
快速染液甲液：取磷酸二氢钾6.64g，磷酸氢二钠2.56g，水溶性伊红4g(或伊红B2.5g)加水1L，酚40ml。乙液：亚甲蓝4g，高锰酸钾2.4g，水1L，煮沸，冷后备用。,
棕色：心脏病引起肺慢性被动性淤血。,
细胞免疫测定,
同免疫印迹法原理。,
ABR,
IL-6免疫学检测ELISA(双抗体夹心法)是目前检测IL-6最常用的免疫学方法。该法有较好的特异性和敏感性。国外已有数家公司提供商品化的试剂盒检测IL-6。这里介绍Matsuda等(1988)建立的ELISA检测法。,
α1-抗胰蛋白酶与其相应特异抗体产生免疫复合物的浊度用透射法测定，其浊度高低与血清中α1-AT浓度成正比。,
补体结合试验法：抗原抗体复合物可以结合补体，这是补体结合试验的依据。绵羊红细胞和其相应抗体(溶血素)的复合物结合补体后出现溶血现象。因,
IgE是单体，8S，19×104ku，其重链较γ链长。多一个功能区(CH4)，借此可与细胞(如肥大细胞、嗜碱性粒细胞)结合，在一定条件下触发细胞内生物活性物质释放，故称IgE是引起Ⅰ型变态反应的主要抗体。支气管哮喘及过敏性肺炎患者，其痰中SIgE含量可增高。,
黏液性：支气管炎、支气管哮喘、大叶性肺炎的初期。,
D-dimer,
IL-6,
rIL-8标准品。,
在趋化因子招引下，中性粒细胞向趋化因子作定向移动。根据其在琼脂糖膜板下移动的距离，即可判定其趋化功能。,
酶标检测仪。,
肺癌患者血清IAP明显高于健康人和良性肺部疾病者，表明血清IAP水平可作为鉴别肺部良、恶性疾病的一项较好指标。血清IAP水平检测对肺癌患者术前细胞免疫功能的估计及术后的治疗具有一定的临床意义。,
无色透明,
Sudan black B stain,
同电极测定法。,
(1)采血1小滴于载玻片一端，用一推片以35°～45°倾斜推出四周留有适量空隙，可分清头、体、尾的薄血片。血膜长度不少于2.5cm，末梢至玻片另一端尚余空隙约1cm。血膜干后染色。,
PC-Ⅲ,
肺癌患者，尤其是NSCLC患者的血清及胸水中CYFRA21-1浓度升高，其敏感性随病情进展而增高，与肺癌,
1～20ml,
同氧电极测定法。,
CoHb,
病毒的血清学检查,
抗血清：可用国内特异性好，亲和力强，效价高的抗血清，选择最适稀释度，用0.45μm微孔滤膜过滤。以已知含量参考血清作为标准抗原，用ICS手动或自动方式测出该成分的含量，使与校正卡上所列含量一致，然后分装4℃保存。,
复染液。①稀释复红液：萋-纳氏石炭酸复红溶液，应用时用蒸馏水作1∶10稀释。②沙黄复染液：2.5%沙黄酒精贮存液，应用时用蒸馏水作1∶10稀释。,
升高：一氧化碳中毒(CoHb＞50%致死)。,
Value PH,
Partial Pressure Of Oxygen,
降低：氧离曲线左移，氧与血红蛋白亲和力增加，易结合氧，不易释放氧，从而使组织缺氧。升高：氧离曲线右移，氧与血红蛋白亲和力降低，易释放氧。,
同免疫印迹法。,
肺炎双球菌：葡萄球菌肺炎(肺炎球菌性肺炎)。,
渗出液中LD以化脓性感染积液活性最高，均值可达正常血清的30倍，其次为癌性积液，结核性积液略高于正常血清。炎症或充血性心功能不全胸腔积液时，LD活性可和血清活性相似。癌性胸腔积液LD活性则约为患者自身血清LD活性的3.5倍，而良性积液约为其自身血清LD活性的2.5倍，有助于鉴别诊断。Light曾提出浆膜腔积液中LD＞200U/L，积液LD/血清LD比值＞0.6可作为渗出液的指标。,
有商品供应。诊断菌液包括Lp1～Lp14和Lm共15种，使用时以生理盐水稀释成每毫升10亿个菌的悬液备用。,
正常人中有95%的人血液中存在Ca，但其效价多在1∶16以内，约有1%的人可达1∶32以上；肺炎支原体感染的患者较多出现Ca，增加者达34%～68%，在感染第二周后可达1∶32～1∶64或更高，第4周达到高峰。值得注意的是，有40%～50%的初期患者，凝集效价相当低，因此，发病后每1～2周检查一次，效价呈4倍升高，则有一定诊断意义。其他如传染性单核细胞增多症、重症贫血、疟疾、骨髓瘤、腮腺炎、螺旋体病、恙虫病、锥虫病、葡萄球菌败血症、肝硬化等也可呈阳性反应。大约有1/4的自身免疫性溶血性贫血病人是由IgM型冷抗体引起的(又称冷凝素病)，其中一些患者可能继发于支原体肺炎，其特征为慢性轻度贫血，通常冬季恶化，受冷后外露的肢体及颜面皮肤出现痛性紫癜和手足动脉痉挛，凝集试验效价往往极高，可达数十万甚至更高，故对此试验的结果必须结合病人临床症状进行综合分析。,
旧结核菌素(OT)：将结核分枝杆菌培养于甘油肉汤中，培养4～8周，经100℃加热1h后即为OT。,
血清免疫球蛋白测定,
肿瘤免疫检测,
ADA催化腺嘌呤核苷水解，生成次黄漂呤核苷和氨，用波氏显色剂测定氨的生成量，间接反映ADA活力。,
SPE,
CF,
正常人血清中含有少量冷凝集素，约有1%的人可达1∶32。75%支原体肺炎患者，病后第2周冷凝集素效价可达1∶32～1∶64或更高，4周达高峰，6周后下降或消失。双份血清效价有4倍以上增长或效价≥1∶64有诊断意义。某些疾病如,
同普通培养法。,
兔抗IL-8IgG。,
IL-6免疫学检测①抗人IL-6单克隆抗体(aBSF2-166)。②亲和层析纯化的兔抗人IL-6多克隆抗体。③碱性磷酸酶标记的羊抗兔IgG。④0.1mol/L碳酸钠缓冲液pH9.6(包被液)和0.05mol/L碳酸钠缓冲液pH9.8(底物液)。⑤底物：对硝基苯磷酸酯。⑥酶联免疫检测仪。,
oxygen content,
PCA的升高与自身免疫性疾病有关，利用不同的抗原作为刺激物测定相应的PCA有助于疾病的诊断与鉴别诊断，如肺组织细胞PCA升高与特发性肺纤维化有关，而滑膜组织细胞的PCA升高与类风湿关节炎有关。,
哮喘发作时呼出气NO含量高于正常3～4倍，血浆中NO2－/NO3－亦升高。,
当剩余碱为正值时，说明缓冲碱增加，为代谢性碱中毒。当剩余碱为负值时。说明缓冲碱减少，为代谢性酸中毒。,
血清1ml,
与HiCN相似，最大吸收峰在542nm，且峰值高度几乎与HiCN者重合，文献报道HiCN与HiN3两者结果回归方程的截距仅为0.013或为0。,
黄或淡黄色：肺部化脓性感染(脓性痰)。,
寄生虫：可发现肺吸虫、肺包囊虫的虫卵及阿米巴滋养体。,
胆固醇结晶：肺脓疡、脓胸、肺结核、肿瘤、肝脓疡穿入支管内等。,
酶类测定,
阴性,
2～3∶1,
定性：阴性。定量：还原率＞75%,
羊水中的一些物质可减低水的表面张力，经振荡后，在气液界面可形成稳定的泡沫。在抗泡沫剂乙醇的存在下，蛋白质、胆盐、游离脂肪酸和不饱和磷脂等形成的泡沫在几秒钟内即被迅速破坏消除。而羊水中的肺泡表面活性物质饱和磷脂是既亲水又亲脂的两性界面物质，它所形成的泡沫在室温下可保持数小时，故经振荡后可在气液界面出现环绕试管边缘的稳定泡沫层。,
冷凝集素综合征：直接法阳性、间接法阴性。,
巴比妥缓冲液(BBS)：称取氯化钠85.0g，氯化镁六水合物1.68g，氯化钙0.28g，巴比妥5.75g，巴比妥钠2.0g，先将巴比妥加入500ml水中加热溶解后，再加其他成分，补加水至2000ml，此为保留液，用时,
无痰,
激肽酶Ⅱ或肽基-羟基肽酶,
临床血液检查,
量压测定法：利用量压式气体分析仪，在真空状态下，血浆样品中加入乳酸，与样品中的HCO3－反应放出CO2，然后测其CO2的压力，再折算成CO2ml%或mmol/L。,
免疫荧光法：荧光色素具有能和抗体蛋白分子结合并保持抗体活性的特性，即抗原抗体结合成免疫复合物的特性，通过观察荧光色素而检测相应的腺病毒组特异性抗原。,
乳白色糊状：可能为白色念珠菌感染。,
(5)干后镜检。,
红细胞：血性痰中可大量出现，脓性或黏液脓性痰中可见少量红细胞。,
Partial Pressure of Caron Dioxide,
Interleukin-6,
系统性坏死性血管炎患者的血清中存在一种与中性粒细胞胞浆中的原始颗粒和溶酶体起反应的自身抗体，用间接免疫荧光法可以检出。,
鉴于生物学检测的局限性，近年来发展了ELISA和放射免疫法检测IL-8含量。目前国外已有商品化的ELISA试剂盒或特异的IL-8多抗和单抗。国内北医免疫教研室等也成功地制备了基因重组IL-8，为制备IL-8多抗或单抗创造了条件。下面介绍Deforge等(1991)建立的ELISA测定法。,
当积液中CEA＞20μg/L，积液CEA/清CEA比值＞1时，应高度怀疑为癌性积液。有强调胸水CEA/清CEA比值＞4.3是恶性病变的一个指标。,
PaO2,
Ham试验,
2～3g/L,
降低：表示通气过度，临床上较少见，主要见于肺泡通气过度，呼出过多二氧化碳，如某些肺炎、肺梗死、哮喘等，可产生呼吸性碱中毒。升高：见于各种原因造成的上呼吸道阻塞、肺泡通气不足、呼吸功能减退、二氧化碳在体内积聚，如慢性支气管炎、肺气肿、肺水肿、肺心病、大面积肺不张、严重哮喘发作、胸廓胸膜疾病等，均可造成呼吸性酸中毒。,
HAT,
肺吸虫卵(肺吸虫病)、包囊虫的棘球蚴钩肺棘球蚴病(肺包虫病)、阿米巴滋养体(阿米巴肝脓肿)、钩虫卵(钩虫病)、蛔虫卵(蛔虫病)。,
PPD：将结核分枝杆菌在含甘油，天门冬素，柠檬酸盐等人工综合培养基内，培养6～8周后，高速离心沉淀，取上层培养液，用三氯醋酸沉淀析出纯结核菌蛋白，即为PPD。,
SN,
本法采用乳酸脱氢酶催化的L→P反应，生成还原辅酶Ⅰ速率可在340nm处监测，根据?A/min计算出酶活性活力。,
β2-microglobulin,
(1)直接法：荧光标记抗体直接与病毒抗原反应。此方法简便、快速、特异性高，但敏感性差。①固定：将病毒抗原滴玻片上，冷丙酮中固定10min，并作阳性和阴性对照。②洗涤：pH7.4的PBS液洗涤3次。③染色：滴加相应的荧光抗体，置于湿盒中37℃，作用30min。④洗涤：pH7.4PBS液洗涤3次。⑤晾干：封片观察。封片用80%的甘油和10%0.01mol/LpH7.4的PBS液。,
呼吸道合胞病毒抗原：用呼吸道合胞病毒Long株感染Vero细胞，当病变呈＋＋＋＋时收获，经100g/L去氧胆酸钠处理，低速离心，收集上清即为ELISA抗原，用同批正常细胞同法制备正常细胞抗原。亦可待细胞病变达＋＋＋时，倾去维持液，用灭菌去离子水洗2次，加入为原培养液半量的去离子水，冻化3次，10000r/min离心，30min，取上清56℃灭活30min，正常细胞抗原亦用同法制备。,
A-aDO2,
(3)用稀释液将酶标记抗人IgG作适当稀释，每孔加入100μl，置37℃1h。(以上每种试剂在作用完毕后甩去，用洗涤液洗3次后再加新的试剂)。,
同酶速率法和免疫比浊法测定。,
结晶紫溶液：A液：结晶紫2g，溶于95%乙醇20ml中。B液：草酸胺0.8g，溶于80ml蒸馏水中。使用前将A液、B液混合，过滤后装入试剂瓶内备用。,
受肺炎支原体感染的患者，血清中常含有非特异性冷凝集素(其本质是IgM)能在0～4℃与自身红细胞或“O”型人红细胞发生凝集。将人红细胞与待检血清混合，在0～4℃中观察凝集现象，借以判断冷凝集素的存在。,
TEG,
升高：铬中毒、肺癌。,
Cin,
nAchR-Ab,
胆红素结晶：肺脓疡、支气管扩张。,
SaO2,
(1)干燥涂片浸于10%甲醛盐水中10min。,
SATO2,
色素细胞(含有成堆的黄色或褐色铁血黄素颗粒的巨噬细胞或肺泡上皮细胞)。见于肺部长期淤血和心功能不全患者。大量出现见于特发性肺含铁血黄素沉着症。,
Interleukin-8,
secretory IgA,
Carbon Dioxde Toal Amoun,
痰中带血丝、血块或血痰混合，是鲜红色或淡红色：肺结核、支气管扩张、肺癌、肺并殖吸虫病(肺吸虫病)、肺鼠疫、肺炎、肺梗塞、肺脓肿、肺出血型钩端螺旋体病、呼吸道外伤和溃疡、急性肺水肿(粉红色泡沫状)、出血性疾病等。,
胸腔积液的细菌学检查：近年，脓胸的病因菌厌氧性菌增加，革兰阳性球菌为金黄色葡萄球菌、链球菌。革兰阴性杆菌为绿脓杆菌、大肠杆菌。结核性胸膜炎时结核杆菌培养阳性约为25%。,
补体：豚鼠血清。,
(5)加终止液以终止反应，每孔50μl，观察结果。每批试验设固定的阳性血清、阴性血清及抗原对照等。,
自身抗体测定,
(1)血清用生理盐水作1∶50稀释后，56℃灭活30min。,
(3)方格板中加稀释血清1滴，再加2.5U/ml溶血素O1滴，轻轻摇动至少2min。如出现阳性再加5U，如有反应，则为强阳性。,
采用竞争性放射免疫分析方法，固相第二抗体作分离剂，测定血清，体液及组织中的C-Ⅳ含量。,
125I-CEA：1瓶，冻干品，使用时用10ml蒸馏水溶解。,
用已知的诊断血清在玻片上与待测细菌及生理盐水或1%ASO乳胶试验混合，若出现肉眼可见的特异性凝集块，表示该菌即为相应的细菌。,
稀释液：即2%牛血清NS-T，其配制方法为100ml洗涤液中加入2ml小牛血清。用于稀释待测样品及酶结合物。,
HCO3,
SIgA减少时，黏膜抵抗力下降，易患呼吸道感染；经有效治疗后，免疫功能改善，痰中SIgA可回升。对急性支气管炎、慢性气管炎急性发作、肺炎等有一定的辅助诊断意义。,
下述瑞氏-姬姆萨复合试剂或快速染液可任选一种。,
(2)于72h后测量硬结的直径(周围红肿不计在内)，测量硬结的直径平均值，并观察结果。,
军团菌病患者的阳性率为75%～85%。采取急性期和恢复期双份血清测定，其滴度增长≥4倍，且效价≥1∶160时，或单份血清≥1∶320均有诊断价值。,
Cold Agglutination Test,
成人1.15～±3.7mg/L,
0.0001mol/L美蓝溶液：取美蓝0.15g，蒸镏水加至100ml。,
抗Jo-1在多发性肌炎和皮肌炎中的阳性率为20%～40%，下面列出了抗Jo-1阳性典型患者的三联症：多发性肌炎。多关节滑膜炎、关节痛、非侵袭性变性关节炎、腱鞘炎。肺泡纤维化或肺纤维化。硬皮病相关症状也偶见与其相关。这组综合征被命名为Jo-1综合征或抗合成酶综合征；后者源于抗氨基酰-tRNA合成酶的其他抗体也有同样的临床症状。抗Jo-1阳性对这几种综合征或至少其中一种的预测价值大于95%；通常如单一或缺少症状发生，一般来说，抗体的产生早于症状。抗Jo-1极少在儿童中查及，90%以上抗Jo-1阳性的白种人患者具有HLA-DR3。,
以人PCⅢ(hpcⅢ)为抗原，免疫家兔得到高特异性、高效价抗体。用125Ⅰ标记hpcⅢ：采用双抗体加PEG非平衡RIA法测定人血清中的PCⅢ含量。,
碳氧血红蛋白双波长定量测定：①0.1mol/LPBS，pH6.85取13.6gKH2PO4溶于约800ml去离子水中，溶解后加去离子水至1.0L(A液)。取17.4gK2HPO4溶于约800ml去离子水中，溶解后加去离子水至1.0L(B液)。然后将A液和B液按1∶1的比例配制成pH6.85缓冲液，用0.1mol/L的NaOH或0.1mol/L的HCl调整pH至6.85。此为试剂Ⅰ。②溶血剂：取试剂Ⅰ1份，加9份去离子水稀释。此为试剂Ⅱ。③Na2S2O4(AR级)：直接使用干粉，现用现称。因其易吸湿分解失效，应避免干燥保存。,
患者双份血清：急性期血清于发病3天内采取，恢复期血清于病后3周采取分离血清。,
以肺吸虫囊蚴新脱囊的活后尾蚴为抗原，与病人血清中特异性抗体相结合，在后尾蚴周围形成膜状沉淀，即为阳性反应。,
系均相竞争抑制原理，采用非饱和(顺序饱和)法对病人血清、血浆、胸水、腹水以及其它体液进行直接测定。样品(标准、血样和参考血清等)中的CEA与限量的抗体预先反应一段时间。然后加入125I-CEA参与竞争剩余的抗体结合位。当样品中的CEA浓度高时，剩余的抗体结合位就少，从而与抗体结合的125I-CEA就少。用分离剂分离出抗原-抗体结合物，并测定结合物中的放射性，发现125I-CEA的结合量与样品中CEA浓度呈函数关系。把标准点的数据绘成函数曲线后，便可查找标本中的CEA浓度值。,
酚-亚硝基铁氰化钠溶液：取液态酚10ml，加去离子水至500ml，加亚硝基铁氰化钠40mg，置棕色瓶内冰箱保存。若空白管读数增高，应重新配制。,
β2-MG,
见试剂盒，包括羊抗人IgE血清、羊抗人IgE-HRP结合物、IgE参考品等。,
(6)结果观察：从暗盒中取出速观察之，先观察对照孔：细胞对照孔不应出颜色，最多只能出极淡的黄色；甲、乙型对照孔应出黄色(如不出，对照有问题，实验需重做)；标本接种的第一组黄色出现，第二组无色，表明分离为甲型流感病毒，反之第二组出现黄色，第一组不出，表明分离物为乙型流感病毒；第一、二组均不出现黄色，表明标本中不含有甲、乙型流感病毒。,
腥臭味：肺脓疡、肺癌晚期。,
同理学检验法。,
血清CAl9-9水平增高还可见于胰腺癌、胃癌、肺癌、大肠癌及卵巢癌等恶性肿瘤，且血清CA242检测有助于上述肿瘤的病情监测、疗效评价及预后判断。,
同放射免疫分析法。,
L,
乳胶颗粒被动凝集免疫比浊法：将抗体致敏在乳胶颗粒上，加上抗原时，致敏的乳胶颗粒与抗原相结合，形成大小不等的凝集块。凝集颗粒小时，光可通过；凝集颗粒大时，光散乱，透过光减少。利用此原理，可采用两种方式比浊。①白色光乳胶颗粒比浊法：乳胶颗粒直径在0.1～0.8μm范围时，粒径大，吸光度增加，用500nm左右波长；0.1μm粒径可用585nm波长进行测定。②近红外光乳胶颗粒比浊法：与白色光比浊原理相同，粒径0.2μm乳胶颗粒，可用940nm近红外光测定。,
(2)仪器校准：仪器接通电源后，稳定1h，将氮气或空气经霍加拉特氧化管和干燥管进入仪器进气口，进行零点校准。用一氧化碳标准气体(30ppm)连接在仪器进样口，进行终点校准。零点和终点校准应重复2～3次，使仪器处于正常工作状态。,
降低：见于失代偿性酸中毒，如糖尿病酮症酸中毒、碱性体液丢失过多、肺水肿、阻塞性肺病、哮喘持续状态、麻醉等。升高：见于代偿性碱中毒，如碱摄入过多、换气过度、持续呕吐、失钾过多等。,
用嗜酸性粒细胞稀释液将血液稀释一定倍数，同时破坏红细胞和大部分其他白细胞，并将嗜酸性粒细胞着色，然后滴入细胞计数盘中，计一定范围内嗜酸性粒细胞数后计算每升血液中嗜酸性粒细胞数。嗜酸性粒细胞稀释液种类繁多，但其作用大同小异。主要是保护嗜酸性粒细胞并破坏其他细胞的物质。且着染嗜酸性粒细胞的物质(如溴紫、伊红、石楠红等)。,
(1)补体和溶血素的滴定。①取补体1ml，加BBS9ml，依次稀释成1∶20，1∶30，1∶40，1∶50，1∶60，1∶80，1∶100，1∶200，1∶400，同时取50%的溶血素0.2ml，加BBS9.8ml，即为1∶100的溶血素，然后继续稀释成1∶80,
对鉴别诊断恶性与结核性胸水有重要意义，94%结核性积液Lzm含量超过30mg/L，P-Lzm/S-Lzm(胸腔积液Lzm/血清Lzm)比值＞1明显高于癌性积液、结缔组织病。同时测定胸腔积液中Lzm和LD时，结核性两者均升高，心力衰竭引起的漏出液两者均低、癌性胸腔积液时Lzm低而LD活性高，此种分离现象是癌性胸腔积液的特点。,
(1)鉴定血清工作浓度的滴定：成片的MDCK细胞，如它是培养在4×10孔的板中，倒掉培养液，用Hank液洗1～2次，第1和2排接种10－1的甲型流感病毒(当前流行株)，第3和4排接种10－1的乙型流感病毒(当前流行株)。其维持液可用199或Eagle氏液，但不含小牛血清而含终浓1μg/ml的胰酶，35℃CO2孵箱培育过夜，取出，倒掉维持液，每孔加入0.1m180%丙酮，量4℃30min(固定细胞)，倒掉丙酮，用稀释液洗1遍，第1，3排和第2，4排，第1～9孔分别加入0.1ml不同稀释度(一般1/200～1/51200)的甲型和乙型抗血清。4排的第10孔均加0.1ml稀释液(病毒对照)。其余步骤同下面(4～7步骤)。用肉眼观察，能显示颜色并其强度明显高于病毒和阴性血清孔的血清最高稀释度的倒数，如1/12000，使用浓度为两倍量即1/6400。,
分层痰：上层为黏液、中层为浆液、下层为脓液，多见于支气管扩张、肺脓疡、肺坏疽、肺结核空洞。,
(50.8±7.58)ng/L(放射免疫法)。,
粪臭味：膈下脓肿穿入肺部。,
辣根过氧化酶标记羊抗人IgG。,
巧克力色：阿米巴肝脓疡穿过横膈与肺相通、肺并殖吸虫病(肺吸虫病)。,
底物液：先配基质液，其配方是称磷酸氢二钠(Na2HPO4·12H2O)18.4g，柠檬酸(C6H8O7H2O)5.1g，加蒸馏水至1000ml，配后分装保存于4℃。再配底物液，其配法为10ml基质液中加4mg邻苯二胺，加5ml双氧水(H2O2)。底物液应现用现配。(10)终止液：即2mol/L，硫酸(H2SO4)。,
血清效价：＜1∶32,
阳性：呼吸道病毒感染(合胞病毒性肺炎、合胞病毒性毛细支气管炎)。,
(2)将双份血清用稀释液分别作系列倍比稀释(急性期血清1∶100，恢复期血清1∶400稀释开始)，每孔加入100μl，置37℃2h。双份血清应同时在同一板上测定。,
(3)30s后在具恒温的分光光度计上于340nm，每隔30s连续监测，取线性反应速率?A/min。,
AT-Ⅲ,
灰色或黑色：肺尘埃沉着症(炭末、煤末、铁末、石粉、石棉粉等)。,
稀释液：0.2mol/LNa2HPO463ml，0.2mol/LNaH2PO437ml，0.5mol/LNaCl100ml，NaN21.0g，蒸馏水加至1000ml，经0.45μm微孔滤膜过滤，分装，4℃保存备用。,
G-CSF,
在结核性积液中ADA活性升高显著，大于40U/L应考虑为结核性，对结核性胸水诊断的特异性达99%，优于结核菌素试验、细菌学和活组织检查等方法。当经抗结核药物治疗有效时，其胸(腹)水ADA下降，因此可作为抗结核治疗时疗效观察指标。恶性肿瘤、风湿、狼疮性积液亦可升高，漏出液ADA活性低。,
结晶：胆固醇结晶：见于慢性肺结核、肺脓肿、脓胸、肿瘤或肝脓肿破入支气管内等。脂肪酸结晶：见于肺坏疽、支气管炎、肺结核等。胆红素结晶：多见于肺脓肿。尖梭形结晶(夏科雷登结晶)：见于支气管哮喘及肺吸虫病等。,
升高：①OT、PPD：结核病时强阳性为多。②SK-SD、DNCB、PHA：强阳性为T淋巴细胞功能正常。,
正常人血清为：阴性,
CAT,
阳性(滴度升高)：芽生菌、球孢子菌、组织胞浆菌感染。,
anti-PIV,
阿利新蓝是一种阳离子染料，与酸性基团形成盐后，使胞质中的酸性粘多糖染成蓝色，定位于胞质内。,
中性粒细胞增多：①急性感染：A.局部感染：痈疽、疖肿等。B.全身感染：肺炎、败血症、化脓性扁桃体炎、化脓性脑膜炎、流行性脑脊髓膜炎、风湿热、急性阑尾炎、白喉、急性胆囊炎等。②中毒：A.药物性：铅、汞、安眠药、洋地黄类、安替比林、砷等；虫毒、异种蛋白吸收。B.代谢性：尿毒症、糖尿病酮症酸中毒、痛风、妊娠中毒症等。③血液病：急性大出血、急性溶血、急慢性粒细胞白血病、霍奇金病、真性红细胞增多症等。④组织坏死：心肌梗死、坏疽、新生物坏死、烧伤等。⑤其他：脑出血、脑肿瘤、手术后、库欣综合征、黏液性水肿、恶性肿瘤、恶病质等。,
韦格纳肉芽肿(UG)及多血管炎组患者由于病程进展较快易导致呼吸和肾功能衰竭，以往诊断主要靠典型的临床症状和组织学特征。1982年Davies等人建立了本法，继而Wonde等又作了分型，从而提高该组疾病的诊断水平，且发现WG和多血管炎组患者该抗体阳性率明显高于其他自身免疫病。该抗体在该组疾病缓解期可呈滴度下降或转阴，故有助于疗效观察。,
阳性(或效价≥1∶160)：病毒性流行性感冒。,
(4)每排各管分别加入从Lp1-Lm抗原菌液0.5ml，充分混匀，置37℃水浴18～24h观察结果。,
Oxygen Saturaton,
脱色液：95%乙醇。,
LA,
Difference of alveoli-arterial Oxygen Pressure,
纤维蛋白(原)降解产物：是纤维蛋白原和纤维蛋白在纤溶酶分解下的产物。作为一种修复系统，是纤溶系统活动性的指标，具有保持肌体血管及排泄管路通畅的作用。在原发性纤溶亢进的病理情况下，纤维蛋白原降解产物是出血的危险信号。纤维蛋白降解产物：除非纤溶酶的活化先于凝血酶作用，否则不产生纤维蛋白降解产物。与纤维蛋白(原)分解产物不同，它们是继发性的，反应性的纤溶亢进产物，例如形成D-二聚体，提示血凝块形成。在凝血块中，邻近纤维蛋白分子的D-功能区被连接，即使在纤溶酶被诱导激活之后，此功能区仍然完整保留。大多数情况下在形成D-二聚体的同时，也可形成D-三聚体、D-四聚体。原发性纤溶亢进：FDP可能与外科手术过程有关，特别与体表异物接触：躯体旁路、体外循环、坏死组织、凝血酶原活性较高的器官(胰腺、肺、前列腺、子宫)的损伤、血管活性药物(儿茶酚胺、尼可酰胺酸、血管加压素诱导剂)及夫塞米。纤维蛋白原分解产物是出血危险性提高的重要指标，但伴随纤维蛋白分解产物的同时也提示消耗性凝集病进一步发展为DIC。继发性(反应性)纤溶亢进：FDP水平升高并非某原发病的指标，尿中FDP浓度升高，在感染如肾小球肾炎或膀胱肿瘤均可发生。肾移植后FDP出现超过2周，强烈提示有存在并发症。包括DIC中微小血栓形成的血栓形成疾病中D-二聚体浓度升高。D-二聚体测定提示与凝血块的溶解直接相关，这些结果不受可能存在的系统的纤溶影响。若D-二聚体测定是为了诊断，那么每一次结果必须有记录，此外，D-二聚体能反应独立于血栓存在的伤口愈合反应。D-二聚体并非独特的血栓形成标记物，由于存在较高的阴性预测价值，故D-二聚体阴性可排除可能有的血栓形成。,
升高：感染性疾病(细菌性、病毒性)、恶性肿瘤、胶原病、妊娠、外科手术、药物(雌激素、口服避孕药、肾上腺类固醇、前列腺素等)，斑疹伤寒等。,
血清。,
升高：儿童支气管哮喘、脑梗死、心肌梗死。,
(1)取1∶2000稀释的OT1支，用1ml结核菌素注射器抽取适量药液。消毒患者前臂内侧皮肤后用结核菌素注射器轻轻刺入前臂皮内，注入0.1ml结核菌素，此时可见注射部位表面隆起一白色小泡。,
黄绿色：黄疸、大叶性肺炎消散期、肺部绿脓杆菌感染、肺癌、支气管扩张、肺脓疡、进行性肺结核、支气管炎、干酪性肺炎。,
血清ACE测定主要同于肺部疾病的诊断，对其他系统疾病的诊疗也有一定价值。,
荧光抗体。,
5mg/L,
脓性：支气管扩张、肺脓疡、肺坏疽、肺结核空洞、支气管胸膜瘘、肺结核并发感染。,
此试验可作为判定新生儿特发性呼吸窘迫综合征，降低新生儿死亡率，特别是对妊娠高血压综合征及高血压合并妊娠患者可降低新生儿死亡率。,
IgG,
ALD,
抗-SS-B,
IgA,
(3)固定染色：每一平皿加甲醇3ml，处理30min。继加47%中性福尔马林溶液3ml，固定30min。剥除琼脂糖层，黏附固定在平皿底层的细胞用瑞氏染色，水洗干燥。,
PO2,
2%红细胞生理盐水悬液。,
有助于临床早期发现胸腺瘤及判断病情的严重程度。,
(16)。(10)读出气压表读数得P1。若CO2含量低时，可调整液面到0.5ml刻度测读P1。(11)再按下列两种方式进一步分析。①简便法：将释出气体排出后测得P2，即慢慢开启活塞,
D-二聚体复合物可用乳胶凝集试验的免疫化学法测定或酶免疫测定，后者是利用针对纤维蛋白降解产物交联区域的单克隆抗体来测定的。,
(2)正式试验①用0.01mol/L：PBS(pH值7.4)将被检血清作1∶20稀释后，滴加于上述细胞基质片上，并使铺展覆盖全部细胞涂片，放湿盒内置37℃温育30min后，用0.01mol/LPBS(pH值7.4)洗涤8次，每次10min，甩干。②滴加适度稀释的羊抗人IgG的F(ab)2＇荧光抗体，同法温育、洗涤、甩干。③取1%溴乙锭200μl加于PBS(pH值7.4)100ml中，用以着染细胞核5min后，洗涤1次。④取1%伊文斯蓝200μl加于PBS(pH值7.4)100ml中，用以复染细胞浆5min后，洗涤1次。⑤滴加90%甘油-PBS液，加盖玻片封片固定，用荧光显微镜观察结果。⑥结果判断，因具有抗原性的原始颗粒和溶酶体在中性粒细胞胞浆中有其不同的成分和分布特征，因此可呈现特殊的荧光类型，包括胞浆型(cANCA)，和细胞核周围型(pANCA)两种。A.胞浆型：中性粒细胞胞浆呈均一弥漫亮绿色荧光，细胞核染暗红色，是为胞浆阳性。B.核周围型：中性粒细胞核周围有亮绿色荧光出现，为核周围型阳性。C.中性粒细胞胞浆呈淡红色，核着暗红色则为阴性。,
烂桃样：肺组织坏死、肺并殖吸虫病(肺吸虫病)。,
CYFRA21-1,
由于流感病毒感染普遍，且存在回忆反应，同时同一亚型不同年代变异毒株间均存在有不同程度的抗原性交叉，因此，患者血清中是否存在有流感病毒抗体或抗体高低，不能做为确切诊断的证据。必须采集患者急性期(发病的头3天)和恢复期(发病后2～3周)的血清，在同一条件下进行测定，凡恢复期血清中抗体效价比急性期高4倍以上者，才可确认是流感患者。另外，由于流感病毒抗原性变异极为复杂，不同地区，甚至同一地区不同单位所流行毒株的抗原性不尽完全相同。因此，进行抗体测定时，所用的抗原最好用当时当地的流行株加上全国的代表性毒株。,
T-CO2,
肺癌患者血清TPA水平明显增高，TPA水平与临床分期及淋巴结转移呈正相关，手术后显著下降，复发早期即有明显上升。提示检测血清TPA对,
用已知不同血清型嗜肺军团菌的诊断菌液，与被检血清混合，如有相应抗体存在，可发生抗原抗体反应，出现肉眼可见的凝集为阳性。,
中毒：HbCO部分＞0.20(＞20%HbCO)致死：HbCO部分＞0.50(＞50%HbCO),
有：支气管哮喘、哮喘型慢性支气管炎、肺炎、肺结核。,
单向免疫扩散法：将被检血清做一定倍数的稀释，加入抗体琼脂板的孔内，让其自由扩散，当抗原抗体比例适当，出现白色沉淀环。其直径与抗原(IgG、IgA、IgM)浓度的对数成直线关系。查标准曲线，乘以稀释倍数即得免疫球蛋白的含量。,
苏丹黑B乙醇溶液配制。①贮存液苏丹黑B：0.3g溶于100ml无水乙醇中。②缓冲液：酚16g溶于30ml无水乙醇中，再与含0.3g磷酸二氢钠的100ml蒸馏水混合，过滤，可使用数周。③染色液：取60ml贮存液与40ml缓冲液混合，过滤，可使用数周。,
O2CT,
结核性积液中β2-微球蛋白的含量较高，对鉴别结核性和非结核性积液有一定的价值。风湿性和淋巴瘤引起的胸腔积液中，含量也升高，尤以后者最为显著。恶性肿瘤和,
anti-RSV,
白细胞：中性粒细胞增多见于呼吸道炎症，如支气管炎、肺炎等；嗜酸粒细胞增多见于慢性支气管哮喘、过敏性支气管炎、肺吸虫病、热带嗜酸粒细胞增多症患者。,
升高：铍中毒(急、慢性) ,
SHb,
CRP,
IgE,
PH值,
AGBMA可诱发抗基底膜型肾小球肾炎，血中测到AGBMA，可作为诊断抗GBM肾炎(尤其是肺-肾出血综合征)的有力依据。,
增高：CO2潴留，HCO?3增多。,
L/S1.5～1.9：中间型，少数胎儿发生急性呼吸窘迫综合征。L/S比值受下列因素影响：①肺成熟加快：高血压病、肾脏病、糖尿病、镰状细胞贫血、胎盘的过早分离(胎盘早期剥离)、破水超过36h、宫内输血、使用糖皮质激素。②肺成熟迟缓：新生儿水肿(胎儿水肿)，糖尿病。,
(4)取出后摇匀，吸取此液0.1ml，加于0.02mol/L磷酸盐缓冲液10ml中，2min后于波长634nm处比色，测其吸光度为S?。,
Standard Bicarbonate,
肺癌：由于癌浸润组织及周围结缔组织释放HA及透明质酸酶抑制物增加，特别是肺间皮细胞癌，血清HA水平可明显升高，同时肺泡灌洗液HA(即BAL-HA)水平增高远远超过血清HA(S-HA)水平，如果BAL-HA/S-HA比值明显增高，则对肺部恶性肿瘤的诊断有一定参考价值。,
由于一氧化氮的双相作用使其在哮喘的发病及治疗中可能具有重要的研究价值。,
(5)吸取未加上述试剂但同样保温的血液0.1ml，加于0.02mol/L磷酸盐缓冲液10ml中，2min后按上法进行比色，测其吸光度为B，再于此液内加12.5g/L亚硝酸钠-葡萄糖溶液1滴，摇匀，5min后用同样方法测其吸光度为St。,
包被液：即pH9.6碳酸缓冲液，其配制方法为称无水碳酸钠(Na2CO3)159mg，碳酸氢钠(NaH-CO3)293mg，溶解至总量为100ml的蒸馏水中。,
ALS,
PPD或SK-SD,
"(2)在光径1cm的比色皿中，加入标本液0.1ml和已经预温至37℃的底物应用液3.0ml,混匀。",
肺癌患者血清CA72-4水平常明显增高，CA72-4在不同病理类型亦有差异，以未分化、低分化癌为最高，中高分化癌次之。动态测定血清CA72-4水,
同电极测定原理法测定。,
无致病菌,
碳氧血红蛋白双波长定量测定：用连二亚硫酸钠(Na2S2O4)将血中的HbO2、MetHb还原成Hb，使血中多组分的血红蛋白转化为只有Hb和COHb两个组分，前者的最大吸收波长为320nm，后者为432nm，在分光光度计上分别测出被检血样在420nm和432nm两个波长处的吸光度，代人依比尔定律建立的联立方程式，求出血样COHb含量。,
乳酸锂缓冲液(pH值8.7，37℃)称取乳酸锂7.057g，2-氨基-2-甲基-1，3-丙二醇22.08g溶于约800ml水中，用1mol/L盐酸调节至pH值至8.7(37℃)，加水至1L。,
CEA,
同pH电极电位测定法。,
≤12.5μg/L,
(1)碳氧血红蛋白定性试验：①取试管2支，各加蒸馏水3～5ml，一管加患者血液3滴，另一管加正常人对照血3滴，混匀。此时。如患者血中有一氧化碳，则血液呈樱桃红色。②每管各加50g/LNaOH1滴，轻轻混合，正常对照管呈绿褐色，如患者血液中有碳氧血红蛋白，则溶血液仍呈樱桃红色，为阳性；如与正常对照色泽一致为阴性。,
Neutrophil Leueotactie Test,
(3)每排第1管开始，进行倍比稀释至第6管，第7管做为不含血清的菌液对照，第8管做阳性对照。,
(3)收集巨噬细胞：可从豚鼠、小白鼠、大鼠和兔等的淋巴结、肺、肝、脾、外周血、腹腔液中分离巨噬细胞 ①在试验开始前12h先用心脏抽血或双侧颈动脉放血处死豚鼠，以免腹腔液中混有红细胞影响结果观察 豚鼠去毛用碘酒和酒精消毒皮肤后，在无菌条件下收集腹腔渗出细胞 ②将收集到的腹腔液离心(1500～2000r/min)15min，去上清后洗涤细胞3次，计数后配成约7×106/ml的细胞悬液备用 ,
(1)反向血凝试验：①取静脉血1ml，置小试管内，37℃温育1h，分离血清。②“V”型孔塑料板，第1孔开始直至第12孔，每孔加生理盐水25μl。③第1孔加受检血清25μl，从第2孔开始依次作倍比稀释。④每孔致敏红细胞加25μl。以后步骤同标准曲线制备。⑤标准曲线制备：A.将已知含量的纯纤维蛋白原以生理盐水稀释成10mg/L。B.在“V”型孔塑料板上，从第2孔开始依次每孔加生理盐水25μl。C.将稀释的纤维蛋白原溶液，第1、2孔各加25μl，并从第2孔开始依次作倍比稀释至0.078mg/L。D.取1支致敏红细胞，用生理盐水1ml作成悬液，每孔加25μl。E.置微型振荡器，振动30s，放置37℃，温育30min。F.室温下放20min，观察结果。⑥计算：A.标准计算：纤维蛋白原稀释浓度为10、5、2.5……0.0078mg/L，致敏红细胞出现无凝聚现象的前一个孔作反应终点。如第7孔为终点，即抗体的敏感性所能检测纤维蛋白原为0.15625mg/L。B.标本计算：找出凝集的终点，算出稀释倍数，再将0.15625mg/L乘稀释倍数。,
底物应用液；按乳酸锂缓冲液1ml加辅酶Ⅰ(NAD＋)5mg比例，配置当天的底物应用液。,
少量中性粒细胞、上皮细胞和尘细胞,
升高：①单纯性升高：IgE型多发性骨髓瘤。②多种性升高：A.特异反应性疾病：特异反应性支气管哮喘、过敏性鼻炎、特异反应性皮炎、过敏性支气管肺曲霉菌病等。B.寄生虫感染。C.T细胞功能不全症：高IgE综合征、Wiskott-Aldrich综合征(湿疹血小板减少多次感染综合征)、DiGeroger综合征(胸腺发育不全综合征)、选择性IgA缺乏症、重症复合免疫功能缺陷等。D.其他疾病：软组织嗜酸性肉芽肿(木村病)、Hodgkig病(霍奇金病)、急性肝炎、肝硬化、原发性肝癌、风湿性关节炎、川崎病、小儿腹泻等。,
铁锈色：大叶性肺炎、肺梗塞。,
升高：传染性单核细胞增多症(1周后开始升高，第4～6周达高峰，以后下降，持续很少超过半年)、近期接受过马血清治疗者、少数,
＜140ng/ml,
降低：见于肺气肿等缺氧性肺部疾病、循环性缺氧、组织性缺氧。升高：见于高压氧治疗。,
上皮细胞：鳞形上皮细胞增多见于急性喉炎、咽炎；纤毛柱状上皮细胞增多见于支气管哮喘、急性支气管炎；圆形上皮细胞增多见于肺部炎症。,
(2)标本接种：取标本上清3ml，按每ml加青霉素1000u，链霉素1000μg，混匀置4℃2h后方可接种细胞。成片的MDCK细胞，长在塑料板孔中或细胞管中均可(无CO2孵箱的单位，可用细胞管，一管相等于一个孔，其余操作均一样)，用Hank液洗1～2次，每份标本种12个孔，每孔0.1ml，10－1稀释度的甲、乙型流感病毒按同法各种4个孔，另4孔为细胞对照仅加0.1ml维持液(不管接种标本有多少份细胞对照2～4个孔已足够)，置35℃CO2孵箱吸附1h，倒掉接种液，用Hank氏液洗1遍接着同步骤1；每孔加入0.1ml维持液，35℃CO2孵箱培育过夜，倒掉维持液，丙酮固定，洗1遍。,
碳氧血红蛋白定性试验：50g/LNaOH。,
目前关于革兰氏染色法原理有3种主要解释，即：等电点、化学和通透性。认为革兰氏阳性菌等电点比革兰氏阴性菌低，含有多量核糖核酸镁盐，细胞壁结构致密，肽聚糖壁厚，因而与结晶紫结合牢固，不易被酒精脱色而使其染成紫色，为革兰氏阳性菌，而被酒精脱色复染成红色或黄色者，为革兰氏阴性菌，从而将细菌分成两大类。,
EOS,
脂酸结晶：肺坏疽、支气管炎、慢性肺结核。,
anti-neutrophil cytoplasmic antibodies,
RIA法：内皮素(endothelin，ET)是由血管内皮细胞释放的21个氨基酸残基所组成活性多肽。它是迄今所知收缩血管作用最强的物质。由于在血浆中浓度很低，样品要经柱层析纯化，125,
IL-6的生物活性检测①MH60BSF2细胞株的扩增：将细胞培养于含定量r/IL-6完全1640培养基中传代扩增。②无Ca2+Mg2+，Hank液。③MTT5mg/mlPBS溶解，滤过除菌，避光保存。④酸化异丙醇含0.04mol/LHCl的异丙醇。⑤30g/L，SDS。⑥酶标测定仪。,
SB,
可接受水平为血液15μg/L，尿液15μg/L。镉升高见于生产含镉电器(电镀技术)、可充电式干电池、平衡器和PVC稳定器的工厂工人。工业使用此元素的结果是镉积聚在废水过滤系统的污泥中。通过使用这些土壤的农作物和动物内脏进入人体。通过测定血清和尿液就可以测到有机体实际镉携带量。头发负荷和重要器官如肝和肾之间的镉含量无良好相关性。事实上分析头发的数量是局限的，不能反应有机体总的镉负荷量。急性中毒：急性中毒很少发生，是由吸入镉烟引起，24h和更长时间后即患急性肺水肿，如果个体幸免于急性期，以后发展为纤维性支气管炎。慢性中毒：慢性中毒发生在长时期处在吸入空气镉浓度高的环境中，临床症状基本是炎症，以后出现鼻咽黏膜的退行性变化(镉感冒)，肾损伤，出现尿蛋白＞2g/24h，主要是低分子量蛋白，如α1-微球蛋白和β2-微球蛋白，能被肾小球滤过，但不能被肾小球吸收。,
SIgE,
(2)另取15mm×150mm试管1支，加生理盐水9ml及待检血清1ml混匀，成为1∶10稀释血清。加入每排第1支试管内各0.5ml。,
(3.5±0.2)kPa,
LA/PA,
(8)，让血浆1ml同蒸馏水2ml缓缓进入反应室。吸去小杯中多余的水，弃之。,
辣根过氧化物酶标记的葡萄球菌A蛋白(SPA)或辣根过氧化物酶标记的马抗小鼠的IgG抗血清。这些可购买于生物试剂商店。而抗鸡血清IgG需自己制备和标记。(10)鉴定标本：用pH7.4的Hank液或199或Eagle液或灭菌的生理盐水(后者很少用)，让流感样患者含嗽咽部后收回；当前人群中流行的甲、乙型流感病毒(阳性对照)。,
白色念珠菌：肺念珠菌病、真菌感染性口炎(鹅口疮)。,
Carbon Dioxide Combining Power,
C-Ⅳ,
15～20U/L,
anti-Ad,
CO2CP,
烯醇化酶(Enolase)总活性升高往往与神经元特异性烯醇化酶活性升高相一致，多见于小细胞肺癌，神经母细胞瘤等患者。,
升高：见于甲状腺癌、小细胞肺癌、乳腺癌。尤其是当肿瘤发生骨转移的患者，血液降钙素含量绝大多数均升高，而且降钙素可反映癌肿范围的大小。另外，肾功能衰竭、孕妇、白血病亦可升高。,
CO,
癌细胞检查：诊断癌性胸膜炎必须检查的项目，癌细胞诊断阳性率30～70%，阴性也不完全否认癌性胸腔积液。,
单克隆抗体：抗CD8单克隆抗体。,
升高：吸烟过度、烟碱中毒。,
稍黏稠,
降低：慢性支气管哮喘。,
阴性(＜1∶4),
SIgA,
α1-AT,
降低：见于各种肺部疾病(如气喘性支气管痉挛、肺炎、呼吸窘迫综合征、肺水肿)、左心室衰竭等。升高：缺氧后(如代谢性酸中毒，过度换气综合征)。,
升高(阳性)：见于下列癌症及其阳性率：结肠癌(74%)、直肠癌(73%)、肺癌(70%)、乳腺癌(60%)、胰腺癌(90%)。另外，慢性结肠炎、结肠息肉、直肠息肉、萎缩性胃炎、肝硬化、溃疡性结肠炎、胆道梗阻、胆囊炎、肝脓肿、风湿性关节炎、慢性支气管炎等时血清癌胚抗原也可轻度升高。,
≤10μg/L,
BE,
CSFs检测在感染性疾病中的意义：G-CSF作为细菌感染性疾病的早期诊断指标逐步被人们认识，用ELISA法检测各种细菌感染性疾病，大多数表现出G-CSF水平或检出阳性率的增高。如肺炎、心内膜炎、急性尿路感染、手术感染患者、新生儿败血症等疾病中血清G-CSF、水平增高显著，常表现为正常参考值的2～3倍，阑尾炎、发热、胸膜炎、胰腺炎、胆囊炎、肾功能衰竭等患者血清中有不同程度的G-CSF升高，随着这些细菌性感染疾病的恢复，血清G-CSF水平恢复正常。类白血病样反应患者以血清GM-CSF升高为主，水平为112ng/L，正常参考值为＜2ng/L(日本报道)，而G-CSF增高不显著。美国文献报道在孕妇妊娠过程中感染发生，也常表现出羊水GM-CSF的增加，经治疗后GM-CSF又恢复正常水平。血清G-CSF水平下降，常见于HIV感染和其他病毒性感染性疾病，如病毒性感冒和病毒性脑炎。因此，血清G-CSF水平的检测可作为急性细菌感染和病毒感染性疾病的一种有效鉴别诊断指标。综上所述，CSFs检测的临床意义还有待于进一步探讨，关于各种方法提供的参考值也存在一定的差别，有待于扩大检测范围、统一标准。但血清G-CSF、GM-CSF、EPO、IL-3等水平的检测在血液系统疾病的发生机制、诊断、疗效观察中具有重要意义。特别是G-CSF水平的检测可作为细菌性感染的一种早期、快速、敏感的指标。有资料说明，血清G-CSF测定较急性时相反应蛋白(CRP)更为敏感。因此随着各种CSFs检测方法学的规范化、标准化，CSFs的测定会有更广泛的临床应用前景。,
抗-Scl-70,
Charcot-Leyden结晶(夏科－雷登结晶体)：各种过敏性疾病、肺部寄生虫病、常与嗜酸性粒细胞、柯什曼螺旋体并存。,
NAG,
标准：有0，5.0，10，20，40，80μg/L共6种7瓶，其中0μg/L两瓶。冻干品，使用时用1.0ml蒸馏水溶解。,
ADA,
(1)静脉取血1.5～2.0ml，加于含有3.8%柠檬酸钠抗凝剂的小试管内，血液和抗凝剂接9∶1混合，加葡萄糖20mg。,
(3)摇匀后取此血液1ml，加12.5g/L，亚硝酸钠-葡萄糖溶液和0.0001mol/L美蓝溶液各0.05ml，颠倒混合15次，使与空气中的氧气充分接触，加塞，置于37℃水浴(或保温箱)3h。,
血清含量升高：可见于各种肿瘤和免疫系统疾病、炎症以及用雌激素治疗。与CEA联检，并进行动态观察对肺癌和卵巢癌的预后有一定的临床价值。,
Nitric Oxide No,
生理盐水。,
有：表示肺实质有破坏、肺部已有空洞形成、见于肺脓疡、进行性肺结核、肺癌等。,
一氧化碳血红蛋白,
ALD-A中度升高：胃癌、食管癌、肺癌、甲状腺癌。,
3P,
生物素化的兔抗IL-8IgG。,
OT,
PCO2,
0.02mol/L磷酸盐缓冲液(pH7.4)：称取磷酸氢二钠(Na2HPO4·12H2O)51mg。磷酸二氢钾52.2mg，加蒸馏水至100ml。,
降低：高原性低氧血症。升高：显著增加见于肺不张和成人呼吸窘迫综合征；中度增加见于慢性阻塞性肺部疾病；轻度增加可能是肺泡通气不足，如哮喘和肺炎等。,
L/S＞2：肺成熟、胎儿不出现急性呼吸窘迫综合征。,
D-Di,
(3)结果判定：荧光显微镜镜检，根据特异性的荧光强度判定结果，用加减号表示：(－)：无荧光。(±)：极弱的可疑荧光。(＋)：荧光较弱，但清晰可见。(＋＋)：荧光明亮。(＋＋＋～＋＋＋＋)：荧光闪亮，且范围广泛。,
(1)取10mm×100mm试管15排，每排8支，各加生理盐水0.5ml。,
腺苷缓冲液(pH6.8)：在45ml去离子水中，加入1mol/LNaOH4.8ml，煮沸除氨，加入KH2PO41.361g溶解，冷至70℃左右，加入腺苷133.6mg，加去离子水至50ml，加氯仿1ml防腐，置冰箱保存。,
降低：主要见于遗传性α1-AT缺乏症，由于α1-AT缺乏而引起的肝硬化，支气管扩张，胰腺纤维化等。对原因不明的肝硬化病人，检测α1-AT可协助诊断。,
40%～90%原发性干燥综合征患者。,
12.5g/L亚硝酸钠-葡萄糖溶液：取亚硝酸钠1.25g，葡萄糖5g，蒸馏水加至100ml。,
免疫比浊法：①透射比浊法：包括：抗血清(要求高效价、高纯度、高亲和力，且不含任何干扰粒子)；参考品(采用国际参考品或经其标化的参考品)；缓冲液(各仪器常有指定缓冲液)。②终点散射比浊法：免疫比浊仪配有IgG、IgA、IgM、C3、C4试剂盒，内含稀释液、缓冲液、抗血清等，按说明书配制。,
adenosine deaminase,
(3)加脱色液，不时摇动，至无紫色脱落为止，水洗。,
(22)，使0.2ml碱液进入反应室，等待1min。调节气体容积到2或0.5ml刻度测读P3。同时记录外套的水温。当标本是全血时，用1mol/L，氢氧化钠1.5ml置于小杯，慢慢引入1ml。此时应作空白测定，减C值以校正。空白测定以蒸馏水1ml代替血标本，同样操作，加碱液1ml的前后，两次气压读数之差为C值一般(C值在1～4mm之间)。两种方法计算公式如下：简便法：CO2ml%＝[(P1－P2)×f]－5CO2mmol/L＝[(P1－P2)×f＇]－2.2标准法：CO2ml%＝(P1－P3)×fCO2mmol/L＝(P1－P3)×f＇如用1mol/L的氢氧化钠时则为；CO2ml%＝(P1－P3－C)×fCO2mmol/L＝(P1－P3－C)×f＇计算因数f、f＇值请查表1。,
(1)抽取患者血液，分离血清，用37℃生理盐水洗涤红细胞3次，制成2%红细胞生理盐水悬液。也可用正常人“O”型抗凝血，配成2%红细胞悬液。,
≤3.3μg/L,
嗜酸性粒细胞增多：①过敏性疾患：支气管哮喘、荨麻疹、结节性多动脉炎、药物过敏、血清病等。②皮肤病：天疱疮、疱疹性皮炎、痒疹、多形性渗出性红斑、湿疹等。③寄生虫病：蛔虫病、钩虫病、血吸虫病、肺吸虫病、囊虫病等。④感染症：猩红热、麻疹潜伏期、吕弗琉(L?ffler)综合征、感染性疾病恢复期等。⑤血液病：嗜酸性粒细胞性白血病、慢性粒细胞性白血病、霍奇金病、恶性贫血、家族性嗜酸粒细胞增多症、热带性及非热带性嗜酸细胞增多症、骨髓纤维化、器官移植排斥反应等。⑥其他：放射线照射后、卵巢肿瘤、肉样瘤病、肾上腺皮质功能减退症等。,
无臭味,
补体结合抗体感染后7～9d开始上升，3～4周达高峰，约90%病人阳性。单份血清效价＞1∶64～128者或双份血清有4倍以上增长者，有诊断意义。,
fibrinogen degradation products,
分离剂：1瓶，100ml。摇匀后直接使用。所有试剂溶解后4℃保存，有效期2周。本测定盒内装的试剂供100管测定。不允许不同批号相互替用。,
(7)加蒸馏水2.5ml于小杯中，水层下加血浆1ml，开活塞,
＜2.66kPa,
补体结合试验,
肺癌患者血清CA242水平常明显增高，CA242水平与临床分期、肿块大小及淋巴结转移呈正相关，且在肺腺癌时CA242水平明显高于,
IL-8,
Carboxy-hemoglobin,
2.03±0.21mg/L,
可能由于支气管哮喘患者NOS(一氧化氮合成酶)存在功能上缺陷。而且支气管哮喘是一种多种炎性细胞参与的慢性变态反应性炎症，在炎性细胞、肿瘤坏死因子α(TNF-α)、白介素Ⅰ(IL-1)和内毒素等诱导刺激下，气道上皮细胞、巨噬细胞中的诱导型NO合成酶(iNOS)被激活，产生大量NO。NO过度生成导致毛细血管的微静脉渗出增加，DNA脱氨基，支气管上皮脱落和功能变性，使炎症反应加重，气道反应性增高，哮喘症状加重。,
ANCA,
(1)用量压式气体分析仪，如图1。,
L/S＜1.5：肺不成熟，相当多的胎儿出现急性呼吸窘迫综合征。,
PPD,
升高：钩端螺旋体病(早期)。,
终点散射比浊法：终点法是在抗原-抗体反应达到平衡时，即复合物形成后作用一定时间，通常为30～60min，复合物浊度不再受时间的影响，但又必须在聚合产生絮状沉淀之前进行浊度测定。,
碳氧血红蛋白定性试验：一氧化碳与血红蛋白结合后，形成樱桃红色的碳氧血红蛋白，它对碱抵抗力较正常血红蛋白为强。,
PSP,
(25±3)mmol/L,
大量增多：肺脓疡、肺结核空洞、支气管扩张、肺水肿、肺坏疽、肝脓疡破入支气管时等。,
小试管10支。,
结核杆菌：呼吸道结核病。,
副球孢子肉芽肿,
肺大疱,
B38,
血浆,
呋喃嘧酮,
头孢唑南,
巴西芽生菌病,
肿瘤,
胸部的CT检查,
循环免疫复合物,
淋巴结肿大,
acinetobacter pneumonia,
J68,
solitary cyst,
pulmonary benign tumors,
过敏性肉芽肿,
伯格病,
J96.0,
依前列醇,
功能检查,
磺胺,
亚甲蓝,
酮替芬,
酮康唑,
过敏性肉芽肿性血管炎,
Buerger病,
心电图检查,
冻干卡介苗,
coccidioidal granuloma,
平衡失调,
J96,
喉裂,
血清腺苷脱氨酶,
小儿巨细胞包涵体病毒肺炎,
localized mesothelioma of pleura,
膈突出,
畏寒,
土拉伦斯菌病,
血小板计数,
白蛋白,
氯喹,
senile respiratory failure,
CP,
squamous cancer,
氧分压,
influenza virus pneumonia,
干扰素,
嗜银细胞癌,
丹参,
放射菌病,
结膜炎,
猝死,
混合性感染,
pediatric pulmonary edema,
窦性心动过缓,
替卡西林/克拉维酸钾,
C08.9,
罗伯芽生菌病,
0.0759,
扎那米韦,
二氧化碳,
羧苄西林,
高嗜酸粒细胞综合征,
李氏杆菌病,
头孢哌酮,
血管造影检查,
J18.8,
早搏,
过敏性肉芽肿症,
5-氟胞嘧啶,
长春地辛,
血氧饱和度,
类肺炎性胸膜腔积液,
滑石尘肺,
普通透视检查,
可的松,
coccidioidosis,
感染内科,
pH,
haemothorax,
血清病,
6-氨基己酸,
硫氯酚,
J15.1,
单侧透明肺,
巯嘌呤,
便血,
发热甚至高热,
新生霉素,
青霉素V,
J15.8,
二氧化碳分压,
窦性心动过速,
胸部CT检查,
纵隔甲状腺肿,
pediatric acutere rspiratory failure,
小儿金黄色酿脓葡萄球菌肺炎,
磺胺甲氧嗪,
obstructive pulmonary emphysema,
sarcoid,
RT,
卡他微球菌感染,
pediatric pulmonary closure,
脉搏,
人血白蛋白,
毒毛花苷K,
B33.8,
磺胺甲噁唑,
血清免疫球蛋白E,
IgM,
B48.8,
水痘病毒肺炎,
哌拉西林,
胸部放线菌病,
respiratory acidosis,
去铁胺,
马尔尼菲青霉菌病,
EACA,
卡氏肺孢子虫病,
氟沙星,
潜血试验,
pediatric atelectasis,
pediatric pulmonary embolism,
硼酸,
原发性肺含铁血黄素沉积症,
老年阳性杆菌肺炎,
nodular lymphoid hyperplasia,
出血败血性巴杆菌感染,
aspirated pneumonia,
尿钙,
senile pulmonary abscess,
prolonged eosinophilia pneumonia,
carbaxyhemoglobinemia,
pulmonary echinococcosis,
头孢哌酮/舒巴坦,
肺嗜酸细胞增多症,
红霉素,
Q33.8,
阿苯达唑,
类球孢子菌病,
囊性腺样癌,
反射减弱,
蝇疫霉病,
磺胺嘧啶,
A43.0,
小儿黏滞病,
脱屑性间质性肺炎,
肺癌继发性皮肤转移,
无环鸟苷,
traumatic asphyxiation,
肺炎克雷白氏杆菌肺炎,
acute respiratory distress syndrome,
心肌梗死,
山莨菪碱,
bronchial asthma of children,
yersinia enterocolitica pneumonia,
carbon monoxide poisoning of children,
过氧化酶染色,
心脏性猝死,
原发性肺动脉高血压,
急性积脓,
EE,
低分子肝素,
隐球酵母病,
肺不张,
噻康唑,
氮芥,
IS,
氟胞嘧啶,
J15.0,
布-加综合征,
RF,
影像室检查,
双黄连,
胸膜局限型纤维瘤,
hepatopulmonary syndrome,
头孢西丁,
血压上升,
immotile cilia syndrome,
A31.8,
阿霉素,
肺性增殖性骨关节病,
0.0189,
持续性胎循环,
Goodpasture病,
giant cell reparation granuloma,
DFM,
先天性囊性腺瘤样畸形,
allergic granulomatosis,
舒必利,
enterococcal pneumonia,
支气管造影检查,
老年病科,
beryllium disease,
polymorphic reticulosis,
老年呼吸衰竭,
CT或MRI检查,
acute upper respiratory infection of children,
BUN,
石棉沉着病,
新型隐球菌病,
L99.8*,
Brock综合征,
甲氧西林,
sinobronchiales syndrome,
大扶康,
B40.8,
巴斯德氏菌肺炎,
酚磺乙胺,
B38.8,
替卡西林,
M31.8,
J17*,
短P-R综合症,
小型组织胞浆菌病,
普氏立克次氏体肺炎,
混合型慢性高空病,
外伤性膈疝,
coalminer's pneumoconiosis,
惠特莫尔病,
播散性马尔尼菲青霉菌感染,
自发性血气胸,
心音遥远,
隔离肺,
可由,
石棉沉滞症,
17.6/10万～20/10万,
senile pulmonary emphysema,
花粉性哮喘,
克雷白杆菌属肺炎,
congenital posterolateral diaphragmatic hernia,
自发性气胸,
儿童期哮喘,
cough syncope syndrome,
可宁,
碘化钾,
球红霉素,
neonatal respiratory distress syndrome,
食管气管未闭,
米诺环素,
异丙嗪,
mycodermomycosis,
senile lung carcinoma,
CTX,
J62,
胸骨后疝,
速尿,
明色丝菌病,
卡他球菌肺炎,
鼠疫耶尔森氏菌肺炎,
阿莫西林/克拉维酸钾,
senile spontaneous pneumothorax,
血清免疫球蛋白G,
血浆黏度,
Churg-Strauss综合征,
亚胺培南/西司他丁钠,
克雷伯菌属感染,
骨关节病,
布洛芬,
小儿脱屑性间质性,
pulmonary fever complicating pregnancy,
凝血时间,
小儿原发性睫运动障碍,
pediatric lung edema,
艾滋病,
pediatric cytomegaloviral pneumonitis,
营养不良,
neonatal persistent pu1monary hypertension,
肺泡毛细管阻塞综合征,
变应性肉芽肿,
睡眠无呼吸综合征,
系统性硬化症,
奇昆古尼亚热,
Pulmonary eosinophilia,
J94.9,
A48.8,
cytomegalic inclusion disease,
头孢地秦,
CPK,
外耳氏病,
小儿肺静脉回流异常,
J98,
流感症状,
成人呼吸窘迫综合征,
sendai virus infection,
支气管芽生菌病,
立克次体凝集试验,
小儿白色肺,
immobile cilia syndrome,
TF,
avian influenza virus infection,
J82,
D86.0,
节段性透明变性性脉管炎,
急性肾功能衰竭,
氢化可的松,
硫霉素,
胸腔镜检查,
肺包虫囊肿,
黄芩,
心房扑动,
达那唑,
纤溶酶,
假丝酵母病,
坏死性肉芽肿,
citrobacter pneumonia,
nitrogen dioxide poisoning,
B36.8,
血管中心性免疫增殖性病变,
马尼弗青霉菌病,
白细胞数,
parrot fever,
J63.1,
出血败血性巴斯德菌,
变应性肉芽肿病,
美曲膦酯,
小儿急性气管、支气管炎,
小儿结节性动脉外膜炎,
惠特莫尔氏病,
pediatric cytomegalic inclusion disease,
B44,
小儿气管异物,
Goodpasture综合征,
奇霉素,
衣原体肺炎感染,
扁平细胞癌,
Chlorambucil,
阿替普酶,
慢性鼻咽炎,
关节肿痛,
X射线检查,
油吸入性肺炎,
血管炎,
S27.4,
类固醇抵抗型哮喘,
status asthmatics,
低钠血症,
两性霉素B脂质体,
pulmonary tuberculosis complicating pregnancy,
核素扫描检查,
黏菌素,
鼻炎,
甘草流浸膏,
依米丁,
尿素氮,
CH,
小儿肺痈,
胸部B型超声检查,
LSD,
南美洲锥虫病,
试管凝集试验,
去甲万古霉素,
meconium aspiration syndrome,
淋巴瘤样肉芽肿病,
毛霉菌病,
柠檬酸细菌肺炎,
溶血,
histoplasmosis,
头孢孟多,
假淋巴瘤,
酵母,
电焊工病,
肌炎,
硝酸甘油,
脑病,
阻塞性睡眠呼吸暂停综合症,
Mortimer病,
安络血,
atelectasis,
新霉素,
retrosternal hernia,
alveolar-capillary block syndrome,
诺卡氏放线菌病,
伯克氏肉样瘤,
老年人终期肺炎,
硝苯地平,
原发性持续,
,
头孢特仑,
senile nosocomial pneumonia,
肺炎杆菌肺炎,
lymphomatoid granulomatosis,
肾病综合征,
出血败血性巴斯德氏菌,
外伤性血胸,
pediatric acute respiratory distress syndrome,
生长抑素,
胸腺素,
马杜拉菌病,
肥胖,
senile sleep apnea syndrome,
pneumonia caused by other virus,
老年肺癌,
依他尼酸,
肾炎,
acute bronchitis of childhood,
病理学检查,
X检查,
Dapsone,
A31,
CSA,
七日热,
X线摄片检查,
转移因子,
肺钩口线虫病,
肺CTCT检查,
支气管扩张症,
乙酰氨基酚,
小儿流感杆菌肺炎,
奈氏卡他球菌肺炎,
bronchcentric granulomatosis,
电镜检查,
光镜检查,
转移瘤,
pediatric pneumonedema,
先天性支气管源性囊肿,
pediatric Eaton's pneumonia,
氯苯咪唑,
硝普钠,
CPA,
特康唑,
小儿支气管扩张症,
心源性休克,
伯氨喹,
food allergic asthma,
急性肺心病,
特发性肺褐色硬变综合征,
老年肺心病,
Schaumann病,
依诺肝素,
SS,
丙卡特罗,
B97.2,
哌嗪,
氨蝶呤,
CA,
cardiac asthma syndrome,
代谢性酸中毒,
cytomegaloviral pneumonia,
心包炎,
0.0084,
pulmonary embolism,
视力障碍,
新生儿Wilson-Mikity综合症,
垂体后叶素,
肺泡-毛细血管阻滞综合症,
respiratory distress syndrome,
B41,
T27.3,
仑氨西林,
长春碱,
sequestration of lung,
胸片检查,
小儿无合并症型肺动脉瓣狭窄,
罗他霉素,
grinder's disease,
pediatric anomalous pulmonary venous return,
bronchocephalitis,
anaerobic pneumonia,
acute respiratory failure,
流行性斑疹伤寒立克次氏体肺炎,
3%～5%,
普通变形杆菌肺炎,
克雷伯氏杆菌感染,
脑膜炎,
肺十二指肠虫病,
aspiration pneumonia,
congenital pleuro-peritoneal foranmen hernia,
儿童药物超敏反应,
二氧化碳结合力,
老年肺结核病,
棘球蚴病,
langerhans’cell histiocytosis,
脑水肿,
糖酸钙,
吐根糖浆,
巨细胞病毒肺炎,
infectious atypical pneumonia,
abscess of lung,
迁延型嗜酸粒细胞增多症,
J45.1,
eventration of diaphragm,
scar carcinoma,
肺纤维囊泡症,
IFA,
嗜酸细胞增多性肌痛综合征,
Wegener肉芽肿,
药源性肺病,
斯坦顿病,
community acquired pneumonia,
D-青霉胺,
RNA,
获得性免疫功能丧失症,
bronchiectasis of children,
pediatric pulmonary alveolar proteinosis,
特比萘芬,
皮肤病,
Marie-Bamberger综合症,
老年支气管扩张症,
支气管结石病,
乙胺嗪,
免疫荧光检查,
胸部X线平片检查,
呋喃妥因,
CT等检查,
hospital acquired pneumonia,
酚妥拉明,
小儿Hopkins综合征,
streptococcus pneumoniae septicemia,
鼻孢子菌病,
纵隔气肿,
adenoviral pneumonia,
苄胺唑啉,
小儿Reimann综合征,
硫酸吗啡,
neonatal laryngeal stridor,
argentaffinoma,
小儿巨细胞包涵体病,
measles pneumonia,
小儿原发性非典型性肺炎,
anguillula intestinalis of lung,
小儿右肺中叶综合症,
多西环素,
侧孢病霉,
洋地黄,
食物变应性哮喘,
1∶30000～1∶60000,
维生素B6,
cough type asthma,
住肉孢子虫病,
甘油,
B65.8,
达肝素钠,
肺组织细胞增多症,
aeromonas pneumonia,
异丙阿托品,
pediatric tuberculous pleurisy,
失血性休克,
张力性气胸,
pneumonia due to brucella species,
小儿肺萎陷,
Unilateral hyperlucent lung,
血清乳酸脱氢酶,
金霉素,
卡巴胂,
lipid pneumonia,
多普勒超声检查,
上气道堵塞,
上皮样血管瘤病,
老年人慢性肺源性心脏病,
J15.2,
穿通性弹力纤维病,
腹水,
硅肺病,
肺部少见的恶性赘生物,
多形性网状细胞增生症,
pancoast syndrome,
PET检查,
真菌性肠炎,
氯化钙,
food allergy-induced asthma,
congenital bronchial cysts,
先天性肺动-静脉瘘,
鸟热衣原体肺炎,
去甲肾上腺素,
A40.3,
pollen asthma,
儿童严重急性呼吸综合症,
洛芬,
氯胺酮,
Morgagni hermia,
amianthosis,
0.7%～1.5%,
PA,
下咽恶性肿瘤,
acute tracheitis of childhood,
多形网状细胞增多,
纤毛不能移动综合征,
disseminated penicillium marneffei infection,
小儿间质性淋巴细胞肺炎,
缺铁性贫血,
脉通,
普鲁卡因,
血管中心性淋巴瘤,
压宁定,
东莨菪碱,
pediatric pulmonary valve stenosis,
喂鸽者病,
金刚烷胺,
淀粉酶,
D75.8,
X线可为片,
小儿伴肾小球肾炎的肺出血,
黄体酮,
小儿普-杰二氏综合征,
网状内皮组织细胞性真菌病,
血清球蛋白,
别丁,
凝血酶,
cyst of mediastinum,
oedema pulmonum,
senile tuberculosis of lung,
0.089,
radiation pneumonitis,
苯丁酸氮芥,
复方阿司匹林,
柠檬酸铝,
穿心莲,
I27.8,
2.5%,
A06.8,
A群链球菌感染,
翻花疮,
pediatric Macleod's syndrome,
bronchiect.,
PC,
血清铁,
15.9%、女性仅为1.5%,
pasteurella pneumonia,
痰液细菌培养,
纵隔何杰金病,
组胺,
pneumocystosis carinii,
acute altitude sickness,
172.1/10万,
pulmonary atelectasis,
复方磺胺甲噁唑,
小儿肺出血-肾炎综合症,
螺内酯,
血管紧张素转化酶,
Plummer-Vinson综合征,
水痘性肺炎,
关节炎,
甲醛溶液,
J98.0,
脑炎,
尿铍,
0.0131,
普氏立克,
榄香烯,
苯唑西林,
pulmonary sporotrichosis,
李司忒氏菌病,
长春花碱,
pediatric desquamative interstitial pneumonia,
K44,
史蒂文斯-约翰逊综合征,
DNR,
维生素E,
急性侵袭性肺曲霉病,
pulmonary artery agenesis,
头孢美唑,
A15.9,
tracheobronchial primary tumour,
血清蛋白电泳,
消炎痛,
asthma due to dust mite,
senile epidemic catarrhal fever,
Hamman-Rich综合征,
pneumocystis carinii pneumonia of children,
皮肤红斑,
小儿纵隔压迫综合症,
prickle cell carcinoma,
前外侧疝,
胰岛素,
肺泡通气低下综合症,
senile bronchial asthma,
软弱无力,
碳氧血红蛋白血症,
迟发性皮肤变态反应,
心内膜炎,
挫伤,
克仑特罗,
肿瘤相关抗原,
1/4000～1/2000,
淀粉样变性病,
Streptococcus milleri pneumonia,
鼠疫耶氏菌肺炎,
板蓝根,
小儿柯萨奇病毒和埃可病毒感染,
mesothelioma of pleura,
慢性嗜酸性肺炎,
持续胎儿循环,
haemophilus influenzal infection,
萘夫西林,
C4,
肌电图检查,
曲张性动脉瘤,
血胸,
肺膨胀不全,
Boeck病,
J17.1*,
那屈肝素钙,
阿托品,
神志模糊,
瘤可宁,
泡型包虫病,
老年人Hamman-Rich综合征,
上腹痛,
小儿中叶-舌部综,
细胞内分枝杆菌感染,
西司他丁,
纺织热,
acute pulmonary eosinophilia,
blastomycosis dermatitidis,
DIC,
原发性非典型性肺炎,
小儿海蓝组织细胞综合征,
spherical pneumonia,
凝血酶原时间,
多巴胺,
Agenesis of bronchus,
CT和MRI检查,
咪唑酸乙酯,
0.041,
lung abscess,
非那根,
超敏感性肺炎,
小儿肉样瘤病,
0.5%～1.0%,
Bacillus whitmori pneumonia,
淹死,
毛盘状瘤,
Rosen-Castleman-Liebow综合征,
僵直,
组织病理检查,
中耳炎,
J17.8*,
器官移植,
氮卓斯汀,
523/10万,
C38.3；D15.2,
肺良性肿瘤,
益康唑,
phosgene poisoning,
HCO3－,
Favre-Racovchot综合征,
Francisella pneumonia,
磷霉素,
Loffler'a syndrome,
Ig,
巨大细胞包涵体病,
氯噻嗪,
Crow-Fukase综合征,
C3,
肺型血吸虫病,
滑石病,
克拉维酸,
Rickettsia exanthematotyphi pneumonia,
关节酸痛,
B66.8,
囊性纤维化,
小儿高粘滞综合征,
休-斯二氏综合征,
M8070/3,
显微镜下多发性血管炎,
止血芳酸,
0.25,
牛磺酸,
胎便吸入综合征,
小儿急性暂时性中叶疾病,
pediatric chlamydial pneumonia,
西替利嗪,
腺泡细胞瘤,
persistent fetal circulation,
小儿军团菌感染性肺炎,
头孢吡肟,
X线或CT检查,
慢性粒细胞性肺炎,
senile epidemic influenza,
拉氧头孢,
对照,
司氟沙星,
aspergillar glomera,
多普勒检查,
硫酸长春碱,
Coombs试验,
pulmonitis complicating pregnancy,
Cystic fibrosis of the lung,
parasternal hernia,
小儿哮喘,
A74.8,
微型多发性血管炎,
2.7/10万,
肺部少见的恶性新生物,
acute respiratory distress syndrome after burn,
pediatric respiratory tract foreign body,
pulmonary carcinoma,
aspergillomycosis,
allergic pneumonia,
不孕,
alveolar hypoventilation syndrome,
plexiform angioma,
J68.2,
奥司他韦,
2.4/100万,
foreign body of trachea and bronchus,
chylous hydrothorax,
水杨酸,
小儿肺泡蛋白沉积症,
系统性硬化,
胎嗽,
anaerobic infection,
浆细胞,
咽喉疼,
眼球突出,
pediatric foreign bodies in the trachea and bronchi,
氨丁三醇,
柔红霉素,
腺病毒肺炎,
小儿杰格斯综合征,
肺原性心脏病,
VD,
丝裂霉素C,
胰蛋白酶,
创伤性检查,
squamous cell carcinoma,
acute eosinophilic pneumonia,
小儿内脏蚴移行综合征,
头孢噻吩,
大肠杆菌肺炎,
广州肺线虫病,
1.3%～3.4%,
煤肺,
消心痛,
肺诺卡氏菌病,
肾病,
水溶性维生素,
小儿肺陷落,
肺螨症,
特发性嗜酸粒细胞增多综合征,
囊腺癌,
paragonimiasis szechuanensis,
idiopathic fibrosis of the lung,
伯克肉样瘤,
lung artery agenesis,
AZP,
氯丙嗪,
高致病力禽流感,
小儿Swyer-J,
Eaton's pneumonia,
Boeck's sarcoid of children,
肺出血-肾炎综合症,
senile pulmonary carcinoma,
THA,
老年人Mortimer病,
asbestosis,
淋巴管炎,
先天性后外侧疝,
瘢痕疙瘩样芽生菌病,
抗中性粒细胞胞浆,
铜绿假单胞菌肺炎,
B44.8,
Ara-C,
苯佐那酯,
紫色杆菌病,
谵妄,
lung fever complicating pregnancy,
儿童慢性肉芽肿,
地西泮,
特发性纵隔纤维化,
肺弓浆虫病,
脱粒工肺,
PCT,
出血败血性巴氏杆菌感染,
B96.0,
O99.5,
accessory sinuses of the nose syndrome,
pediatric Goodpasture syndrome,
驱蛔灵,
基萨那森林热,
卡茚西林,
coalworker's lung,
B型流感嗜血杆菌感染,
burst injury of lung,
克霉唑,
脑膜炎双球菌肺炎,
喉部挫伤,
血清白蛋白,
chylopleura,
Mounier-luhn Syndrome,
食物过敏诱发的哮喘,
pulmonary pseudolymphoma,
pediatric lung artery agenesis,
tracheo-esophageal fistula,
小儿肺泡磷脂沉着症,
Churg-Strauss svndrome,
allergic bronchopneumonic aspergillosis,
甲羟孕酮,
idiopathic pulmonary hemosiderosis,
鲍氏肉芽肿病,
鲁米那,
变应性肺炎,
更昔洛韦,
持续性咯血伴肾小球肾炎,
川芎嗪,
华法林,
atypical pneumonia of childhood,
Q33.3,
brain paragonimiasis,
0.21,
C78.0,
烧伤,
0.0713,
棘细胞瘤,
脂肪乳,
副流感病毒感染,
pneumonic plague,
磺胺异噁唑,
J85,
秋水仙碱,
小儿郝-伯二氏病,
局限性间皮瘤,
lymphoma primary effusion,
diffuse mesothelioma of pleura,
middle lung lobe syndrome,
变态反应性肉芽肿病,
congenital pulmonary arterio-venous fistula,
足分支菌病,
鱼精蛋白,
THAM,
儿童非典型肺炎,
大蒜素,
去氢依米丁,
iatrogenic injury of trachea and bronchus,
pneumocystis carinii pneumonia,
布氏杆菌肺炎,
N16.2*,
人参健脾丸,
小儿特发性肺纤维变性,
沙眼衣原体,
失明,
pseudomonas aeruginosa pneumonia,
senile terminal pneumonia,
累-赛病,
senile abscess of lung,
multiple microbial pulmonary infections,
胆囊炎,
朗格汉斯细胞肉芽肿,
碳酸酐,
T79.7,
老年支气管哮喘,
pulmonary toxoplasmosis,
氯中毒,
K＋,
0.016,
serous cell adenocarcinoma,
0.004,
小儿Goodpasture综合征,
D14.4,
眼睑,
汉坦病毒肺综合征,
脑血栓形成,
化脓性肉芽肿,
febris catarrhalis,
血氧含量,
空气栓塞,
Q热肺炎,
706代血浆,
senile idiopathic pulmonary fibrosis,
朗格汉斯细胞组织细胞增生症,
小儿类肉状瘤病,
X线及CT检查,
Boerhave综合征,
小儿Swyer-James-Macleod综合征,
小儿成人型呼吸窘迫综合征,
副球孢子菌性肉芽肿,
二巯丁二钠,
非典型耐酸菌病,
epidermoid carcino,
Osler-Rendu-Weber综合征,
tuberculosis cultis papulonecrotica,
2-氯脱氧腺苷,
鸟病,
Q22.0,
小儿急性支气管炎,
巴比妥,
前列腺素E2,
炭疽热,
aluminosis pneumoconiosis,
气压创伤性鼻窦炎,
心房颤动,
显微镜下多发性微小动脉炎,
CTCT检查,
L92,
双束阻滞,
chronic cor pulmonale,
pulmonary histiocytosis,
小肠结肠炎耶尔森氏菌肺炎,
paraffinoma,
羧噻吩甲氧西林,
0.357,
B00.8,
依曲替酯,
肺毛霉菌病,
心导管造影检查,
磁共振检查,
chin cough,
pigeon feeder's disease,
1.97%,
11/10万～40/10万,
pneumoconiosis siderotica,
respiratory failure of children,
Langerhan-cell granulomatosis,
中叶综合症,
维生素C,
SD,
多杀巴斯德氏菌感染,
paracoccidioidal granuloma,
心导管检查,
红细胞计数,
电解质紊乱,
pulmonary anthrax,
三唑巴坦,
streptococcal pneumonia,
lung tuberculosis,
小儿高黏稠综合症,
6-巯基嘌呤,
CT或B超检查,
老年胸腔积液与胸膜炎,
bronchiectasia,
senile respiratory acidosis,
心包积液,
出血性间质性肺炎伴肾小球肾炎,
1/20万～1/30万,
pneumocystosis,
科罗拉多壁虱热,
developmental disorder of trachea and bronchus,
比-桑综合征,
pediatric lymphocytic interstitial pneumonia,
spontaneous pneumothorax,
头孢米诺,
小儿流感性肺炎,
小儿细支气管炎,
充血性心力衰竭,
Branhemella catarrhalis infecti,
pulmonary hydatid disease,
心型哮喘,
儿童阻塞性睡眠呼吸暂停,
diffuse pleural endotheliomas,
P24.3,
Legionnaires’disease of children,
steroid-resistant asthma,
Hutchinson-Boeck disease of children,
pulmonary alveolar microlithiasis,
鸟疫,
肺部疾病所致精神障碍,
丝裂霉素,
毒血症,
tsutsugamushi pneumonia,
表情淡漠,
B78,
Q32,
AT,
pediatric acute upper respiratory infection,
人类免疫缺陷病毒相关呼吸道感染,
老年人上腔静脉综合征,
氯化汞,
0.074,
M31.3,
氧芬胂,
流感嗜血杆菌感染,
桃金娘科树叶标准提取物,
感冒症状,
谷胱甘肽,
小儿淋巴间质性肺炎,
右旋糖,
ECT检查,
二氧化碳总量,
复方甘草,
老年肺气肿,
天可,
小儿类肉瘤病,
necrotic sarcoid granulomatosis,
高免疫球蛋白E血症综合征,
1/10万,
sarcoidosis of children,
恶性乳头状囊腺瘤,
肠虫清,
花粉性气喘,
Chlamydia psittaci infection,
小儿过敏性鼻炎,
止血敏,
累-塞二氏病,
alveolar echinococcosis,
新生儿晚期代酸,
寇甘综合征,
左旋咪唑,
儿童肺水肿,
血液科,
流感病毒肺炎,
福尔,
respiratory syncytial virus infection,
lymphadenitis tuberculosa,
日冕病毒感染,
非何杰金淋巴瘤,
卡托普利,
cyanosis of newborn,
cholesterol pyothorax,
匹克威克(Pickwickian)综合征,
pregnancy complicating pulmonary embolism,
Bacillus proteus pneumonia,
chlorine poisoning,
老年人郝-伯二氏病,
乙硫异烟胺,
CA50,
硫磺,
医院性肺炎,
nodule disease,
咪康唑,
肠球菌,
San Joaquin Valley disease,
pseudomonas cepacia pneumonia,
拉-格-利综合征,
S19.8,
结节性红斑,
neisseria catarrhal pneumonia,
普罗替林,
J10.0,
纤支镜检查,
嗜银细胞瘤,
血清补体C3,
小儿肺静脉部分性连结异常,
UK,
primary pulmonary hypertension,
三氯苯达唑,
B01.2 ?,
伊维菌素,
他唑巴坦,
阿苯哒唑,
J94.0,
肺钩虫病,
奈瑟氏卡他球菌肺炎,
电弧焊工肺,
cancer of cicatrix,
squamous carcinoma,
mixed type chronic mountain sickness,
X线胸部检查,
小儿胸膜结核,
老年结节病,
类风湿尘肺,
streptococcus pneumonia,
侵入性检查,
硫酸亚铁,
HIV,
DNA酶,
exercise-induced asthma,
6.4%,
吲哚美辛,
喉癌,
纵隔帕-斯病,
pediatric purulent pleurisy,
pediatric desquamative pneumonia,
B群链球菌感染,
Dox,
小儿原发性非典型肺炎,
核素检查,
睾丸炎,
3.82%,
肺动脉造影检查,
kink cough,
布-加氏综合征,
PAMBA,
maduromycosis,
川楝素,
acute bronchiolitis,
肼屈嗪,
肺泡换气不足综合征,
老年人上腔静脉受压综合症,
小儿药物过敏性,
idiopathic pulmonary hemosiderosis of children,
alcaligenes pneumonia,
类肉状瘤病,
婴幼儿呼吸心跳骤停与心肺复苏,
单纯性肺嗜酸细胞浸润症,
替考拉宁,
婴幼儿过敏症,
radiation pneumonia,
先天性囊性支气管扩张,
pulmonary histoplasmosis capsulate,
斯坦顿氏病,
influenzal pneumonia,
小儿急性粟粒型肺结核,
0.0582,
pulmonary abscess,
bauxite fibrosis of lung,
小儿肺动脉血压过高,
食管吞钡检查,
B99,
1.08/20万,
利福霉素,
硫酸镁,
0.032,
纤维蛋白溶酶,
SARS的消化道感染,
J98.9,
骨髓炎,
senile emphysema,
高钙血症,
吐根,
hyperventilation syndrome,
基萨奴尔森林病,
小儿隐源性致纤维化肺泡炎,
假单胞菌菌苗,
senile bronchiectasis,
tropical pulmonary eosinophilosis,
小儿韦格纳肉芽肿病,
nonspecific interstitial pneumonia,
小儿严重急性呼吸综合症,
嗜酸细胞性肺炎,
麻黄碱,
白细胞移动抑制试验,
staphylococcal pneumonia,
小儿肺泡性蛋白质蓄积症,
Langerhans cell histiocytosis,
AV综合征,
Graham-Burford-Mayer综合征,
过敏性支气管肺青霉病,
pneumonic fever complicating pregnancy,
阿糖胞苷,
senile pneumatosis pulmonum,
类鼻疽吕夫勒菌肺炎,
碱中毒,
上皮样血管内皮瘤,
小儿金黄色葡萄球菌性肺炎,
急性气管-支气管炎,
维生素A,
老年人医院性肺炎,
Wegener granulomatosis of children,
流感性肺炎,
parapneumonia pleural effusion,
韦格内肉芽肿,
鳞癌,
麻疹肺炎,
二巯基丁二酸钠,
0.0382,
小儿特发性致纤维化肺泡炎,
pediatric pneumocystis carinii pneumonia,
头孢匹罗,
病毒灵,
迁延性肺嗜酸性粒细胞浸润症,
低钙血症,
良性间皮瘤,
respiratory distress syndrome of newborn,
小儿呼吸机肺,
身痛,
聚肌胞,
小儿肺膨胀不全,
胸骨旁疝,
外伤性窒息综合征,
D89.8,
diaphragmatic paralysis,
D-二聚体,
pediatric acute miliary tuberculosis of the lung,
结石,
丙咪嗪,
Hodgkin disease of mediastinum,
胰酶,
头孢甲肟,
勒-雪病,
斑疹伤寒立克次氏体肺炎,
青霉胺,
无乳链球菌感染,
特发性肺含铁血黄素沉积,
cotton-mill fever,
老年呼吸性酸中毒,
小儿急性肺损伤,
肺胸膜变形虫病,
pediatric streptococcus pneumonia,
右旋糖酐40,
多黏菌素B,
senile lung cancer,
关节病,
氨甲环酸,
复数菌感染,
carbonyl chloride poisoning,
haematothorax,
desert rheumatism,
肺孢子虫性肺炎,
类肉瘤病,
小儿腺病毒肺炎,
apnea neonatorum,
sleep apnea syndrome,
良性淋巴上皮病变,
心病性气喘,
intrathoracic foreign body,
甘蔗渣病,
胸部超声检查,
客观检查,
1%～13%不等,
oleogranuloma,
小儿巨细胞感染综合征,
histoplasmosis capsulati,
硫异烟胺,
喷司他丁,
CT及MRI检查,
小儿肺中叶综合征,
pediatric bronchopneumonia,
沙漠风湿病,
儿童衣原体肺炎,
吕弗勒综合征,
小儿肺泡蛋白沉积,
脑缺血,
小儿肺隔离,
氨水杨酸,
alveolar hydatid disease,
aspirin-induced asthma,
diph,
C37,
3%～14%,
小儿粘滞性过高综合征,
继发性肺性骨关节病,
棘细胞癌,
抗Jo-1抗体,
legionellosis infection,
儿童伤风,
克雷白氏杆菌感染,
支扩,
儿童气胸,
严重急性呼吸器官综合症,
acute cor pulmonale,
L85.8,
肺淀粉样变性病,
小儿伯克肉样瘤,
pseudomonas aeruginosa infections,
阿拉明,
喉气管裂,
D38.3,
aspiration pneumonitis of newborn,
mycoplasmal pneumonia of children,
小儿巨细,
injury of trachea and bronchus,
AD,
edema of lung,
锑尘肺,
过氧化氢溶液,
异帕米星,
Q34.8,
脾脓肿,
阿糖腺苷,
恶性血管炎和肉芽肿病,
phosgenismus,
pediatric chronic bronchitis,
pediatric pneumocystis pneumonia,
纵隔非何杰金淋巴瘤,
senile pulmonary embolism,
A23.8,
L08.8,
10/10万～40/10万,
胺碘酮,
0.27,
PH,
美洲锥虫病,
pulmonary alveolar proteinosis,
高致病性禽流感,
硫酸铜,
小儿隔离肺,
Charrin disease,
pediatric abscess of lung,
红细胞电泳时间,
小水泡,
epithelioid angiomatosis,
山谷热,
红细胞,
去铁敏,
pediatric respiratory syncytial virus pneumonia,
普通外科,
pediatric α1-antitrypsin deficiency,
mycobacterium tuberculosis in elderly,
小儿特发性间质性肺炎,
小儿间质性浆细胞肺炎,
游泳池肉芽肿,
小儿肺静脉连接异常,
keloidl biastomycosis,
pediatric extrinsic allergic alveolitis,
Bitin,
pediatric congenital pulmonary cyst,
微型多动脉炎,
高海拔肺水肿,
维A酸,
sulfur dioxide poisoning,
科罗拉多蜱传热,
蔗尘沉着病,
pediatric total anomalous pulmonary venous connection,
小儿特发性肺含铁血黄素沉积,
acute respiratory distress syndrome of children,
pediatric empyema of the chest,
头孢替坦,
pulmonary schistosomiasis,
anterolateral hernia,
反射增强,
nosocomial pneumonia,
neonatal cyanosis,
甲紫,
senile Eaton's pneumonia,
berylliosis,
moniliasis,
米勒链球菌肺炎,
惠特莫杆菌肺炎,
cytomegalovirus infection,
B46.3,
DMS,
X线肺片,
bronchopulmonary sequestration,
小儿冷凝集阳性肺炎,
保泰松,
肝肺综合症,
Loffler's syndrome,
chronic eosinophilic pneumonia,
劳-甘-莱综合征,
cutaneous emphysema of chest wall,
小儿Graham-Burford-Mayer综合征,
惠特莫氏杆菌肺炎,
头孢呋肟,
脾大,
定向力障碍,
老年肺脓肿,
老年自发性气胸,
继发性肺肿瘤,
小儿Hamman-Rich综合征,
X线片检查,
A18.8 ?,
圆柱瘤,
localized pleural endotheliomas,
Small-form histoplasmosis,
不动纤毛综合症,
Weingarten综合征,
心肌缺血,
达宁,
先天性膈疝,
overlap syndrome,
Neisseria catarrhalis infection,
小儿肥胖通气不良综合症,
普鲁卡因青霉素,
血乳酸,
pneumonia in the elderly,
senile idiopathic pulmonary interstitial fibrosis,
阿司匹林,
hemophilus influenza pneumonia,
镰孢霉病,
acute tracheobronchitis,
老年院内获得性肺炎,
安宫黄体酮,
腹腔积液,
局限型间皮瘤,
pediatric hemophilus influenzal pneumonia,
hyaline membrane disease of newborn,
产前超声检查,
pediatric lung artery valve stenosis,
eosinophilia,
pediatric bronchopulmonary dysplasia,
创伤窒息综合症,
葡萄球菌病,
能量合剂,
IF,
pseudomonas aeruginosa,
特发性肺含铁血黄素沉积症,
头孢替安,
cystic pulmonary fibrosis,
肺X线检查,
小儿霉菌性肺炎,
Bacillus alcaligenes pneumonia,
一氧化碳,
肺动静脉瘤,
替硝唑,
变形杆菌性肺炎,
小儿高铁血红蛋白血症,
肺炭疽,
唾液,
藻菌病,
非典型分枝杆菌病,
pulmonary agenesis or pulmonary aplasia,
流感病毒抗体,
丙氧鸟苷,
senile aspiration pneumonitis,
小儿P-J综合征,
小儿支气管肺发育不良,
杆菌性血管瘤病,
senile pneumonectasia,
pediatric lung abscess,
idiopathic pulmonary fibrosis of children,
苄星青霉素,
CA125,
epidemic catarrhal fever,
chlamydia psittaci pneumonia,
低分子右旋糖酐,
entomophthoromycosis basidiobolae,
ornithosis,
P28.8,
小儿伴肺出血的肾小球肾炎,
吸烟斑,
异丙托品,
extrinsic allergic alveolitis,
fungal asthma,
抗风湿灵,
C34.9,
尘肺,
婴儿纤维性错构瘤,
小儿纤维增生性慢性肺病,
upper airway obstruction,
Deoxyribonuclease,
B95.0,
2.5%～9.0%,
静脉血栓,
糖链抗原50,
单纯型肺嗜酸粒细胞增多症,
急性嗜酸粒细胞肺炎,
asphyxia neonatorum,
小儿肺动脉栓塞,
多杀巴斯德氏菌,
莫尔加尼孔疝,
昏迷及惊厥,
congenital laryngomalacia,
RI,
胸膜转移瘤,
慢性肉芽肿性疾病,
contusion of larynx,
曲菌病,
叶酸,
measle virus pneumonia,
Morgagni hernia,
hypoplasia of pulmonary artery,
小儿喘息样气管炎,
消化道出血,
甲苯达唑,
pulmonary nocardiasis,
fibrosis syndrome,
segmental hyalinizing vasculitis,
wedge-shaped defect,
D72.1,
睡眠呼吸暂停综合症,
C79.2,
热带嗜曙红细胞增多症,
鲱鱼虫病,
肠鸣,
灰黄霉素,
细胞肥大包涵体病,
人类细小病毒感染,
J20.8,
老年肺性脑病,
senile pulmonary carcinosis,
羟氯喹,
chronic bronchitis of children,
氯米帕明,
Q32.4,
酿脓链球菌感染,
老年人伯克氏肉样瘤,
xanthomonas maltophilia pneumonia,
头孢克肟,
3/10万～6/10万,
Austrain综合征,
surfers' nodules,
小儿哮喘性肌萎缩综合症,
硫酸鱼精蛋白,
phycomycosis,
candidosis,
其他检查,
新生儿肺缺血,
drug-induced respiratory failure,
pediatric idiopathic pulmonary hemosiderosis of children,
黄质菌肺炎,
pleural with effusion,
Q热,
氨力农,
aeropleura,
acute invasive pulmonary aspergillosis,
帚形菌病,
小儿杰格斯氏综合征,
J43.8,
mycobacterium murinum infection,
基孔肯雅热,
安定,
pulmonary amyloidosis,
绵纤维吸入性肺炎,
肺隔离,
respiratory alkalosis,
Marie-Bamberger syndrome,
慢性积脓,
自发性血胸,
strognyloides stercoralis of lung,
Russian catarrh,
pediatric pneumothorax and pyopneumothorax,
Klebsiella pneumoniae,
胀气,
小儿黏液黏稠病,
moniliosis,
B39.5,
inhalation pneumonia of newborn,
小儿肥胖性心肺功能不全综合征?,
小儿喘息性气管炎,
嗜酸性粒细胞性肺疾病,
急性高空病,
小儿Brock综合征,
噻苯达唑,
前列腺素E1,
米勒氏链球菌肺炎,
chlamydial pneumonia of children,
herpes simplex virus pneumonia,
生长激素,
老年特发性肺间质纤维,
类癌瘤综合征,
新生儿早发型肺炎和晚发型肺炎,
鳞状上皮细胞癌,
中毒性肝炎,
1.0%～4.3%,
C38.4,
布鲁氏菌肺炎,
扁平细胞癌epidermoid carcino,
碳氧血红蛋白血,
oil-aspiration pneumonia,
肺疟,
CT扫描CT检查,
congenital parasternal hiatus hernia,
马尼弗氏青霉菌病,
加压素,
J68.0,
non-tuberculous mycobacteriosis,
cystic fibrosis of pancreas,
石末沉着病,
staphylococcosis,
军团杆菌感染,
3～6/10万,
desert fever,
磨工病,
J63.8,
acute tracheobronchitis of childhood,
senile anaerobic pneumonia,
呼吸道融合病毒感染,
1∶3万～1∶1.5万,
小儿合胞病毒肺炎,
epidemic influenza,
B42.8,
0.5×10-6～8.5×10-6,
pediatric mediastinum stressed syndrome,
血清癌胚抗原,
心脏超声检查,
乳糜性水胸,
卡普兰综合症,
直接喉镜检查,
弗朗西斯氏菌肺炎,
马法兰,
1%,
Kartagener综合症,
苯丙胺,
J17.2*,
小儿CO中毒,
1%～5%,
物理检查,
hydatid cyst of lung,
反应停,
chlamydial infection of newborn,
触痛,
席尔德病,
congenital bronchopulmonary cyst,
小儿肺分离,
重组水蛭素,
D38.0,
Hypersensitivity pneumonitis,
孕酮,
先天自愈性朗格汉斯组织细胞增多病,
A15.6,
J15.4,
mycobacterium szulgai infection,
癌瘤,
毛真菌病,
Eosinophilic pneumonia,
pediatric pulmonary atelectasis,
朗罕细胞组织细胞增生症,
小儿伯克氏肉样瘤,
老年间质性肺炎,
特发性嗜酸性粒细胞增多综合症,
肺炎链球菌败血病,
A组链球菌感染,
肺假淋巴瘤,
婴儿假死症,
良性,
lung edema,
出血败血性巴杆菌,
?,
获得性免疫缺陷综合症,
高IgE综合征,
伊顿氏肺炎,
弯刀综合征,
Thresher's disease,
J13,
产生黏液的腺乳头癌(非表皮样),
小儿卡氏肺孢子虫肺炎,
埃利希菌病,
pneumonedema,
血清肌酐,
Pancoast综合症,
diaphragmatic eventration,
pediatric primary ciliary dyskinesia,
家族性紫绀症,
小儿哮喘性肌萎缩,
小儿肥胖通气不足综合征,
sporotrichial disease,
0.2%～1%,
senile mycoplasmal pneumonia,
Cr,
neonatal congenital diaphragmatic hernia,
精蛋白,
狭窄环综合征,
囊性淋巴管瘤,
乙胺嘧啶,
小儿黏稠综合征,
氢氯噻嗪,
histoplasmosis duboisii,
Loeffler eosinophilia symptom,
小儿肺孢子虫性肺炎,
老年人隐匿性致纤维化性肺泡炎,
NBT,
沙雷氏菌肺炎,
Thiabendazole,
足叶草脂,
chlamydia pneumoniae pneumonia,
Urist syndrome,
oidiomycosis,
pseudomonas mallei pneumonia,
铁末沉着症,
pulmonary carcinosis,
13.8%,
community-acquired pneumonia,
pulmonary embolism after burn,
广泛性特发性毛细管扩张,
bagassosis,
抗Scl-70抗体,
Bochdalek裂孔疝,
lung carcinoma,
小儿肺动脉瓣狭窄,
实际碳酸氢盐,
羊水泡沫试验,
热带肺嗜酸细胞增多,
小儿复发性肺炎,
老年人急性呼吸窘迫综合症,
低氯性碱中毒,
溴化异丙托品,
pediatric parainfluenza virus pneumonia,
龙胆紫,
小儿肺脓疡,
醒消丸,
大肠埃希菌肺炎,
仙台病毒感染,
小儿脓毒性休克,
0.061,
小儿Weber-Christian病,
grippe,
严重头痛,
varicella pneumonia,
bronchial calculus,
小儿伯-韦综,
pediatric acute hematogenous pulmonary tuberculosis,
肺闭锁综合征,
acinetobacter infection,
mixed type chronic altitude disease,
抗利尿激素,
hemathorax,
地霉病,
胸膜渗出液,
替莫西林,
小儿朗格汉斯细胞组织细胞增生症,
过氧化氢,
pneumatothorax,
郝-伯二氏病,
支气管肺发育异常,
Q26.3,
vomit inspiration,
古德帕斯丘综合征,
175/10万,
E66.8,
Hughes-Stovin’s syndrome,
胃肠道出血,
丙氨酸,
小儿亚急性变应性热,
多维生素,
急性左心衰,
支气管扩张-鼻旁窦炎-内脏转位综合征,
pulmonary edema after burn,
chlamydia trachomatis pneumonia,
tuberculous pleurisy,
恙螨肺炎,
结核性胸膜炎,
痰液细菌涂片检查,
纤维化综合症,
B25.0 ?,
小儿慢性肺疾病,
epidemic catarrh,
hodgkin lymphoma of mediastinum,
支气管肺发育不良,
双氢克尿噻,
senile hospital-acquired pneumonia,
小儿变态反应性鼻炎,
leptospire pneumonia,
新生儿发绀,
pediatric staphylococcus aureus pneumonia,
pediatric tropical eosinophilia,
10‰～63‰,
Letterer-Siwe disease,
二甲弗林,
妊娠合并肺动脉栓塞,
沙利度胺,
纵隔炎,
考来烯胺,
哌替啶,
氟达拉滨,
pulmonary siderosis,
adenovirus infections,
硫双二氯酚,
antimony pneumoconiosis,
TNF,
20/10万～40/10万,
日冕形病毒感染,
半胱氨酸,
新生儿呼吸困难综合征,
纤维蛋白降解产物,
pulmonary gas leakage of newborn,
鼻中隔穿孔,
Serratieae pneumonia,
pulmonary distomiasis,
腺病毒感染,
apnoea neonatorum,
J21,
microscopic polyangiitis,
pediatric adenoviral pneumonia,
头孢唑肟,
senile emphysema of lungs,
小儿难治性肺炎,
Micrococcus catarrhalis infection,
空气栓塞症,
obstruction of trachea,
肺地霉病,
lung embolism,
锡末沉着症,
肺石末沉着症,
hyperlucent lung,
卡他布兰汉菌感染,
小儿肺静脉畸形反流,
legionella pneumonia,
类鼻疽吕夫勒氏菌肺炎,
挫伤性肺炎或创伤性湿肺,
重叠综合征,
malignant pleural effussion,
右心导管检查,
alveolar capillary block syndrome,
硝苯吡啶,
辐射性肺炎,
parainfluenza,
Beryllium poisoning,
虚脱,
持续性肺血管闭塞,
neisseria meningitidis pneumonia,
phrenoparalysis,
山岭热,
培氟沙星,
急性毛细支气管炎,
1982～1987年男性增长了19.5%,
paragonimiasis skrjabini,
pediatric chronic pneumonia,
眼睑下垂,
放射检查,
肺棘球蚴囊肿,
慢性鼻炎,
小儿肠源性青紫症,
黏膜下动脉畸形,
persistent pu1monary hypertension of newborn,
pneumococcal pneumonia,
hyalohyphomycosis,
类风湿关节炎-尘肺综合征,
老年人特发性肺纤维变性,
小儿纤维囊泡症,
PAP,
小儿过敏性肺脏炎,
抗胰蛋白酶缺乏,
B23.8,
acinic cell adenocarcinoma,
纤维蛋白原,
葡萄糖酸钙,
小儿化脓性胸膜炎,
simple pulmonary eosinophilia,
弥漫性系统硬化,
气不足,
阴沟气杆菌感染,
进行性致死性肉芽肿,
小儿慢性肉芽肿性疾病,
chronic pulmonary heart disease,
exanthematous typhus rickettsia pneumonia,
pert,
tracheal obstruction,
烧伤后急性肺损伤,
房室传导阻滞,
肺滑石沉着病,
Hughes-Stovin综合症,
呋布西林,
pleural effussion,
paracoccidioidomycosis,
斯塞格分枝杆菌感染,
小儿特发性弥漫性肺间质纤维化,
cytomegaloviral pneumonitis of children,
新生儿呼吸暂停症,
BA,
aspiration pneumonitis,
D17.7,
B97.4,
新生儿威-米二氏综合征,
133.0/10万(表1),
食物诱发哮喘,
急性上呼吸道感染,
全血黏度,
肺动脉高血压症,
巨细胞修复性肉芽肿,
鹦鹉病,
急性右心衰竭,
动静脉型血管畸形,
利尿酸,
美洲山岭蜱热,
氯唑西林,
senile interstitial pneumonitis,
小儿高粘稠度综合征,
pediatric respiratory failure,
paracoccidioides brasiliensis,
肺部恶性肿瘤,
神经内科,
P22.9,
slowly resolving pneumonia,
小儿特发性肺间质纤维化,
新生儿柯萨奇病毒B组感染,
小儿呼吸道异物,
布特,
eosinophilic lung disease,
pediatric oedema pulmonum,
皮肤暗色丝孢霉病,
Monge's disease,
蜂窝肺综合症,
流行性斑疹伤寒立克次体肺炎,
小儿小叶性肺炎,
过敏性紫癜,
小儿肥胖-肺换气低下综合征,
血管紧张素Ⅰ,
pediatric sequestration of lung,
pediatric alveobronchiolitis,
B40.2,
P39.8,
肺部念珠菌病,
pediatric asthma,
新生儿缺氧,
mycodacterium chelonei infection,
硝硫氰胺,
小儿呼吸道合胞体病毒肺炎,
B46.4,
pregnancy complicating lung embolism,
pediatric Unilateral hyperlucent lung,
粘膜炎莫拉菌感染,
溶菌酶,
Q22.1,
南美芽生菌病,
serratia pneumonia,
矾土肺,
医院内肺炎,
脓毒症,
aeroembolism,
pulmonary tuberculosis,
1%～3%,
harvester's lung,
支气管-肺青霉菌病,
抗胰蛋白酶不足,
小儿肺动脉高血压症,
byssinosis,
副流感,
石蜡瘤,
granuloma telangiectaticum,
accessory nasal sinuses syndrome,
卫氏肺吸虫病,
布氏杆菌凝集试验,
primary pulmonary hypertensoin,
pediatric idiopathic interstitial pneumonia,
新生儿巨细胞包涵体病,
X线常有片,
lung fluke disease,
利福喷汀,
海群生,
肺弓形虫病,
结节性淋巴组织增生,
金刚乙胺,
chlamydia pneumonia infection,
蛙粪霉菌病,
inhalation pneumonia,
H05.1,
儿童非典型性肺炎,
laryngo tracheo-esophageal cleft,
小儿von Jaksch综合征,
0.01,
pediatric edema of lung,
热带嗜酸细胞增多肺炎,
swimming pool granuloma,
morganella pneumonia,
氨基己酸,
表皮样癌,
D76.0,
Urbach-Wiethe病,
单纯疱疹病毒性肺炎,
严重急性呼吸综合症,
水合氯醛,
GCRG,
头孢匹林,
哌喹,
小儿急性毛细支气管炎,
Cytoxan,
pneumocardial disease,
慢性脓胸,
O98.8,
papillary adenocarcinoma,
头孢噻啶,
输液过多,
A24.3,
肥大性肺骨关节病,
B96.1,
地丝菌病,
动脉导管未闭,
肺血管痉挛,
pulmonary coccidioidomycosis,
pediatric pulmonary sequestration,
阿斯匹林诱发性哮喘,
小儿波-杰综合症,
小儿高IgE综合征,
肺曲菌病,
小儿呼吸道合胞体病毒性肺炎,
上腔静脉综合症,
克矽平,
甲唑醇,
pediatric pulmonary abscess,
产色霉菌病,
肺包虫囊肿病,
A48.1,
Ceelen病,
冬眠灵,
人类微小病毒感染,
Rickettsiae typhi pneumonia,
E04.9,
肺诺卡放线菌病,
小儿韦格纳氏肉芽肿病,
免疫核糖核酸,
PG,
小儿慢性肉芽肿病变异型,
腺细胞腺癌,
氨甲苯酸,
小儿Macleod综合征,
respiratory bronchiolitis-associated interstitial lung disease,
pediatric epidemic asthmatic suffocating pneumonia,
primary atypical pneumonia,
肺藻菌病,
S27.3,
老年尿毒症性肺炎,
先天性自愈性网状组织细胞增生症,
儿童型肺结核,
obstructive emphysema,
寇甘氏综合征,
结节性动脉周围炎,
液状石蜡,
亚牛痘疹,
A27,
小儿囊性纤维化,
Friedlander杆菌肺炎,
抗炭疽血清,
Q26.2,
普通X线检查,
咳嗽晕厥综合症,
运动诱发性喘息,
paranasal sinus syndrome,
Eaton病原肺炎,
小儿组织细胞增生症Ⅰ型,
葡萄球菌性肺炎,
恙虫病,
senile influenza,
终末导管腺癌,
0.43,
马-班二氏综合征,
senile epidemic catarrh,
双肼屈嗪,
潘科斯特氏综合征,
风湿性关节炎,
Whitmore's disease,
pediatric partial anomalous pulmonary venous connection,
0.37,
早产婴儿,
influenzal virus pneumonia of children,
J15.5,
卡他球菌感染,
obstructive sleep apnea syndrome,
yersinia pestis pneumonia,
肺嗜酸性细胞增多症,
stannosis,
小儿链球菌性肺炎,
Wilson-Mikity neonate syndrome,
罗伯菌病,
粘质沙雷氏菌肺炎,
pneumonophthisis complicating pregnancy,
巨细胞病毒感染,
偶发龟复合分枝杆菌感染,
小儿肺含铁血黄素沉着症,
可定,
senile pulmonary tuberculosis,
球孢子菌肉芽肿,
小儿?,
钩体病,
3‰～10‰,
senile acute respiratory distress syndrome,
标准碳酸氢盐,
0.0589,
依诺肝素钠,
foregin body granuloma,
黄色酿母菌病,
小儿肺静脉连接完全异常,
小儿肺动脉闭锁伴完整室间隔,
pulmonary paragonimus miyazaki,
头孢拉宗,
小儿成人透明膜病,
全身不适感,
桔梗,
CFT,
小儿面中线肉芽肿,
卡氏肺囊虫性肺炎,
小儿右中叶慢性肺不张合并肺炎,
B08.8,
冠形病毒感染,
小儿急性气管炎,
小儿热带肺嗜酸细胞增多,
小儿药物超敏反应,
上消化道出血,
急性肺嗜酸粒细胞增多症,
小儿出血性间质性肺炎与肾炎,
mucus-producing adenopapillary(nonepidermoid)carcinoma,
胃复安,
磷脂,
未成熟儿,
声学检查,
初生不啼,
复合维生素B,
食盐,
皮肤着色芽生菌病,
fat embolus syndrome,
新生儿肺成熟障碍,
pediatric collapse of the lung,
湿疹,
osteoarthropathy,
噻嘧啶,
坏疽性鼻炎,
extrinsic allergic alveolitis of children,
pediatric Granulomatous disease variant,
respiratory tract infection due to HIV,
cyst and tumor of mediastinum,
congenital agenesis of lung,
Aspiration of vomitus,
pneumosilicosis,
5-FC,
小儿部分肺静脉异位连接,
meconium aspiration pneumonia,
primordial cyst,
疫咳,
肺青霉菌病,
病理组织学检查,
老年人肺原性心脏病,
wet lung,
六氯对二甲苯,
5%～10%,
B77.8,
李司忒菌病,
pediatric sarcoidosis,
急性呼吸窘迫综合症,
sarcocystosis,
atelectasis after burn,
thoracic tuberculosis,
1/3300,
肺诺卡氏放线菌病,
morbus cucullaris,
心病性哮喘,
pulmonary phthisis complicating pregnancy,
多沙普仑,
klebsiella infection,
pulmonary rare malignant neoplasm,
pulmonary hypertrophic osteoarthropathy,
B42.0 ?,
血栓症,
花粉变应性哮喘,
terminal duct adenocarcinoma,
小儿气喘性窒息性肺炎,
小儿外源性过敏性肺泡炎,
senile inhalation pneumonia,
卵巢癌-腹水-胸水综合征,
基亚萨努森林病,
巴西副球孢子菌病,
B66.3,
B67.1,
新生儿呼吸窘迫综合症,
talcosis,
pulmonary cryptococcosis,
nontuberculoaus mycobacteriosis,
pediatric idiopathic pulmonary interstitial fibrosis,
chronic respiratory failure,
小儿结节性动脉周围炎,
acute interstitial pneumonia,
乳头状腺癌,
脂肪栓塞综合症,
三羟甲基氨基甲烷,
pediatric pyothorax,
traumatic apnea,
traumatic haemothorax,
A49,
人工气腹检查,
氧中毒,
小儿初染结核,
妥拉唑林,
scimitar syndrome,
senile pleural effusion and pleurisy,
pediatric bronchial asthma,
39%,
mycobacterium intracellulare infection,
chromoblastomycosis,
pediatric bronchiolitis,
staphylococcus epidermidis pneumonia,
巴曲酶,
drug-induced lung diseases,
钡餐检查,
lung tuberculosis complicating pregnancy,
产黄菌肺炎,
阿扑西林,
Ccr,
senile baraquet,
慢性肺心病,
pediatric severe acute respiratory syndrome,
pulmonary closure,
Escherichia co1i pneumonia,
Lutz病,
小儿流行性感冒病毒肺炎,
煤炭工肺,
pulmonary infiltration with eosinophilia,
类脂质蛋白质沉积症,
癔球症,
帕尼培南/倍他米隆,
小儿急性喉、气管、支气管炎,
孤立性囊肿,
enterobacter pneumonia,
pediatric pulmonary hypertension,
pneumonectasia,
silicosis,
鹦鹉热衣原体感染,
小儿纤毛不动综合征,
infection of pretracheal space,
0.6‰,
老年支原体肺炎,
Hashimoto-Pritzker病,
legionnaires disease,
Pancoast's syndrome,
外伤性窒息,
呼吸性细支气管炎间质性肺病,
阿维A,
thresher's lung,
J14,
18.7/10万,
mycoplasmal pneumonia,
嗜麦芽窄食单胞菌肺炎,
pediatric Legionnaires’disease,
高海拔红细胞增多症,
closed injury of larynx,
T17.4,
senile chronic bronchitis,
军团杆菌性肺炎,
高山肺水肿,
neonatal Wilson-Mikity syndrome,
黏膜糜烂,
卡普兰氏综合征,
儿童睡眠呼吸障碍,
感染),
pneumothorax and pyopneumothorax of children,
senile interstitial pneumonia,
大肠杆菌性肺炎,
1.3‰～1.5‰,
换气过度综合征,
congenital lobar emphysema,
J96.1,
葱头假单胞菌肺炎,
老年睡眠呼吸暂停综合征,
pulmonary histocytosis,
小儿肺炎链球菌脑脊膜炎,
谷草转氨酶,
小儿腺性病毒性肺炎,
积聚,
celiac paragonimiasis,
B76.8,
pediatric carbaxyhemoglobinemia,
电生理检查,
小儿肠源性发绀,
pediatric lobular pneumonia,
老年人伯克肉样瘤,
O99.1,
0.0046,
胸部X射线检查,
小儿军团菌肺炎,
senile cor pulmonale,
老年上腔静脉受压综合征,
瘢痕,
贫血貌,
多杀巴斯德菌感染,
老年终末期肺炎,
pestis pneumonica,
乳糜胸,
G94.8*,
肺囊虫病,
T18.9,
肺陷落,
pediatric pulmonary atresia with intact ventricular septum,
pediatric mycoplasmal pneumonia,
胶原,
Hantavirus cardiopulmonary syndrome,
pediatric pulmonary stenosis,
老年慢性支气管炎,
chronic pyothorax,
降钙素,
普萘洛尔,
小儿肺出血肾炎综合征,
小儿致?,
麴菌病,
小儿卡氏肺囊虫性肺炎,
比-桑二氏综合征,
非典型性肺炎,
arc-welder lung,
pregnancy asthma,
CK-MB,
senile pulmonary encephalopathy,
嗜酸细胞性肺,
小儿煤气中毒,
肺组织细胞增多病,
100/10万人口,
pediatric cystic fibrosis,
头孢尼西,
儿童哮喘,
A18.8,
肺住血原虫病,
0.55,
潘科斯特综合征,
arc-welders' disease,
vesicular emphysema,
D50.8,
毛细血管增生性肉芽肿,
精氨酸,
pulmonary geotrichosis,
小儿雅克什综合症,
Flavobacterium pneumonia,
持续性过渡期循环,
sporotrichosis,
阿洛西林,
15%～20%,
broncholithiasis,
tuberculosis pulmonum,
Urist综合征,
小儿呼吸器肺,
bronchogenic cysts,
类流感,
Talc pneumoconiosis,
感冒样症状,
骨髓细菌培养,
coronavirus infections,
朗格汉斯组织细胞增生症,
腹腔并殖吸虫病,
小儿喘息性支气管炎,
小儿单纯性嗜酸细胞增多性肺浸润征,
肺不张病,
肺型炭疽,
J22,
Q79.8,
卡他奈瑟菌感染,
库阿撒鲁尔森林热,
2～8倍于不吸烟者,
胸部螺旋CT检查,
老年人肺原性脑病,
小儿细支气管肺泡炎,
allergic alveolitis,
小儿良性淋巴性息肉病,
非结核分枝杆菌感染,
PAO,
DDS,
A07.8,
血管加压素不适当分泌综合征,
B74.8,
抗凝血酶Ⅲ,
whooping cough,
pneumonia complicating pregnancy,
NSE,
航空鼻窦炎,
respiratory muscle apocamnosis,
烧伤后急性呼吸窘迫综合症,
新生儿柯萨基病毒B组感染,
闭锁肺综合症,
脱粒工尘肺,
腹部胀气,
肺铁钒土纤维化,
Langerhans cell histiocvtosis,
小儿肺动脉高血压,
S29.8,
mycobacterium kansasii infection,
mycobacterium fortuitum infection,
胰腺囊性纤维化,
巨细胞性包涵体病,
senile gram-positive bacillary pneumonia,
asthma complicating pregnancy,
利福定,
78/10万,
pediatric methemoglobinemia,
肺泡蛋白沉积,
超声心动图当检查,
吐根碱,
pulmonary vasculitis,
间羟胺,
Hantavirus pulmonary syndrome,
tropical pulmonary eosinophilia,
柯克斯体病,
L98.8,
艾滋病毒相关呼吸道感染,
小儿支气管肺发育异常,
煤工业肺,
小儿过敏性肺炎,
混合型慢性高山病,
Q39.8,
pediatric acute laryngotracheobronchitis,
CK,
吡哌酸,
氟氯西林,
0.105,
偶然分枝杆菌感染,
senile vesicular emphysema,
小儿Job综合征,
小儿李斯特菌病,
0.0179,
小儿孤立型肺动脉瓣狭窄,
脑型肺并殖吸虫病,
新生儿囊性肺气肿综合征,
依那普利,
pulmonary moniliasis,
bronchopulmonary dysplasia,
定向障碍,
老年人睡眠无呼吸综合征,
pediatric cyst and tumor of mediastinum,
emphysema of lungs,
结节性脉管炎,
果导,
小儿支气管异物,
油致吸入性肺炎,
未成熟儿间质性肺纤维化,
idiopathic fibrosis of mediastinum,
P27.0,
乙酰水杨酸,
B96.3,
respiratory infection due to human immunodeficiency virus,
senile sarcoidosis,
粉防己碱,
senile interstitial lung disease,
non-Hodgkin lymphoma of mediastinum,
阵发性夜间呼吸困难综合征,
托氟沙星,
老年人类肉状瘤病,
6.3/1000～8.5/1000次分娩,
0.117,
羟基哌喹,
emphysema pulmonum,
pneumonolipoidosis,
口周麻木,
美洛西林,
小儿Buckley综合征,
小儿肺囊肿,
desquamative interstitial pneumonia,
重叠综合症,
老年人尿毒症肺,
小儿高免疫球蛋白E综合症,
肺动脉血压过高,
2%～4%,
小儿金葡菌肺炎,
B42,
肺炎克雷伯氏杆菌肺炎,
小儿胰腺囊性纤维化,
Streeter畸形,
Be,
Congenital hypoplasia of lung,
肺动脉高血压,
小儿超敏感性肺炎,
senile emphysema pulmonum,
acute empyema,
淋巴结分枝杆菌感染,
肺泡气-动脉血氧分压差,
眼底检查,
米帕明,
B97.8,
肺出血伴肾小球肾炎,
出血性肺肾综合征,
PHA,
消呕宁,
嗜酸粒细胞多,
0.24,
Q33.6,
哌拉西林/他唑巴坦,
白霉素,
肺组织胞浆菌病,
溶血性贫血,
嗜麦芽假单胞菌肺炎,
geotrichosis,
chemicals inspiration,
Darling病,
food-induced asthma,
pediatric primary pulmonary tuberculosis,
小儿伤风,
VCR,
pulmonary emphysema,
aerothorax,
心得安,
J11,
tuberculosis of lungs complicating pregnancy,
消胆胺,
pediatric primary atypical pneumonia,
allergic broncho pulmonary aspergillosis,
儿童SARS肺炎,
小儿播散性类脂肉芽肿病,
Gilchrist,
肺动脉高压症,
neonatal pulmonary gas leakage,
pediatric obesity hypoventilation syndrome,
childhood asthma,
心源性哮喘综合征,
metastatic tumor of pleura,
pertussis,
水蛭素,
VLB,
CA19-9,
灵杆菌肺炎,
小儿急性上感,
Hypersensitivity pneumonia,
板蓝根冲剂,
新生儿吸入性肺炎和感染性肺炎,
支气管囊肿,
肺胞结石病,
小儿急性呼?,
布鲁氏杆菌肺炎,
多巴酚丁胺,
pediatric right middle lobe syndrome,
mucoepidermoid carcinoma,
小儿肥胖-呼吸困难-嗜睡综合征,
L?ffler综合征,
pulmonary mycosis,
benign lymphocytic angiitis and granulomatosis,
laryngeal stridor of newborn,
小儿哮喘病,
0.24%～3.445%,
IFN,
深静脉血栓,
粘质沙雷菌肺炎,
膦甲酸钠,
醋竹桃霉素,
小儿呼衰,
肠炎,
膈麻痹,
致死性中线肉芽肿,
气管食管瘘,
B88.0,
acute pyothorax,
小儿热带嗜曙红细胞增多症,
pulmonary embolism caused pregnancy,
老年流行性感冒,
汉坦病毒肺综合症,
T17.8,
儿童慢性支气管炎,
Congenital aplasia of lung,
O98.0,
土拉热弗郎西丝菌肺炎,
0.034,
胆固醇性肺炎,
bullae of lung,
磺胺多辛,
流产,
放射性核素检查,
pediatric bronchiectasis,
环孢菌素A,
肺霉菌病,
脂质性肺炎,
肺胞小结石病,
apnea of newborn,
senile cryptogenic fibrosing alveolitis,
小儿完全性肺静脉异常连接,
类风湿尘肺综合征,
sinus paranasalis syndrome,
A20.2,
特发性肺纤维变性,
B37,
X线平片检查,
后天免疫性群体肺炎,
pulmonary ancylostomiasis,
Atemnot-Syndrom of newborn,
替尼泊苷,
terminal duct carcinoma,
Q31.4,
bronchoblastomycosis,
非诺特罗,
金属沉着症,
老年人肺硬变,
新生儿产前、产时感染性肺炎和生后感染性肺炎,
小儿军团菌感染性肾病,
睫不能移动综合征,
小儿播散性脂质肉芽肿病,
0.0197,
CT和磁共振检查,
积液溶菌酶,
J20.7,
小儿贝-威综合征,
sinus paranasales syndrome,
N16.4*,
0.409,
鼻部坏疽性肉芽肿,
气泡栓塞病,
penicilliosis,
pediatric obstructive sleep apnea syndrome,
老年人支气管扩张症,
铜绿假单胞杆菌肺炎,
儿童慢性肉芽肿性疾病,
老年吸入性肺炎,
老年人睡眠呼吸暂停综合症,
M60.2,
肺发育不全综合征,
焦躁,
PAM,
头颅X线检查,
挤奶员结节,
新生儿紫绀,
高红症,
pleuropulmonary amebiasis,
0.104,
脂肪栓子综合征,
pulmonary blastomycosis,
MMC,
酚苄明,
B67,
复方甘油,
小儿组织细胞增生症X,
羟孕酮,
atypical mycobacteriosis,
siderosis,
肺酿母菌病,
肺泡蛋白沉积症,
J63.4,
小儿流行性毛细支气管炎,
多杀巴斯德菌,
重叠胶原病,
Pulmonary cystic fibrosis,
肺炎克雷伯杆菌肺炎,
棉尘肺,
小儿巨大细胞包涵体病,
小儿药物过敏,
儿童肺动脉高压,
氯苯吩嗪,
肺伴有嗜酸细胞增多肺浸润,
小儿右肺中叶不张综合征,
肺分离,
胎粪吸入综合症,
健脾丸,
小儿特发性肺含铁血黄素沉积症,
铝尘肺,
小儿创伤肺,
嗜酸性粒细胞增多-肌痛综合症,
0.23,
neonatal apnea,
血清胆固醇,
摩根氏菌肺炎,
80%以上,
肺囊性纤维病,
小儿碳氧血红蛋白血症,
血尿素氮,
pediatric lung embolism,
斯氏肺吸虫病,
收割工人尘肺,
A39.8,
pulmonary penicillosis,
地尔硫,
青霉菌病,
4‰,
流感嗜血杆菌性肺炎,
溺死,
anguillula stercoralis of lung,
急性肾衰,
free ammonia-induced intoxication,
Q fever pneumonia,
神经炎,
blowing wound,
B97.0,
儿童先天性肺囊肿,
honeycomb lung syndrome,
pediatric asthmatoid bronchitis,
脂肪肉芽肿,
allergic angitis granulomatosis,
inhalation injury,
罂粟碱,
羊水与胎粪吸入综合征,
碳酰氯中毒,
pulmonary hernia,
闷气生,
pneumoconiosis due to talc dust,
气泡栓塞,
气管炎菌苗,
核糖核酸,
芬氟拉明,
过度通气综合症,
小儿流喘肺炎,
胎粪吸入综合征,
MIT,
小儿李氏杆菌病,
横膈麻痹,
nocturnal asthma,
类脂蛋白沉积病,
closed injury of trachea,
小儿囊性纤维病,
儿童慢性肉芽肿病,
vena cava superior syndrome,
antitrypsin deficiency,
pediatric acute tracheobronchitis,
吉尔克斯病,
acinic cell adenoma,
immunodeficiency pneumonia,
科干综合症,
酮色林,
paragonimiasis,
L?ffler’s syndrome,
pediatric mycotic pneumonia,
躁动不安,
K86.8,
铝肺,
先天性自愈性网状组织细胞增生病,
微型结节性多动脉炎,
阿地白介素,
S27.5,
铍病,
pneumonomoniliasis,
滑石粉致尘肺,
脑膜炎萘瑟氏菌肺炎,
去氧核糖核酸酶,
pediatric influenzal virus pneumonia,
胎粪吸入性肺炎,
眼痒,
恙虫肺炎,
类风湿关节炎-肺尘沉着症候群,
动脉血气分析,检查
胸部,部位
内科,科室
动脉血氧分压(PaO2),检查
血清粘蛋白（SM）,检查
红细胞烯醇化酶,检查
内窥镜检查,检查
直接涂片检查,检查
间质性肺炎,疾病
痰液常规检查,检查
痰液病原体检查,检查
伤风,疾病
血常规,检查
急性肺水肿,疾病
外科,科室
季节性过敏性鼻炎,疾病
血管炎,症状
耳鼻咽喉CT检查,检查
免疫病理检查,检查
肺活检,检查
淋巴结结节病,疾病
呼气高峰流量（PEFR）,检查
其他,部位
呼吸肌功能测定,检查
体温测量,检查
白细胞计数（WBC）,检查
肺热咳嗽,疾病
结核菌素皮内试验,检查
儿童肺功能检查,检查
中枢性呼吸功能不全,疾病
四肢,部位
肺弥散功能测定（DL）,检查
埃布斯坦综合征,疾病
肺泡蛋白质沉积症,疾病
肺通气显像,检查
支气管镜检查,检查
支气管造影,检查
胸部CT检查,检查
X线检查,检查
鼾症,疾病
胸部平片,检查
纤维支气管镜检查,检查
白细胞分类计数,检查
发热,症状
感染性肋软骨炎,疾病
心电图,检查
异常血红蛋白病,疾病
肺衰,疾病
结节病抗原（Kveim）试验,检查
检验科,科室
胸水检查,检查
胸腔积液检查,检查
放射科,科室
鼻咽部MRI检查,检查
皮肤,部位
白细胞分类计数(DC),检查
白细胞数,检查
中西医结合科,科室
潮气容量,检查
痰液的一般性状检查,检查
人禽流行性感冒,疾病
脓汁和创伤感染标本细菌学检查,检查
呼吸道合胞病毒抗体,检查
重症肌无力危象,疾病
颈部,部位
心悸,症状
肺容量测定,检查
呼吸动度,检查
肺通气功能,检查
肺灌注显像,检查
肺泡气-动脉血氧分压差,检查
血培养,检查
传染科,科室
肺功能检查,检查
胸透,检查
肿瘤筛查,检查
"结核菌素试验（OT,PPD）",检查
99tcm-dtpa肺上皮细胞通透性测定,检查
肿瘤科,科室
心血管疾病的超声诊断,检查
心血管造影,检查
房间隔缺损,疾病
先天性心脏病,疾病
法洛三联症,疾病
二维超声心动图,检查
冠状动脉异常起源于肺动脉,疾病
心肺功能运动试验（CPET）,检查
肺炎支原体补体结合试验,检查
肺炎支原体寒冷凝集试验,检查
浆膜腔积液细胞计数,检查
舌苔黄,症状
鼻干,症状
萎缩性鼻炎,疾病
舌质红绛,症状
肺显像,检查
肿瘤放射免疫显像（RII）,检查
肺泡-动脉氧分压差（PA-aDO2）,检查
外源性过敏性肺泡炎,疾病
支气管肺泡灌洗术（BAL）,检查
嗅觉障碍,症状
"肺内分流量（Qsp,Qs/Qt）",检查
慢性咽炎,疾病
慢性喉炎,疾病
声音嘶哑,症状
喉结核,疾病
脉冲震荡肺功能（IOS）,检查
肿瘤受体显像,检查
咽喉肿痛,疾病
肺大泡,疾病
体检、保健科,科室
肺炎杆菌肺炎,疾病
心率不齐,症状
流清涕,症状
骨关节及软组织CT检查,检查
胸部B超,检查
风湿性心脏病,疾病
恶寒,症状
血液分析仪检查,检查
痰液颜色,检查
痰液性状,检查
风寒感冒,疾病
风寒袭肺耳胀闷,症状
流黄鼻涕,症状
风热犯肺,疾病
间质性肺病,疾病
痰液中分泌型IgE,检查
慢性化脓性胸膜炎,疾病
CT血管成像,检查
肺原发性结核性复征,疾病
痰液细菌涂片检查,检查
肺活量（VC）,检查
无效腔气量／潮气量比值,检查
肺部检查,检查
痰液显微镜检查,检查
回归热螺旋体（BR）,检查
肺结核瘤,疾病
五官科,科室
电子支气管镜检查,检查
膈膨出和麻痹,疾病
重复呼吸试验,检查
过敏性咽炎,疾病
特发性含铁血黄素沉着症,疾病
干热无汗,症状
寒饮咳嗽,疾病
恶寒发热,疾病
身痛,症状
喉喑,疾病
锁喉毒,疾病
喉异物,疾病
呼气试验,检查
喉部肿瘤,疾病
痰液中分泌型IgA,检查
呼吸道粘液-纤毛清除功能测定,检查
纤维鼻咽镜,检查
萎缩性咽炎,疾病
急性单纯性咽炎,疾病
过敏性哮喘,疾病
咽干,症状
毒素皮肤试验,检查
热咳,疾病
儿童支气管镜检查,检查
胸腔镜检查,检查
胸部MRI,检查
一秒用力呼出量／用力肺活量比值,检查
残气量／肺总量比值（RV/TLC）,检查
一般摄片检查,检查
哮病,疾病
急诊科,科室
羊水卵磷脂/鞘磷脂比值（L/S）,检查
鼻腔内镜检查,检查
小儿有机磷农药中毒,疾病
有机磷农药中毒,疾病
"二氧化碳分压（PCO2,PCO2）",检查
二氧化碳总量(TCO2),检查
实际碳酸氢盐（AB）,检查
肺通气量,检查
全身,部位
最大呼气中段流量,检查
屏息试验,检查
多导睡眠监测（PSG）,检查
积液溶菌酶,检查
每分钟肺泡通气量（VA）,检查
小儿病毒性肺炎,疾病
风寒犯肺,疾病
儿童顿咳,疾病
流速容量测定,检查
热哮,疾病
皮肌炎,疾病
多发性肌炎,疾病
抗Jo-1抗体,检查
抗利尿激素分泌异常综合征,疾病
痰液细菌培养,检查
嗜酸性粒细胞计数（E）,检查
血清免疫球蛋白E（IgE）,检查
肺、胸膜阿米巴病,疾病
声带白斑,疾病
声阻抗检查,检查
呼吸运动检查,检查
H7N9型禽流感,疾病
急性气管－支气管炎,疾病
老年肺炎,疾病
痰培养,检查
抗军团菌抗体试验,检查
下呼吸道感染,疾病
小儿科,科室
燥邪犯肺,疾病
动态心电图（Holter监测）,检查
溴中毒,疾病
普通透视检查(透视),检查
胸部外部检查,检查
结节性梅毒疹,症状
补呼气量,检查
CT检查,检查
淋巴结核,疾病
副流感病毒抗体,检查
流感病毒抗体,检查
禽流感,疾病
肿瘤声学造影,检查
痰培养+药敏试验,检查
暑瘵,疾病
肝肺综合症,疾病
支气管结石症,疾病
用力肺活量（FVC),检查
遗传性出血性毛细血管扩张症,疾病
面部色诊,检查
透光试验,检查
核磁共振成像(MRI),检查
肺和胸膜叩诊,检查
胸腔积液一般性状检查,检查
浸润型肺结核,疾病
引流管,检查
食管穿孔,疾病
实喘,疾病
纵膈肿瘤,疾病
胃肠道CT检查,检查
气管移位检查,检查
支气管舒张试验,检查
肝火犯肺,疾病
碳氧血红蛋白定性试验(HBCO),检查
血液碳氧血红蛋白,检查
红细胞乙酰胆碱脂酶,检查
结核杆菌检查,检查
淋巴管平滑肌瘤,疾病
小儿支气管炎,疾病
弥散容量测定,检查
流式细胞DNA分析,检查
肝性胸腔积液,疾病
风寒侵犯小儿音哑,症状
肺和胸膜听诊,检查
痰湿阻肺,疾病
气管及食管异物,疾病
上消化道造影,检查
气管吸引术,检查
先天性动脉导管未闭,疾病
多导睡眠图检查,检查
痰饮,疾病
风热感冒,疾病
慢性肺炎,疾病
胸部疾病体征检查,检查
痰液气味,检查
肺肾阴虚咽喉白腐,症状
普通感冒,疾病
胆汁溶菌试验,检查
并殖吸虫病,疾病
痰液细胞学检查,检查
咽肌痉挛,疾病
结核杆菌基因检测（PCR）,检查
肺间质疾病,疾病
健康体检,检查
急性心肌梗死,疾病
阵发性鼻塞,症状
侧卧时位于下侧鼻腔出现鼻塞,症状
中心静脉压测定（CVP）,检查
胸廓检查,检查
最大中期呼气流速与最大中期流速时间（MMFR),检查
肺阻抗血流图,检查
社区科室,科室
间皮瘤,疾病
肺总量（TLC）,检查
过敏性血管炎,疾病
高钠血症,疾病
咽喉炎,疾病
氧分压,检查
气道阻力(R),检查
喉镜检查,检查
内科检查,检查
咳嗽性晕厥,症状
腺样体肥大,疾病
喘证,疾病
真菌感染的实验室检查,检查
中心性软骨肉瘤,疾病
食管压力测定,检查
心血管堵塞,症状
法乐四联症,疾病
原发性纵隔肿瘤,疾病
食管造影,检查
纵隔镜检查,检查
胸腹水检查,检查
非阻塞性,疾病
高频通气,其他治疗
常规机械通气,其他治疗
氧疗,药物
肺表面活性物质,其他治疗
清除胎粪和气道吸引,其他治疗
气漏和气胸,疾病
持续肺动脉高压,疾病
meconium aspiration pneumonia,疾病
临床呼吸困难的症状,症状
严重呼吸衰竭,症状
足月儿,流行病学
过期产儿,流行病学
重症 MAS血气检查,检查
一氧化氮,药物
胎粪颗粒影,症状
进行性呼吸困难,症状
肋间凹陷征,症状
ECMO,其他治疗
extracorporeal membrane oxygenation,其他治疗
气漏,疾病
原发性气胸,疾病
任何原因导致胸膜腔与外界大气相通，使空气通过壁层胸膜或破裂的肺泡、支气管胸膜瘘进入胸膜腔均可导致气胸,社会学
成人,流行病学
青少年,流行病学
pneumothorax,疾病
、咳嗽,症状
是指肺外、胸膜腔内有气体蓄积,社会学
男性,流行病学
pyopneumothorax,疾病
烦躁,症状
胸部创伤（如肺部穿通伤、外科手术、肺或胸膜穿刺误伤、机械通气）、呼吸道严重梗阻、肺部感染、弥漫性肺间质病变，偶可继发于肺结核、恶性肿瘤、吞咽腐蚀性药物等,社会学
气体进入胸膜腔后，胸膜裂口已经闭合，一次或数次抽气后压力不再上升,社会学
胸膜裂口小并形成活瓣性阻塞，在吸气时气体进入胸腔，而呼气时气体不易排出，致胸腔内压力不断增加，抽气后不久压力即再升高,社会学
胸膜裂孔开放，气体随呼吸进出胸腔，胸腔内压力与大气压相等,社会学
脉搏细速,症状
休克,症状
全身冷汗,症状
呼吸运动减弱或消失,症状
胸部饱满,症状
叩诊呈鼓音,症状
纯氧吸入,其他治疗
触觉语颤,症状
气管及纵隔移向对侧,症状
胸腔连续吸引法引流,其他治疗
先天性含气肺囊肿,疾病
听诊呼吸音减弱或消失,症状
意识不清,症状
叩诊呈鼓音或浊音,症状
卧床休息,其他治疗
血压下降,症状
胸腔闭式引流,其他治疗
胸部X线,检查
大叶性肺气肿,疾病
早期使用机械正压通气治疗。,其他治疗
早期使用机械正压通气治疗,其他治疗
心脏上方大血管畸形所形成的血管环，亦可压迫气管或引起气管软骨环的破坏而造成局部狭窄。,社会学
气管软骨环发育不全或畸形,社会学
迅速窒息,症状
鼻扇,症状
口唇及面部发绀,症状
气管镜,检查
气管成形术,手术治疗
球囊扩张,手术治疗
螺旋CT三维重建,检查
端端吻合术,手术治疗
X线或气管镜检查,检查
气管狭窄段切除,手术治疗
金属支架,手术治疗
自体或人胚胎气管移植,手术治疗
IPH,疾病
NAC,药物
N-acetylcysteine,药物
PE,其他治疗
50%～60%,预后
肺部感染,社会学
缺氧,社会学
白假丝酵母,社会学
机械辅助通气,其他治疗
新霉素,药物
较好,预后
放射性照射,社会学
异常体动脉血流供应右肺及右肺静脉异常引流入上腔静脉,症状
异位引流的肺静脉在右肺野表现为“短弯刀”样阴影,症状
听诊呼吸音降低,症状
胸部的各种损伤、开放性肋骨骨折、爆炸伤等，新生儿产伤、新生儿窒息和呼吸暂停进行人工呼吸及体外心脏挤压，使颈胸部压力过高均可导致胸导管破裂,社会学
chylothorax,疾病
各种良性、恶性肿瘤压迫左锁骨上静脉及淋巴干管或胸导管亦可造成乳糜胸,社会学
本病呈增多趋势,流行病学
指各种原因所造成的胸导管破裂或阻塞，使乳糜液溢入胸膜腔,社会学
胸科手术损伤胸导管有关,社会学
中心静脉插管导致导管栓塞或血栓形成、淋巴系统发育不良（胸导管缺如、闭锁、多发性小淋巴管扩张）等,社会学
胸腔穿刺,检查
叩诊浊音并有纵隔移位,症状
胸水苏丹乙醇染色,检查
胸水乙醚试验,检查
适当限制盐的摄入,其他治疗
给予低脂肪、高蛋白质、高热量饮食,其他治疗
胸导管结扎,手术治疗
给予全肠道外营养,其他治疗
胸腹腔引流术,手术治疗
增加维生素、尤其是脂溶性维生素A和D的摄入,其他治疗
目前已有较多非损伤性乳糜胸患儿经胸导管结扎治疗成功的报道,预后
MRI,检查
早期治疗或病前患者可长期存活,预后
Ig,检查
immunoglobulin,检查
ANCA,检查
GM抗体,检查
抗生素,药物
细胞免疫缺陷,疾病
PCP,疾病
IVIG,其他治疗
喘憋,症状
肌肉酸痛,症状
全身不适,症状
干、湿啰音,症状
α、δ储存池病（αδ-SPD）,疾病
头痛,症状
喘鸣音较为突出,症状
Mycoplasma pneumoniae pneumonia,疾病
肺部啰音比年长儿多,症状
肺炎支原体,社会学
纵隔积气,疾病
呼吸窘迫,症状
坏死性肺炎,疾病
呼吸机支持,其他治疗
剧烈咳嗽,症状
体外膜肺支持,其他治疗
胸部X线检査,检查
持续发热,症状
"refractory Mycoplasma pneumoniae pneumonia, RMPP",疾病
肺部病灶范围扩大,症状
密度增高,症状
chlamydial pneumonia,疾病
鹦鹉热衣原体,社会学
家畜衣原体,社会学
衣原体,社会学
呼吸增快,症状
肺炎衣原体,社会学
沙眼衣原体,社会学
捻发音,症状
双肺过度充气,症状
胸部X线检查,检查
单侧下叶浸润,症状
双侧间质性或小片状浸润,症状
具有特征性的阵发性不连贯咳嗽,症状
大部分能完全恢复,预后
左肺静脉与左无名静脉,疾病
胸部 X线,检查
手术纠正,手术治疗
肺血多,症状
超声心动图,检查
"单支肺静脉异位连接，其血流约占所有肺血流的20%，因而临床上无明显变化；相反，如为一侧肺静脉全入右心房，鉴于右心房的顺应性较左心房佳，病侧肺循环阻力小，肺动脉入病侧肺的血流多，使通过此侧肺静脉流量可超过半数，左向右分流大于50%。
    在伴有房间隔缺损时，血流动力学变化包括心房水平、肺静脉水平的左向右分流。静脉窦型房间隔缺损可存在上腔静脉水平的小的右向左分流。肺动脉高压较少发生，但弯刀综合征患婴，若伴有肺实变、肺动脉肌层增厚，由于肺血管阻力增加，可出现肺高压",社会学
第二心音分裂,症状
无创性显像CT,检查
房缺,症状
右肺静脉连于上腔静脉,疾病
肺高压,症状
右肺静脉与下腔静脉,疾病
很少出现肺血管疾病,预后
wheezing bronchitis,疾病
免疫调节剂,药物
抗过敏治疗,药物
可闻及少许中水泡音,症状
3岁以下小儿,流行病学
asthmatic bronchitis,疾病
湿疹或其他过敏史和家族史,社会学
喘息症状明显，可闻及少许中水泡音,症状
过敏体质,社会学
婴幼儿气道解剖生理特点、感染,社会学
喘息症状明显,症状
氨茶碱,药物
氨茶碱、β2-受体激动剂,药物
血气分析,检查
酸中毒,症状
呼吸暂停,症状
右肺异常分叶或缺如,症状
压迫呼吸,症状
较差,预后
54%,预后
85%,预后
97%,预后
84%,预后
95%,预后
91%,预后
肺叶切除术,手术治疗
边界不清楚,症状
喉部黏膜,部位
吸气性呼吸困难,症状
acute infectious laryngitis,疾病
病毒,社会学
声嘶,症状
喉鸣,症状
细菌感染,社会学
病毒、细菌感染,社会学
冬春季节,流行病学
腺病毒,社会学
流感病毒,社会学
副流感病毒,社会学
链球菌,社会学
声撕,症状
保持呼吸道通畅,其他治疗
心率加快,症状
不安,症状
糖皮质激素,药物
吸氧,其他治疗
吸气性喉鸣,症状
青霉素,药物
大环内酯类,药物
头孢菌素类,药物
祛痰剂,药物
氢化可的松,药物
镇静,其他治疗
气管插管,其他治疗
烦躁不安,症状
呼吸机辅助通气治疗,其他治疗
气管切开,手术治疗
双眼圆睁,症状
口唇及指（趾）发绀,症状
心率快,症状
肺部呼吸音明显降低,症状
惊恐万状,症状
心音低钝,症状
呼吸音几乎消失,症状
心律不齐,症状
心音钝、弱,症状
昏睡状态,症状
IV度,疾病
面色苍白发灰,症状
Ⅰ度,疾病
Ⅱ度,疾病
Ⅲ度,疾病
良好，病程较长，通常可活至中年,预后
大多于20岁左右因并发呼吸衰竭或心力衰竭而死亡,预后
肾上腺皮质激素,药物
肺,部位
Osler-Weber-Rendu disease,疾病
左肺下叶,部位
一部分胚胎性囊性肺组织与正常的肺组织相隔离，其血供来自体循环,社会学
肺叶,部位
肺X线检查,检查
右下叶,部位
pulmonary sequestration,疾病
X线侧位片,检查
肺部感染,疾病
CT,检查
左侧肺下叶后基底部与横膈之间,部位
选择性血管造影,检查
本病可能系胚胎发育异常所致，但亦有人认为肺内型可能是感染和炎症的结果或是一种囊腺瘤样畸形,社会学
肺叶切除,手术治疗
"肺表面活性物质（pulmonary sur- factant,PS)缺乏",社会学
早产儿,流行病学
hyaline membrane disease,疾病
respiratory distress syndrome,疾病
CPAP早期应用,其他
70%以上,流行病学
PS缺乏,社会学
胎龄越小,社会学
产前糖皮质激素预防,其他
HMD,疾病
1%-5%,流行病学
早产,社会学
出生后PS,其他
"肺顺应性下降,气道阻力增加",症状
围生期窒息,社会学
缺氧,疾病
"由于PS含量减少，使肺泡表面张力增加，呼气末FRC降低,肺泡趋于萎陷",社会学
通气/血流降低,症状
气体弥散障碍及呼吸功增加,症状
呼气呻吟,症状
青紫,症状
呼吸浅表,症状
体格检查,检查
吸气性三凹征,症状
两肺呼吸音减低,症状
可闻及细湿啰音,症状
呼吸节律不整,症状
对氧气的需求量增加,社会学
肺内液体吸收及清除延迟,社会学
transient tachypnea of the newborn,疾病
剖宫产儿,流行病学
呼吸音减低,症状
可闻及湿啰音,症状
呻吟,症状
X线胸片,检查
group B streptococcal pneumonia,疾病
wet lung,疾病
阵发性呼吸急促,症状
diaphragmatic	hernia,疾病
应用PS,其他治疗
机械通气,其他治疗
侧胸部呼吸音减弱,症状
"保温:将婴儿置于暖箱或辐射式抢救台上,保持皮肤温度在36. 5℃",其他治疗
辅助通气,其他治疗
oxygen	therapy,其他治疗
PS替代疗法,其他治疗
保证液体和营养供应,其他治疗
监测:体温、呼吸、心率、血压和动脉血气,其他治疗
CPAP,其他治疗
吲哚美辛,药物
将妊娠不足30周存在早产风险的孕妇应转运到具有救治RDS能力的围生中心,其他
对所有妊娠不足34周存在风险的孕妇，应给予产前激素治疗,其他
"对妊娠不足39周，如没有明确指征,不建议择
期剖宫产",其他
糖尿病母亲婴儿,流行病学
择期剖宫产儿,流行病学
吸烟,社会学
病理上以肺泡细胞广泛增生、肺泡壁增厚为特征，肺泡腔内有许多肺泡巨噬细胞，部分融合成巨细胞。随病程进展可发生慢性间质性纤维化。,社会学
desquamative interstitial pneumonia,疾病
腺病毒感染,社会学
1～2月龄,流行病学
有机尘吸入,社会学
应用呋喃旦啶等药物,社会学
心率增快,症状
体重减轻,症状
不佳,预后
两下肺可听到细湿啰音,症状
自愈,预后
氯喹,药物
无力和食欲减退,症状
MTX,药物
反复有痰咳嗽,症状
chronic bronchitis,疾病
慢性或反复有痰咳嗽,症状
ETCO,检查
COHb,检查
FK506,药物
骁悉,药物
kenacort A,药物
阿赛松,药物
prednisone,药物
triamcinolone,药物
triamcinolone acetonide,药物
速尿,药物
unfavorable histology,疾病
favorable histology,疾病
甲基泼尼松龙冲击治疗,药物
"摄人带菌的食物,经肠道播散至全身引起感染",流行病学
低热,症状
pulmonary	cryptococcosis,疾病
"吸人空气中的孢子，此为主要途径,隐球菌孢子到达肺部引起肺部感染,继而播散到全身",流行病学
cryptococcosis,疾病
轻咳,症状
盗汗,症状
血清学检査,检查
支气管周围和肺实质浸润阴影,症状
胸膜下纤维结节、隐球菌结节或大的肉芽肿,症状
真菌培养,检查
纵膈或门淋巴结肿大,症状
墨汁染色法,检查
肺内及胸膜下结节,症状
latex agglutination test,检查
"窒息时呼吸、循环功能由胎儿向新生儿转变受阻正常胎儿向新生儿呼吸、循环系统转变的
特征为:胎儿肺液从肺中清除→表面活性物质分泌→肺泡功能残气量建立→肺循环阻力下降,体循环阻力增加→动脉导管和卵圆孔功能性关闭。窒息时新生儿未能建立正常的呼吸,致使肺泡不能扩张, 肺液不能清除;缺氧、酸中毒引起肺表面活性物质产生减少、活性降低，以及肺血管阻力增加，持续胎儿循环致持续性肺动脉高压。后者进一步加重组织缺氧、缺血、酸中毒,最后导致不可逆多器官缺氧缺血损伤。
窒息时各器官缺血改变窒息开始时，缺氧和酸中毒引起机体产生经典的“潜水”反射，即体内血液重新分布，肺、肠、肾、肌肉和皮肤等非重要生命器官的血管收缩，血流量减少，以保证脑、心和肾上腺等重要生命器官的血流量。同时血浆中促肾上腺皮质激素、糖皮质激素、儿茶酚胺、肾素、心钠素等分泌增加，使心肌收缩力增强、心率增快、心排血量增加，以及外周血压轻度上升，心、脑血流灌注得以维持。如低氧血症持续存在，无氧代谢进一步加重了代谢性酸中毒,体内储存的糖原耗尽,最终导致脑、心和肾上腺的血流量减少,心肌功能受损，心率和动脉血压下降,器官供血减少，导致各脏器受损。
呼吸改变
（1）原发性呼吸暂停(primary	apnea):胎儿或新生儿缺氧初期，呼吸代偿性加深加快，如缺氧未及时纠正，随即转为呼吸停止、心率减慢，即原发性呼吸暂停。此时患儿肌张力存在，血压稍升高，伴有发绀。此阶段若病因解除，经清理呼吸道和物理刺激即可恢复自主呼吸。
（2）继发性呼吸暂停(secondary apnea):若缺氧持续存在，则出现几次深度喘息样呼吸后,继而出现呼吸停止，即继发性呼吸暂停。此时患儿肌张力消失，心率、血压和血氧饱和度持续下降。此阶段需正压通气方可恢复自主呼吸,否则将威胁生命。
临床上有时难以区分原发性和继发性呼吸暂停,为不延误抢救,应按继发性呼吸暂停处理。
血液生化和代谢改变
Pa02、PH降低及混合性酸中毒:为缺氧后无氧代谢、气道阻塞所致。
糖代谢紊乱:窒息早期儿茶酚胺及高血糖素释放增加,血糖正常或增高，继之糖原耗竭而出现低血糖。
高胆红素血症:酸中毒抑制胆红素代谢及与白蛋白结合，降低肝酶活力，使非结合胆红素增加。
低钠血症和低钙血症：由于心钠素和抗利尿激素分泌异常,发生稀释性低钠血症;钙通道开放、钙内流引起低钙血症。",社会学
asphyxia of newborn,疾病
正压通气,其他治疗
肾上腺素,药物
儿童,流行病学
婴幼儿,流行病学
畏寒,症状
疲乏,症状
纤维支气管镜下支气管灌洗治疗,其他治疗
食欲缺乏,症状
胸腔穿刺,其他治疗
体温多数在39℃左右,症状
弥漫性间质性肺纤维化,疾病
咳嗽突出而持久,症状
X线胸部摄片,检查
ELISA法,检查
PCR法,检查
单克隆抗体法检测MP抗原,检查
特异IgM,检查
红霉素,药物
用青霉素无效，红霉素治疗效果好,症状
血小板减少,疾病
下叶,部位
5～18岁,流行病学
大环内酯类抗生素,药物
大环内酯类抗生素阿奇霉素、克拉霉素,药物
秋、冬季,流行病学
初为干咳,症状
咳少量黏痰,症状
百日咳样咳嗽,症状
外周血白细胞计数正常或升高,症状
很快转为顽固性剧咳,症状
血清冷凝集阳性,症状
偶见痰中带血丝或血块,症状
肺部体征少而X线改变出现早且严重,症状
呼吸道分泌物中检出MP及特异性抗体IgM检查阳性,症状
肺血减少,症状
fenestration,手术治疗
活组织检查,检查
预后恶劣,预后
真菌检查,检查
抗原检测,检查
避免接触有鸽子粪便污染的区域,其他治疗
抗体检测,检查
动物接种,检查
新型隐球菌,社会学
颅底软脑膜病变较显著，蛛网膜下腔有广泛的渗出物积聚，内含单核细胞、淋巴细胞及隐球菌等。隐球菌病@也可形成局限性肉芽肿，后者是机体反应较强的表现，由组织细胞、巨细胞、淋巴样细胞及成纤维细胞组成；隐球菌较少发现，大多存在于巨细胞和组织细胞内，引起脑干的血管炎，导致局部脑组织缺血和软化，脑实质内亦可形成肉芽肿。隐球菌病@隐球菌也可在血管周围间隙中增殖并在灰质内形成许多肉眼可见的囊肿，囊肿内充满隐球菌。隐球菌病@肺部病变可以很轻微，仅有少量淋巴细胞浸润。隐球菌病@慢性病灶常有巨噬细胞浸润，但很少形成化脓灶或呈纤维化者，少数病例可表现为局灶性或广泛性小肉芽肿。隐球菌病@皮肤病变有肉芽肿及胶质性损害两种类型，后者的组织反应较少，内含大量隐球菌。隐球菌病@正常人血浆中α2和γ球蛋白内含抗隐球菌生长因子，具有抑制新型隐球菌生长的能力。隐球菌病@因此只有在机体抵抗力下降时，血清抗隐球菌能力下降时，病原菌才易进入人体致病。,社会学
存在于土壤及鸽粪中的隐球菌，可随尘埃一起被人吸入。隐球菌病@隐球菌直径仅1μm，能进入肺泡。隐球菌病@隐球菌在体外无荚膜包裹，进入体内后很快形成荚膜，带荚膜的隐球菌具有致病力。隐球菌病@侵入人体的隐球菌不一定致病，细胞免疫在防止隐球菌感染中起主要的作用。隐球菌病@免疫功能低下的各种疾病如白血病、淋巴瘤、结节病、糖尿病等患者，均易继发隐球菌病。隐球菌病@隐球菌侵入肺部后，局部病变进展缓慢，常无临床症状，但可由此经血进入中枢神经系统，导致隐球菌病中最为常见的脑膜炎。,社会学
氟康唑,药物
中枢神经系统,部位
伊曲康唑,药物
伴有全身症状,症状
氟胞嘧啶,药物
肺门,部位
爱茜蓝染色,检查
嗜银染色,检查
抗真菌治疗,其他治疗
嗜碘酸-锡夫染色,检查
减少或停用免疫抑制药物,其他治疗
黏蛋白胭脂红染色,检查
存活者的复发率为20%～25%,预后
隐球菌性脑膜炎发生在有基础疾病时的病死率为55%，无基础性疾病的病死率为25%,预后
经治疗的病死率为25%～30%,预后
近40%的患者留有神经系统后遗症，如视神经炎、动眼神经损害，部分有人格和脑功能的改变,预后
生存率极低,预后
极低,预后
腺病毒3、7型,社会学
加强体格锻炼,其他
利巴韦林（病毒唑）,药物
上感,疾病
common cold,疾病
呼吸道合胞病毒,社会学
溶血性链球菌,社会学
细胞浸润,症状
间质纤维化,症状
运动耐力下降,症状
PCR-核苷酸测序,检查
AGLT,检查
TLC,检查
喂养管误入呼吸道,社会学
呕吐患儿,社会学
胃排空延缓,社会学
进行中心静脉置管时应具有技术较熟练专人操作,其他
ATG,药物
肺动脉第二心音正常或稍增强,症状
胸骨左缘第3、4肋间响亮的全收缩期杂音,症状
艾森曼格综合征,症状
肺动脉主支增粗,症状
右心室肥厚,症状
肺动脉段明显突出,症状
肺动脉段扩张,症状
肺野轻度充血,症状
肺野充血,症状
肺野明显充血,症状
肺动脉段延长或轻微突出,症状
肺静脉共同腔异常进入左心房,社会学
respiratory acidosis,疾病
吸入CO2过多,社会学
头痛,疾病
血管扩张,疾病
中枢抑制,疾病
血pH降低,疾病
冷凝集素滴度,检查
plasmapheresis,手术治疗
可能与抗原抗体反应选择性地作用于肺泡，引起局部损伤、出血，或肺部组织先天结构异常、遗传因素、肺循环压力周期性增高,社会学
idiopathic pulmonary hemosiderosis,疾病
咯小量鲜血,症状
10岁内小儿,流行病学
黑便,症状
牛奶过敏,社会学
有机溶剂吸入造成肺部损伤,社会学
呕血,症状
慢性反复多次出血,其他
药物中毒,社会学
干性或湿性啰音,症状
接触农药,社会学
肝、脾肿大,症状
急性出血期,其他
杵状指（趾,症状
早期静止期,其他
贫血,症状
迁延后遗症期,其他
Coomb试验,检查
冷凝集试验,检查
过敏性紫癜,疾病
给予吸氧,其他治疗
停用牛奶,其他治疗
纤维支气管镜,检查
甲基泼尼松龙,药物
去铁敏,药物
输血,其他治疗
铁剂,药物
脾切除,手术治疗
在1～2岁可自发消失,预后
超声,检查
梗阻,疾病
Ⅰ型病变仅限于肺部,疾病
胚胎期肺淋巴管弥漫性囊性扩张，压迫邻近肺组织所致,社会学
较轻，可存活至儿童期,预后
胸部呼吸运动减弱,症状
congenital pulmonary lymphangiectasis,疾病
应加强呼吸监护，保持呼吸道通畅，防止继发感染。,其他治疗
心前区易听到收缩期杂音,症状
胸部X线摄片,检查
被动吸烟,社会学
人工喂养,社会学
喘憋性肺炎,疾病
3～6个月男性婴儿,流行病学
阵发性喘憋,症状
居住环境拥挤,社会学
2岁以内，尤以6个月以内婴儿最多见,流行病学
小于1%,流行病学
婴儿,流行病学
6个月以内,流行病学
2岁以内,流行病学
反应性气道疾病,疾病
冬春两季,流行病学
呼吸快而浅,症状
呼气性喘鸣,症状
过清音,症状
呼气延长,症状
呼吸音明显减低,症状
极度烦躁不安,症状
梗阻性肺气肿,疾病
弥漫性中小水泡音,症状
死亡,疾病
胸部叩诊,检查
喉部,部位
不显性失水量增加,症状
病毒感染,社会学
毛细支气管,部位
副流感病毒1、2、3型,社会学
3岁以内小儿,流行病学
周围血白细胞计数明显升高,症状
气道分泌物呈脓性,症状
伴高热,症状
上呼吸道感染,症状
不定型流感嗜血杆菌,社会学
杆状核细胞,症状
卡他莫拉菌,社会学
金黄色葡萄球菌,社会学
厌氧菌,社会学
喘鸣音,症状
吸音减弱或消失,症状
喉镜,检查
肺纹理改变,症状
咽喉部检查,检查
喉、气管和支气管黏膜高度红肿,症状
压舌板检查,检查
声门及声门下狭窄,症状
多种病毒（肠道或呼吸道病毒）感染,社会学
气管和支气管内有稠厚分泌物或痂皮阻塞,症状
多种细菌（大肠埃希菌、肺炎链球菌、金黄色葡萄球菌、溶血性链球菌、鼠伤寒杆菌及其他沙门杆菌等）感染,社会学
肺栓塞,社会学
氧消耗量也大大增加,症状
每日体温波动在2℃以上,症状
39～41℃,症状
＜38℃,症状
急骤的体温升高,症状
社区获得性感染,疾病
自限性非特异性病毒感染,疾病
严重细菌感染性疾病,疾病
冬季,流行病学
顽固性高热,疾病
FUO,疾病
末梢血淋巴细胞明显增多,症状
发热待查,疾病
发热伴睑结膜炎,症状
血沉＞100mm/ h,症状
血沉增快,症状
厌氧培养,检查
血氧饱和度测定,检查
细菌培养,检查
血清学检查,检查
磁共振检查,检查
肿块边界不清,症状
血管紧张素抑制剂,其他治疗
每年约有一百万,流行病学
肺炎链球菌感染,社会学
通过空气飞沫传播,流行病学
streptococcus pneumoniae pneumonia,疾病
充血水肿期,其他
灰色肝样变期,其他
在呼吸道自体转移,流行病学
纤维素渗出,症状
红色肝样变期,其他
5岁以下儿童,流行病学
临床起病多急骤,症状
肺泡炎,疾病
溶解消散期,其他
早期只有轻度叩诊浊音或呼吸音减弱,症状
临床上症状轻或不典型为多见,症状
外周血白细胞总数及中性粒细胞均升高,症状
邻近胸膜的感染部位可出现支气管肺胸膜瘘和大小不等的脓肿,症状
X线上以肺实变区出现坏死病灶,症状
呼吸道入侵,流行病学
多发性小脓肿,症状
肺组织广泛出血性坏死,症状
新生儿,流行病学
ERS、CRP、PCT增加,症状
经血行播散人肺,流行病学
单独的或多分隔的放射透亮区,症状
迁徙性化脓灶,疾病
进展快,症状
两肺有散在中、细湿啰音,症状
肺炎克雷伯杆菌,社会学
预后较差,预后
肺部X线检查,检查
中性粒细胞增高伴核左移并有中毒颗粒,症状
全身中毒症状明显,症状
免疫缺陷者,流行病学
GNBP,疾病
肺炎克雷伯杆菌肺炎,疾病
咳嗽不重,症状
流感嗜血杆菌,社会学
有痰呈铁锈色,症状
无痰,症状
起病急,症状
谵妄,症状
病情严重,症状
无发热,症状
呼吸浅快,症状
呕吐,症状
中性粒细胞百分比仍较高,症状
精神委靡,症状
呼吸困难加重,症状
轻度叩诊浊音,症状
肺部听诊,检查
空气飞沫,流行病学
叩诊浊音,症状
呼吸道自体转移,流行病学
呼吸肌无力时危及生命,症状
一叶或多叶节段性或大叶性炎症阴影,症状
结节状浸润阴影及细小脓肿,症状
管状呼吸音,症状
语颤增强,症状
呼吸肌受累,症状
腾喜龙,药物
呼吸、心率代偿性增快,症状
唇、指 (趾）端明显发绀,症状
actinomycosis,疾病
放线菌,社会学
任何年龄,流行病学
在健康人群中，其齿垢、龋齿、牙周脓肿、扁桃体内均可找到该菌。放线菌病@患者多并有耳疾、扁桃体炎或口腔卫生差等因素。放线菌病@机体抵抗力下降时，口腔中的放线菌可经破损的口腔黏膜感染周围组织引起颈面部放线菌病。放线菌病@含放线菌的脓性分泌物吸入呼吸道中可引起胸部放线菌病。放线菌病@经口吞咽的放线菌，则寄生在回盲部或阑尾内，通过侵入肠黏膜，引起腹部放线菌病，若食管下部有黏膜破损，放线菌也可以由此侵入纵隔；放线菌沿消化道破损处感染引起腹部放线菌病。放线菌病@有明显免疫缺陷和（或）感染的放线菌致病性较强时可引起严重的血行播散。,社会学
内源性放线菌感染,疾病
多数病例为15～35岁,流行病学
农民及野外作业者,流行病学
外源性放线菌感染,疾病
"放线菌病病理学特征是化脓性炎症、瘘管形成和瘢痕化。放线菌病@急性炎症和慢性炎症同时存在，此起彼伏，迁延不愈。放线菌病@有时慢性肉芽肿为主要表现。放线菌病@原发病灶内因有大量细胞浸润，产生大小不同的致密结节。放线菌病@肉芽形成、组织软化后形成多发性脓肿及窦道，以及纤维组织增生和瘢痕形成。放线菌病@沿筋膜面、肌肉表面常形成深在性窦道。放线菌病@病变呈匍匐性，一面结疤痊愈，一面向周围扩展。放线菌病@病变扩散是由原发病灶沿结缔组织直接向周围蔓延；也有少数可通过血液循环扩散，但尚未发现经淋巴扩散者。放线菌病@常侵及的组织为皮肤及皮下组织，肌肉和骨骼亦偶有受累，但淋巴结不受感染。
放线菌病@    原发性肺放线菌病主要表现为多发性脓肿、支气管扩张、胸膜和肺粘连、胸膜增厚，还可见支气管增厚、支气管瘘、肺气肿和肺大疱、纤维样变、积脓，有少数病例会累及心包。
放线菌病@    在显微镜下，各组织内均为多发性脓肿、窦道、肉芽增生和纤维样变为主。放线菌病@早期病灶中放线菌的周围以中性粒细胞居多，形成多发性脓肿，在脓肿内可查到“硫磺颗粒”，这是放线菌在组织中形成的菌落。放线菌病@镜下结构为：中央为致密且不规则的分支菌丝，一般呈放射状排列；外周为折光的杵状体；紧靠脓肿外周有中性粒细胞和大单核细胞浸润；在外周为上皮样细胞、嗜酸性粒细胞和浆细胞等，最外层是致密的结缔组织。放线菌病@后期病灶中见上皮样细胞和巨噬细胞，类似结核性肉芽肿。放线菌病@游走的巨噬细胞有时将放线菌带到邻近组织，形成新的脓肿。放线菌病@常可侵犯骨骼，尤以脊柱、肋骨为多，可有骨质溶解和骨膜反应。",社会学
兼性厌氧菌,社会学
原发感染一般由呼吸道侵入，继发感染可来自颈部放线菌的直接蔓延、食管或腹腔放线菌病的播散。放线菌病@最常见的感染部位是肺门或肺底实质区，表现为支气管炎型、肺胸膜型及胸肺型。,社会学
马杜拉放线菌,社会学
培养,检查
磺胺嘧啶及碘化物配合治疗,药物
头孢氨苄霉素,药物
氯霉素,药物
亚胺配能静脉滴注,药物
直接镜检,检查
补充营养,其他治疗
一般较好,预后
林可霉素,药物
链霉素,药物
切开引流,手术治疗
适当应用免疫调节剂增强患者抵抗力,其他治疗
切除,手术治疗
克林霉素,药物
医务人员加强对放线菌病的认识，可疑患者及早进行病原学和病理学检查,其他治疗
呼吸道、消化道炎症、溃疡灶应及早处理，以免形成慢性感染灶,其他治疗
血白细胞计数正常或偏低,症状
注意口腔卫生,其他治疗
免疫荧光,检查
注意休息、多饮水,其他治疗
结合口服药物降温,药物
头孢霉素,药物
避免去人多拥挤的公共场所,其他治疗
病毒唑,药物
避免被动吸烟,其他治疗
血白细胞常增高,症状
5岁以内小儿,流行病学
呛咳,症状
窒息迅速死亡,症状
窒息死亡,症状
疼痛,症状
嘶哑,症状
气管拍击声,症状
气管撞击感,症状
心肺复苏,其他治疗
慢性化脓性病变,疾病
60%～80%,流行病学
18. 9%～25. 4%,流行病学
75. 8%,预后
25%提高到80%,预后
生后1岁以内,流行病学
法洛四联症,疾病
心前区搏动弥散,症状
高位左侧胸骨旁,部位
左侧胸骨旁2～4肋间,部位
震颤,症状
4/6～5/6级的喷射性收缩期杂音,症状
第二心音单一,症状
新生儿期,流行病学
肺血管疾病,疾病
纤维肌性隧道,部位
狭窄范围自右心室漏斗部入口至左、右肺动脉分支。其中以漏斗部及肺动脉瓣复合狭窄多见，狭窄的严重程度差异颇大，严重者肺动脉闭锁，可同时伴动脉导管未闭或主动脉与肺动脉间侧支循环血管,社会学
Glenn手术,手术治疗
动脉干的分隔在胚胎4～5周时进行，在动脉干内部有相对的纵行嵴同时生长并对接形成圆锥动脉干间隔，将动脉干分隔为主动脉和肺动脉,社会学
锁骨下动脉-肺动脉吻合术,手术治疗
假性永存动脉干,疾病
肺动脉高压,症状
肺血管阻塞性病变,症状
气促,症状
呼吸道,部位
人群密集场所,流行病学
influenza,疾病
6～15岁,流行病学
拒乳,症状
流感病毒性肺炎,疾病
流涕,症状
急起畏寒高热,症状
食欲减退,症状
体温达39～41℃,症状
肺部可闻干啰音,症状
急性起病,症状
呼吸道症状轻,症状
1/3患者出现腹泻水样便,症状
高热持续不退,症状
老年,流行病学
正在使用免疫抑制剂者,流行病学
幼儿,流行病学
剧咳带血样痰,症状
病毒颗粒检查,检查
两肺密布湿啰音和喘鸣音,症状
体弱多病,流行病学
病毒分离,检查
病毒抗原检测,检查
血清学诊断,检查
病毒基因检测,检查
80%以上,流行病学
金刚乙胺,其他
zanamivir,其他
减毒活疫苗,其他
金刚烷胺,其他
疫苗接种,其他
灭活疫苗,其他
卧床休息，多饮水，加强护理，预防并发症,其他治疗
解热镇静剂,药物
镇咳祛痰剂,药物
全身肌肉酸痛,症状
冬、春季,流行病学
扎那米韦,药物
右心衰竭,症状
病情凶险,症状
起病慢,症状
病程可长达数月,症状
病情轻,症状
急性上呼吸道梗阻,疾病
b型流感嗜血杆菌,社会学
婴儿与老年人,流行病学
气道完全梗阻,症状
心跳呼吸骤停,症状
呼吸道梗阻,症状
分泌物吸入,症状
反射性喉痉挛,症状
会厌部肿胀,症状
外周血白细胞计数常升高,症状
吸气时声门不扩张,症状
心率过速或过缓,症状
面色灰白,症状
肺有时有啰音,症状
唇绀,症状
肺有啰音,症状
指趾发绀,症状
RDR,检查
relative	dose response,检查
黏膜充血,症状
黏膜水肿肥厚呈不规则形隆起,症状
表面可有出血,症状
脉搏加速,症状
血液学检查,检查
纵隔淋巴结肿大,社会学
皮质激素,药物
咽拭子培养,检查
敏感抗生素,药物
弯刀综合征,疾病
tetrahydrobiopterin,疾病
过度通气,社会学
呼吸机使用不当,社会学
补钙,药物
angiotensin-converting enzyme inhibitor,药物
ACEI,药物
ARB,药物
安体舒通,药物
amiloride,药物
胸片异常,症状
常伴烦躁,症状
肺部多无异常发现,症状
刺激性呛咳,症状
呼吸肌麻痹,症状
呼吸中枢抑制,症状
呼出气体中可闻及蒜臭味,症状
急性肺水肿,症状
中枢性呼吸衰竭,症状
亚硝酸异戊酯,药物
10/10万,流行病学
挣扎,症状
反射性心跳呼吸骤停,症状
声门关闭,症状
肺脏,部位
肺部,部位
心跳缓慢,症状
神志模糊,症状
颜面青紫,症状
呼吸、心跳停止,症状
血性液体经口鼻涌出,症状
肺部有啰音,症状
轻度发绀,症状
心动过速,症状
意识障碍,症状
两肺喘鸣及啰音,症状
持续内环境紊乱,症状
心血管功能不稳定,症状
需气管插管或CPAP,症状
体温低于32℃,症状
面罩吸氧,其他治疗
沙丁胺醇溶液雾化吸入,药物
支气管舒张剂,药物
过度通气,其他治疗
林格液,药物
生理盐水,药物
昏迷患儿呕吐后也常致食物误吸入气管,社会学
呛咳憋气,症状
作呕,症状
内生性异物（如假膜、脓痂）误吸入气管,社会学
有呼吸道疾病进食不慎,社会学
5岁以内,流行病学
呼吸音减轻,症状
儿童在进食或口含有东西时大声哭笑,社会学
纵隔气肿,症状
现场急救,其他治疗
气管支气管异物取出,其他治疗
避免俯卧位,其他
呼吸道阻塞,社会学
窒息,社会学
上气道阻塞,社会学
喉痉挛,社会学
喉水肿,社会学
婴儿猝死综合征,社会学
呼吸系统和中枢神经系统疾患,社会学
异物,社会学
有害气体中毒,社会学
溺水,社会学
呼吸停止或严重呼吸困难,症状
bundle treatment,其他治疗
immunotherapy,其他治疗
脓毒性休克,疾病
肺炎球菌,社会学
唇周发绀,症状
严重低氧血症,症状
静脉滴注肾上腺素,药物
VP-16,药物
DEX,药物
VDS,药物
免疫球蛋白,药物
甲泼尼龙+CsA,药物
人巨细胞病毒,社会学
CID,疾病
弥漫性肺间质病变,症状
偶闻肺部啰音,症状
支气管周围浸润伴肺气肿,症状
肋间凹陷,症状
结节性浸润,症状
氧疗法,其他治疗
B族链球菌,社会学
GBS,社会学
新生儿急性呼吸窘迫综合征,疾病
鼻扇动,症状
高钙尿症,疾病
由于胚胎期膈肌发育缺陷，出现较大的裂隙或缺损，致生后一部分腹腔脏器疝入胸腔，压迫胸腔内组织，引起呼吸、循环障碍，或胃肠道梗阻、绞窄、出血甚至坏死。,社会学
Morgagni疝,疾病
congenital diaphragmatic hernia,疾病
胸壁呼吸运动减弱,症状
Bochdalek疝,疾病
肺呼吸音减低或消失,症状
心界向对侧移位,症状
肺部可闻肠鸣音,症状
患侧叩诊呈鼓音,症状
呈舟状腹,症状
肠梗阻,症状
超声波检查,检查
改善氧合,其他治疗
阵发性发绀,症状
X线,检查
X光片,检查
胸部扩张度减小,症状
胸部扩张受限，在第四肋间测量胸围，吸气时胸围增加≤2. 5cm,症状
反复呼吸道感染,疾病
stanozolol,药物
cytomegalovirus infection,疾病
艾滋病,疾病
喉,部位
BCG,药物
两肺湿啰音,症状
furosemide,药物
左心室顺应性减退和二尖瓣反流引起左心房压力升高，左心室舒张末压力也升高，肺静脉回流受阻而引起肺瘀血,社会学
预后良好,预后
需靠输血维持生命,预后
不需治疗，可活至成人期,预后
反复输血,社会学
螯合剂去铁胺,药物
口服螯合剂去铁酮,药物
粒细胞减少,症状
肺动脉,部位
P2亢进,症状
肌张力减低,症状
胸廓凹陷畸形,症状
膈肌麻痹,症状
重症肺炎,疾病
1岁内,流行病学
误吸,社会学
保持良好的肺部通气状态,其他
正压或负压通气,其他治疗
非侵入性通气,其他治疗
有效肺活量（FVC）下降,社会学
2岁以内,预后
存活至成人,预后
5岁以内,预后
睡眠时部分或完全上呼吸道阻塞的发作,症状
obstructive sleep apnea syndrome,疾病
2%,流行病学
血氧饱和度的下降,疾病
增殖体和扁桃体肥大,社会学
严重的OSAS可以无打鼾或睡眠时仅有高音调的咕哝声,症状
上呼吸道扩张肌控制的异常,社会学
打鼾，并且大多数鼾声响亮,症状
过敏,社会学
连续的打鼾,症状
睡眠姿势异常，通常是颈过伸，可表现为颈部过度伸展、头从枕头上滑落或坐起（通常是肥胖儿）,症状
间断的打鼾,症状
放线菌在组织的种植导致淋巴组织的肥大及OSAS的发生,社会学
上呼吸道感染时鼾声加剧,症状
呼吸费力,症状
夜间睡眠不安或在床上翻来覆去,症状
白天过度嗜睡,症状
发育迟缓,症状
用口呼吸,症状
早晨觉醒时的症状包括口干、定向力障碍、迷茫和头痛,症状
肋间、胸骨、胸骨上和锁骨上的内陷，肋缘外展，可察觉辅助呼吸肌的活动，另外还可以见到吸气反常性胸廓内收,症状
伴有进食、吞咽困难和口臭,症状
没有明显的阻塞,症状
睡眠时有大量出汗,症状
表现出一定程度的语言障碍,症状
睡眠中发生气道阻塞小儿易发生胃食管反流、突然觉醒、大哭、尖叫,症状
鼻缩血管药,药物
气管切开术,手术治疗
机械通气治疗,其他治疗
类固醇,药物
茶碱,药物
肿大的扁桃体和（或）增殖体,症状
增殖体和扁桃体切除术,手术治疗
18%患者的扁桃体和增殖体中有放线菌,症状
间断性打鼾中有安静期相隔，这种安静期通常被响亮的喘息声或哼声所终止,症状
气道结构的轻微异常,社会学
儿童在剧烈哭闹时突然出现呼吸暂停,症状
伴有喘鸣或可听得见的呼吸音,症状
纤维镜检查,检查
声带结节,疾病
嗓音柔软或缺如、弱的、喘息样的哭声,症状
生活不能自理,症状
polysomnogram,检查
PSG,检查
羊水吸入,社会学
气管,部位
肺内的平滑肌,部位
支气管,部位
右心的栓子,社会学
心功能不全,疾病
吸气时发生喘鸣,症状
声门下狭窄,疾病
congenital laryngeal stridor,疾病
喉蹼,疾病
婴儿低钙性喉痉挛,疾病
会厌软骨软化,社会学
气管造口术,手术治疗
合理喂养,其他治疗
鼻气管插管,手术治疗
继发性喉软骨软化,疾病
精心护理,其他治疗
激光,手术治疗
2. 5%,流行病学
球囊扩张术,手术治疗
右心室流出道存在，肺动脉瓣组织发育畸形为无空洞的隔膜,疾病
右心室大小不一，但均有不同程度发育不良,症状
冠状动脉狭窄或中断,症状
中心性发绀,症状
冠状动脉近端缺如,症状
胸骨左下缘可闻及全收缩期杂音,症状
前列腺素E2、E1后,药物
胸骨左上缘闻及动脉导管未闭所产生的短促、柔和的收缩期喷射性杂音,症状
发绀明显,症状
脉搏减弱,症状
碳酸氢盐,药物
体肺动脉分流,手术治疗
体肺动脉分流姑息手术,手术治疗
单心室修补术,手术治疗
右心室减压,手术治疗
前列腺素E1、E2,药物
球囊肺动脉瓣环切开术,手术治疗
球囊房隔成形术,手术治疗
手术瓣膜切开加或不加体,手术治疗
改良Blalock-Taussing分流术,手术治疗
体肺动脉分流术,手术治疗
Fontan分流术,手术治疗
体、肺动脉分流术,手术治疗
肺动脉分流术及跨环补片,手术治疗
differential cyanosis,症状
1/90 000,流行病学
1/17 000,流行病学
基因突变,社会学
生长发育障碍,症状
cystic fibrosis,疾病
急性或持续呼吸道症状,症状
1/377,流行病学
1/3500,流行病学
营养不良,症状
持续咳嗽,症状
黏稠痰,症状
广泛喘鸣,症状
急性呼吸道感染迁延不愈,症状
活动耐力差,症状
汗液试验,检查
杵状指,症状
肺部物理治疗,其他治疗
肺气肿,症状
散在或局部粗大啰音,症状
胰腺外分泌功能不全,社会学
去除呼吸道内黏稠分泌物,其他治疗
人重组DNA酶,药物
盐酸异丙托品,药物
雾化吸入0. 45～0. 9%氯化钠,药物
β受体兴奋剂,药物
阳性家族史,社会学
气管支气管吸引,其他治疗
给予高热量、高蛋白饮食,其他治疗
基因治疗,其他治疗
在纤维支气管镜下用生理盐水或黏液溶解剂进行灌洗,其他治疗
补充多种维生素,其他治疗
突变CFTR的药物上调,药物
刺激其他Cl-转运机制,其他治疗
CTX,药物
手术切除,手术治疗
肺动脉血流过多引起肺血管肌层肥厚，内膜增生，可导致肺小动脉结构破坏，产生不可逆的肺血管疾病，此时左向右的分流量可减少,社会学
当肺血管破坏进一步发展，肺循环阻力进一步增高，右心室压力明显增加，大于左心室内压力，可以出现右向左分流，体循环缺氧,社会学
肺循环阻力下降,症状
易反复呼吸道感染,症状
内脏型,疾病
心肌炎、心内膜炎、心包炎、肾小脓肿、脑膜炎、骨髓炎、眼炎和肺炎,疾病
真菌检査,检查
显微镜检查,检查
抗生素,社会学
激素,社会学
其它免疫抑制剂,社会学
小婴儿,流行病学
血丝,症状
无色胶冻样痰,症状
支气管肺炎,症状
Hamman-Rich综合征,疾病
体重下降,症状
婴幼儿及儿童,流行病学
一种弥漫性进行性肺间质纤维化状态，病因尚未明确，可能是各种炎症未控制的结果。肺泡巨噬细胞可释放纤维化相关的趋化因子和刺激素，如纤维连接蛋白、肺泡巨噬细胞源性生长因子等起到重要作用。有些病例有明显家族史,社会学
食欲差,症状
20余年,预后
抗感染,其他治疗
不良,预后
控制心力衰竭,其他治疗
在肺底部可闻细小捻发音或高调“爆裂”性啰音,症状
2年内,预后
患儿发育极度不良,症状
β-肾上腺素激动剂,药物
有或无结核中毒症状,症状
可无阳性发现,症状
结核菌素试验,检查
结核病接触史,社会学
异烟肼,其他
反复上呼吸道感染,疾病
latent tuberculosis infection,疾病
急、慢性感染,疾病
免疫功能低下,社会学
特应性体质,社会学
有痰,症状
acute tracheobronchitis,疾病
支气管结构异常,社会学
acute bronchitis,疾病
粗中湿啰音,症状
双肺呼吸音粗糙,症状
可在咽喉部或肺部闻及痰鸣音,症状
多饮水,其他治疗
有痰常不易咳出,症状
经常变换体位,其他治疗
雾化吸入沙丁胺醇,药物
氨溴索,药物
地奈德混悬液,药物
保持适当的湿度,其他治疗
大环内酯类抗菌药物,药物
硫酸特布他林,药物
反流物直接或间接引发,社会学
反流所致喉痉挛引起呼吸道梗阻,社会学
反流物刺激食管黏膜感受器反射性地引起支气管痉挛,社会学
苍白,症状
心动过缓,症状
床头抬高30°,其他治疗
前倾俯卧位,其他治疗
清醒状态下最佳体位为直立位和坐位,其他治疗
喉喘鸣,症状
阿司匹林,药物
ELISA,检查
LA,检查
enzyme linked immunosorbent assay,检查
透析治疗,其他治疗
从主干至肺内动脉的各段,部位
支架,其他治疗
肺动脉造影,检查
球囊导管予以扩张,其他治疗
胸骨左缘上部有一喷射性收缩期杂音，并向腋下及背面传导,症状
肺动脉瓣关闭音可增强,症状
连续性杂音,症状
二维超声,检查
allergic granulomatosis Churg-Strauss syndrome,疾病
Wegner granulosis,疾病
2 ~6个月的小婴儿,流行病学
bronchiolitis,疾病
上皮细胞坏死,症状
周围淋巴细胞浸润,症状
人类偏肺病毒,社会学
黏膜下充血,症状
毛细支气管管腔狭窄甚至堵塞,疾病
黏液分泌增多,症状
肺泡,部位
直径75 ~300μm的毛细支气管,部位
鼻病毒,社会学
肺泡壁,部位
2岁以下小儿，多数在6个月以内,流行病学
博卡病毒,社会学
"呼吸浅而快,60 ~ 80次/分,甚至100次/分",症状
下呼吸道梗阻症状,症状
异物吸入,疾病
肺部体征主要为呼气相哮鸣音，亦可闻及中细湿啰音，叩诊可呈过清音,症状
"不同程度的肺充气过度或斑片状浸润影,局部肺不张，也可以见到支气管周围炎及肺纹理增粗",检查
肺间质,部位
心源性喘息,疾病
联合应用M受体阻滞剂,药物
心率加快，可达150 - 200次/分,症状
"海平面、呼吸空气条件下，睡眠时血氧饱和度持续低于88%，或清醒时血氧饱和度低于90%者吸氧。可采用不同方式吸氧,如鼻前庭导管、面罩或氧帐等",其他治疗
纵隔占位,疾病
可雾化吸入β2受体激动剂,药物
抗菌药物,药物
口周和口唇发绀,症状
加强家长对疾病认识的宣教’提倡母乳喂养’避免被动吸烟，增强婴幼儿体质,其他
雾化吸人糖皮质激素（如布地奈德悬液等）,药物
先天性气管支气管畸形,疾病
严重发作者，可见面色苍白,症状
甲泼尼龙1 ~2mg/(kg • d),药物
保持呼吸道通畅，保证液体摄入量、纠正酸中毒，并及时发现和处理呼吸衰竭及其他生 命体征危象,其他治疗
SnMP,药物
呼吸过快,症状
基质丰富型,疾病
预后不良,预后
淋巴及血行,其他
胸片,检查
病理活检,检查
FISH,检查
血LDH可升高，并与肿瘤负荷成正比,症状
Ⅲ期,其他
组织病理学检查,检查
影像学所示肿块中常有钙化灶,症状
Ⅳ期,其他
5%～30%,预后
38%,预后
先化疗、再手术、再化疗或加放疗,其他治疗
Ⅰ、Ⅱ期，Ⅵs期预后明显优于Ⅲ、Ⅳ期。＜1岁者明显优于＞2岁者,预后
环境污染,社会学
中性粒细胞、巨噬细胞、T和B淋巴细胞等免疫细胞释放的抗体、细胞因子和炎症介质,社会学
CRP,检查
P-ANCA,检查
AZA,药物
广谱抗生素,药物
Haddad综合征,疾病
新生儿胎粪栓塞综合征,疾病
pneumocystis Carinii pneumonia,疾病
飞沫,流行病学
空气,流行病学
1～4个月虚弱婴儿及未成熟儿,流行病学
遇到虚弱乳幼儿、未成熟儿、先天性免疫缺陷及用免疫抑制剂治疗的白血病等免疫功能低下、尤其是T淋巴细胞功能缺陷的病儿,社会学
interstitial plasma cell pneumonia,疾病
呼吸加快和发绀,症状
呼吸加快,症状
约25%～50%患儿死亡,预后
肺部几乎听不到啰音,症状
死亡率可达100%,预后
外周血白细胞计数正常或稍高,症状
肺部亦多无啰音,症状
下肺野,部位
肺门周围,部位
PaO2显著降低,症状
PCR法检测,检查
斑片状阴影,症状
环六亚甲基四胺硝酸银染色,检查
aCO2不增高,症状
直径4～6μm的黑褐色圆形或椭圆形囊体,症状
融合小片影,症状
肺透亮度减低,症状
病变密度不均匀,症状
胸膜少受累,症状
肺门影不大,症状
支气管充气征,症状
重度呼吸困难,症状
肺部阴影自肺门向周围伸展,症状
气肿,疾病
喷他脒,药物
呼吸系统疾病,疾病
先天或后天性免疫缺陷或抑制的患儿,流行病学
静脉滴注,手术治疗
早产婴儿,流行病学
5岁以上,流行病学
SMZ,药物
chlamydia pneumoniae,疾病
TMP,药物
再感染,预后
儿童肺炎,疾病
合并感染,预后
年长儿肺炎,疾病
多由受染的母亲传染或眼部感染经鼻泪管传入呼吸道,社会学
一般不发热,症状
chlamydia trachomatis pneumonia,疾病
细支气管,部位
斑片状浸润,症状
肺部可有湿啰音,症状
肺间质性病变,症状
多可自愈,预后
微量免疫荧光试验,检查
新生儿出生后3～12周,流行病学
轻、中度嗜酸性粒细胞增多,症状
血象中白细胞总数正常,症状
血IgG、IgM和lgA可增高,症状
疗程约2周,其他
病原学检测,检查
DNA杂交技术,检查
无热性肺炎,疾病
静脉给药,手术治疗
轻度咳嗽,症状
肺吸虫寄生于人体,社会学
小儿患者,流行病学
paragonimiasis,疾病
少量咯血,症状
虫体在胸腔内移行的途径及病变部位不同而异,社会学
血痰,症状
浊音,症状
肺下叶,部位
痰液呈饴糖样、巧克力样或黏稠的铁锈色,症状
咳痰逐渐加剧,症状
脓性痰伴血丝,症状
闻及啰音,症状
痰液呈饴糖样、巧克力样或黏稠的铁锈色巧克力样或黏稠的铁锈色,症状
叩诊,检查
听诊,检查
嗜酸性粒细胞增高,症状
流免疫电泳,检查
琼脂扩散,检查
放射免疫电泳,检查
环状透亮影,症状
毛囊状影,症状
皮内试验,检查
补体结合试验,检查
多由吸入含衣原体的鸟类干燥排泄物或污染的尘埃等引起,社会学
结节状阴影,症状
吡喹酮,药物
chlamydia psittaci pneumonia,疾病
硫氯酚,药物
年长儿,流行病学
硝氯酚,药物
咳嗽剧烈,症状
非典型性肺炎,疾病
病原学检查,检查
四环素,药物
疗程延长至3周左右,其他
8岁以内小儿,流行病学
有肺浸润,症状
婴幼儿死亡,预后
由各种微生物引起,社会学
小儿,流行病学
明显减少,流行病学
80%左右,流行病学
小儿呼吸道感染,疾病
衣原体,疾病
2个月内的小婴儿,流行病学
军团菌,疾病
5岁以上患儿,流行病学
3～5岁儿童,流行病学
2个月至2岁患儿,流行病学
大叶性（节段性）肺炎,疾病
90%以上,流行病学
小叶性肺炎,疾病
由于气道和肺泡壁的充血、水肿和渗出，导致气道阻塞和呼吸膜增厚，甚至肺泡填塞或萎陷，引起低氧血症和（或）高碳酸血症，发生呼吸衰竭，并引起其他系统的广泛损害，如心力衰竭、脑水肿、中毒性脑病、中毒性肠麻痹、消化道出血、稀释性低钠血症、呼吸性酸中毒和代谢性酸中毒等,社会学
细菌,社会学
明显减少,预后
咳嗽增多,症状
不规则发热,症状
不发热或体温不升,症状
咳嗽可减少,症状
口吐白沫,症状
呼吸频率加快,症状
1～4岁,流行病学
2个月龄内,流行病学
2～12个月,流行病学
重者呈点头状呼吸,症状
鼻翼翕动,症状
肺部固定细湿啰音,症状
三凹征、呼气时间延长,症状
非特异性病原学检查,检查
病毒抗原或核酸检测,检查
特异性病原学检查,检查
肺穿刺培养,检查
分类计数,检查
外周血白细胞计数,检查
体温持续不退,症状
支原体抗原或DNA检测,检查
早期见肺纹理增粗,症状
呼吸困难突然加重,症状
小斑片状阴影,症状
伴有肺不张或肺气肿,症状
斑片状阴影亦可融合成大片，甚至波及整个节段,症状
双肺下野、中内带及心隔区居多,症状
心肌炎,疾病
各型皮疹,疾病
保持适当的室温（18～20℃）及湿度（60%左右）,其他治疗
哮喘伴感染,疾病
供给充足水分,其他治疗
宜给热量高,其他治疗
维生素A,其他治疗
不同病原体肺炎宜分室居住,其他治疗
经常翻身更换体位,其他治疗
保持室内空气新鲜,其他治疗
补充维生素D,其他治疗
富含维生素,其他治疗
临床症状基本消失后3天,预后
青霉素G,药物
万古霉素,药物
奥司他韦,药物
苯唑西林,药物
口服或静脉应用祛痰剂,其他治疗
易于复发及产生并发症,预后
雾化吸入药物,其他治疗
金刚烷胺,药物
保证足够液体量的摄入,其他治疗
头孢曲松等第三代头孢霉素类,药物
体位引流,其他治疗
更昔洛韦,药物
拍背,其他治疗
口围发绀,症状
胸部物理治疗,其他治疗
吸痰,其他治疗
面色苍灰,症状
补液,其他治疗
胸腺肽,药物
抽脓,其他治疗
改善通气,其他治疗
碳酸氢钠,药物
维生素C,药物
丙种球蛋白,药物
加强护理和体格锻炼,其他
母乳喂养,其他
空气消毒,其他
随气候变化适当增减衣服,其他
接种疫苗,其他
培养良好的饮食及卫生习惯,其他
尽可能避免接触呼吸道感染的患者,其他
从小锻炼体格,其他
药物性预防,其他
提高机体耐寒能力,其他
2岁以下儿童,流行病学
红霉素,其他
甲氧苄啶,其他
肺炎链球菌多糖疫苗,其他
SMZ,其他
胚胎3周时，原始前肠由其两侧壁向管腔内生嵴，至第5～6周融合成隔，此隔将前肠分为腹侧及背侧两部分，分别形成气管和食管。如分隔过程中受血管功能不全、感染、溃疡或某些物质缺乏及遗传因素影响而发生异常,社会学
流涎及吐沫,症状
肺出血肾炎综合征,疾病
常染色体隐性遗传,社会学
2岁后,流行病学
生后几个月内,流行病学
死于急性期呼吸肌麻痹,预后
nystatin,药物
制霉菌素,药物
amphotericin B,药物
雾化吸人,其他治疗
ketoconazole,药物
酮康唑,药物
fluconazole,药物
伏立康唑,药物
5-氟胞嘧啶,药物
5-氟胞嘧陡,药物
卡泊芬净,药物
两性霉素B脂质体,药物
泊沙康唑,药物
易发生喉痉挛，重者因黏膜高度充血、肿胀，致喉梗阻而引起窒息死亡,症状
性喉气管支气管炎、急性会厌炎、喉水肿、喉痉挛、喉白喉、咽喉部异物、咽后壁脓肿、先天性喉喘鸣,疾病
流感病毒、副流感病毒、腺病毒等及肺炎链球菌、溶血性链球菌及葡萄球菌等,社会学
初起时多有发热、流涕、咳嗽等症状，继而出现声音嘶哑及典型的犬吠样咳嗽，少数可有呛咳现象。病情发展迅速，一般白天症状较轻，夜间可突然憋醒、烦躁不安、出汗，伴吸气性呼吸困难、喉鸣、鼻翼翕动、三凹征、面色苍白、口周发绀。听诊两肺呼吸音降低，吸气时间延长。晚期呼吸渐渐无力而衰竭，发绀加重，意识模糊，并可有抽搐等。,症状
活动后才出现吸气性喉喘鸣和呼吸困难，而安静时如常人,症状
安静时也出现喉喘鸣和吸气性呼吸困难，但无明显缺氧症状,症状
除Ⅱ度喉梗阻的症状外，可出现缺氧早期的兴奋症状，如阵发性烦躁不安、发绀、出汗、恐惧等。胸部听诊呼吸音明显降低，甚至听不到。心音较低钝，心率增快,症状
抑制症状，渐呈衰竭，半昏睡或昏睡状态，由于无力呼吸，表现暂时安静，三凹征不明显，但面色发灰，肺呼吸音几乎完全消失，心音微弱。若未得到及时抢救，可发生死亡,症状
青霉素及头孢霉素,药物
口服泼尼松，肌内注射或静脉滴注地塞米松等激素,药物
雾化吸入肾上腺素、布地奈德等表面皮质激素,药物
放射治疗,其他治疗
4-ASA,药物
接触石棉、二氧化钍,社会学
adenovirus pneumonia,疾病
1岁以内儿童,流行病学
33%,流行病学
中毒症状重,症状
respiratory syncytial virus pneumonia,疾病
6个月至2岁儿童,流行病学
起病急骤,症状
合胞病毒（RSV)肺炎,疾病
肺部啰音出现较迟,症状
高热持续时间长,症状
反复喘息,症状
influenza pneumonia,疾病
bronchiolitis obliterans,疾病
小于2岁的婴幼儿,流行病学
冬春季,流行病学
肺部听诊多有中、细湿啰音,症状
外周血白细胞总数大多正常,症状
咳嗽频繁,症状
精神不振,症状
X线改变较肺部体征出现早,症状
啰音出现较晚,症状
面色苍白或发灰,症状
嗜睡与烦躁交替,症状
轻重不等的呼吸困难和发甜,症状
喘息明显,症状
呼吸音降低,症状
心率加速,症状
细小湿啰音或哮鸣音,症状
spimmycin,药物
acute respiratory distress syndrome,疾病
2. 7%,流行病学
1%,流行病学
80%～90%,流行病学
重症肺炎呼吸衰竭,疾病
感染性肺部损伤,社会学
急性创伤性肺损伤,社会学
50%～70%,流行病学
气促加重,症状
肺静态顺应性降低,症状
仅有肺纹理增多模糊,症状
动脉血PaO2 和PaCO2偏低,症状
吸气费力,症状
胸膜反应或有少量积液,症状
焦虑不安,症状
两肺广泛间质浸润,症状
机械通气支持,其他治疗
肺保护性通气策略,其他治疗
肺复张手法,其他治疗
发绀加重,症状
动脉血PaO2和PaCO2明显降低,症状
有效通气,其他治疗
特殊呼吸支持治疗,其他治疗
NIV,其他治疗
有创机械通气支持,其他治疗
PEEP,其他治疗
营养,其他治疗
俯卧位通气,其他治疗
吸入一氧化氮,其他治疗
补液与输血,其他治疗
利尿,其他治疗
liquid ventilation,其他治疗
LV,其他治疗
连续血液净化技术,其他治疗
肺顺应性降低,症状
HFOV,其他治疗
ALI,疾病
acute lung injury,疾病
有害气体或液体吸入,社会学
炎症细胞的迁移与聚集,社会学
心血管手术,社会学
通气-灌流失调,社会学
肺泡高通透性及液体转运障碍,社会学
肺血管阻力增加和肺动脉高压,社会学
肺泡损伤和肺表面活性物质功能低下,社会学
血管内皮损伤和血管张力调节功能障碍,社会学
CT扫描,检查
急性肺损伤期,其他
急性呼吸衰竭期,其他
严重生理异常期,其他
心源性肺水肿,疾病
肺部损伤导致肺外脏器损伤和功能障碍,社会学
VILI,疾病
VAP,疾病
pavulon,药物
pancuronium,药物
亚段支气管持续扩张,症状
呼吸窘迫综合征,症状
春、夏季（5～10月）,流行病学
多西环素,药物
支气管壁及支气管周围组织的炎症性破坏和管腔内渗出物积聚,症状
典型肺动脉瓣狭窄,疾病
PS,疾病
"右心室向肺动脉射血遇到瓣口狭窄的困阻,右心室的血流进人肺脏虽有困难，但全身所有静脉血仍必须完全进人肺循环,因此右心室必须提高收缩压方能向肺动脉泵血",社会学
发育不良型肺动脉瓣狭窄,疾病
pulmonary stenosis,疾病
X线检査,检查
球囊瓣膜成形术,手术治疗
狭窄解除手术,手术治疗
后天性,疾病
外科瓣膜切开术,手术治疗
哮喘,社会学
囊性纤维化,社会学
HIV感染,社会学
支气管淋巴结结核,社会学
异物吸入,社会学
感染,社会学
支气管肌肉及弹力纤维发育缺陷,社会学
囊状,疾病
混合型,疾病
圆柱状,疾病
雾化吸入疗法,其他治疗
轨道征,症状
下呼吸道感染,症状
印戒征,症状
黏液脓痰,症状
簇集蜂窝状分布,症状
肺脓疡,症状
接种流感疫苗,其他治疗
水泡音或哮鸣音,症状
中下肺大小不等的环状透光阴影,症状
囊状扩张,症状
肺段、肺叶不张影及周围炎性浸润影,症状
支气管呈柱状、梭状,症状
SLDH,检查
肺瘀血,症状
呼吸道,流行病学
呼吸,流行病学
麻疹病毒,社会学
继发细菌感染,社会学
病理活体组织,检查
GCS,药物
泼尼松和泼尼松龙,药物
美沙拉嗪,药物
手术病死率20%，癌变率3%～5%,预后
反复缓解与加剧交替,预后
BHS,疾病
屏气,疾病
呼吸运动受限制,症状
听诊呼吸音减弱,症状
pleurisy,疾病
纤维素性胸膜炎,疾病
脏层胸膜,部位
dry or plastic pleurisy,疾病
化脓性胸膜炎,疾病
胸部X线透视和胸片,检查
流行性胸痛,疾病
镇痛剂止痛,其他治疗
带状疱疹前驱期的胸痛,疾病
PAP,疾病
以肺内有富含脂质的糖原染色阳性蛋白物质沉积并影响气体交换为特点,社会学
肺活组织检查,检查
心肺疾病,疾病
血清抗GM-CSF抗体测定,检查
部分患儿与表面活性蛋白B（SP-B）遗传性缺乏有关。此外，粒细胞-巨噬细胞集落刺激因子（GM-CSF）可能与本病的发生有关。动物实验表明，GM-CSF及其受体缺陷鼠由于无法清除表面活性蛋白而发生PAP，应用GM-CSF则可缓解症状；人类研究中亦发现，一些PAP婴儿存在GM-CSF受体β亚单位表达缺陷。,社会学
肺移植,手术治疗
反复肺灌洗,其他治疗
重组GM-CSF,其他治疗
骨髓移植,手术治疗
高山缺氧综合征,疾病
阵发性呼吸困难,症状
"由于在肺动脉漏斗部狭窄的
基础上突然发生该处肌部痉挛，引起一时性肺动脉梗阻，使脑缺氧加重",社会学
改良Blalock-Taussig手术,手术治疗
肺部X线检查改变较肺部啰音出现早,症状
呼吸深长呈叹息状,症状
胸膜,部位
体腔浆膜,部位
上皮型,疾病
上皮和纤维混合型,疾病
化疗,其他治疗
malignantmesothelioma,疾病
肺、脑,部位
纤维型,疾病
放疗,其他治疗
肿块,症状
患儿多在诊断后8～14个月内死亡,预后
血行转移,其他
抗组胺药物,药物
新生儿,社会学
早产儿,社会学
fungal pneumonia,疾病
久病虚弱,社会学
营养不良,社会学
长期使用广谱抗生素等,社会学
代谢性疾病及肾衰竭,社会学
持续高热不退,症状
先天性免疫功能缺陷,社会学
抗真菌药物,药物
影响免疫功能的单核-吞噬细胞系统疾患及血液病,社会学
明显烦躁不安,症状
咳痰无色透明、黏稠,症状
长期使用肾上腺皮质激素及其他免疫抑制剂,社会学
病程迁延不愈，抗生素治疗无效，且病情日益加重,症状
停止使用抗生素及肾上腺皮质激素,其他治疗
白色念珠菌,社会学
隐球菌,社会学
曲菌,社会学
芽生霉菌,社会学
类肉瘤病,疾病
NSAIDs,药物
右心室腔内,部位
肺动脉主干,部位
右心室流出道,部位
肺动脉的左右肺内肺外分支,部位
2. 1%,流行病学
右室流出道梗阻性病变,疾病
右心室向肺动脉射血遇到瓣口狭窄的困阻，右心室必须提高收缩压方能向肺动脉泵血，其收缩压提高的程度与狭窄的严重性成比例。因室间隔无缺损，所以严重狭窄时右心室的压力高度可以超过左心室。右心室的血流进肺虽有困难，但无室缺的旁路可走，所以全身所有静脉血仍必须完全进肺。但如狭窄严重，右心室壁极度增厚使心肌供血不足，可导致右心衰竭。,社会学
右心室向心性的肥厚,疾病
在胎内，肺动脉瓣狭窄使右心室的心肌肥厚，右心室输出量仍可维持正常，对胎儿循环无多大影响；如狭窄很重，右心室输出量大减，腔静脉血回右房后大多通过卵圆孔或房间隔缺损流入左心房、左心室，而右心室则偏小。临床上有一少见的肺动脉狭窄类型为右心室先天发育不良，三尖瓣也偏小，往往伴有大房间隔缺损，于是产生大量右向左分流，左心室偏大，青紫明显,社会学
颈静脉有明显的搏动（a波）,症状
严重病例瓣口直径可仅1～2mm。中度狭窄者于瓣叶联合有部分粘连，瓣叶的中心部仍能启闭自如。偶有病例瓣叶并无粘连，只因瓣叶特厚，启闭不灵活，瓣环可能亦偏小，致使右心室泵出受阻，称肺动脉瓣发育不良，往往有家族性,社会学
洪亮的喷射性收缩杂音,症状
地方性寄生虫病,疾病
体温呈弛张型,症状
欧洲,流行病学
亚洲,流行病学
并殖吸虫寄生于人体,社会学
安徽,流行病学
江苏,流行病学
非洲,流行病学
黑龙江,流行病学
福建,流行病学
北美洲,流行病学
拉丁美洲,流行病学
上腹痛明显,症状
台湾,流行病学
脓肿可穿破至胸腔,症状
胸X线片,检查
不痛,症状
稍有痒感,症状
不热,症状
肺吸虫抗原皮内试验,检查
活体组织检查,检查
痰液和粪便查虫卵,检查
肺部断层摄影,检查
肝脾肿大,症状
脑脊液补体结合试验,检查
对患者进行调查，积极治疗和管理,其他
广泛卫生宣教，使广大群众养成不吃生蟹或蝲蛄类，吃时必须锅蒸30分钟以上,其他
摘除囊肿或结节,手术治疗
应加强营养、休息和对症治疗,其他治疗
六氯对二甲苯,药物
蛔虫性嗜酸性粒细胞肺炎,疾病
蛔蚴性肺炎,疾病
痰中找到蛔虫幼虫,症状
吐虫史或排虫史,社会学
脱敏药物,药物
enzyme linked immunsorbent assay,检查
Mustard手术,手术治疗
肺弥散功能降低,症状
呼吸节律改变,症状
曲霉属丝状真菌,社会学
黏膜,部位
过敏体质者吸入曲霉孢子可触发IgE介导的变态反应而引起支气管痉挛,社会学
pulmonary	aspergillosis,疾病
致病曲霉,社会学
反复咳嗽,症状
咳绿色脓痰,症状
aspergillus bronchopneumonia,疾病
闻及粗湿啰音,症状
咳黏液脓痰,症状
反复咯血,症状
弥漫性斑片状模糊阴影,症状
肺部X线检査,检查
aspergilloma fumgusball,疾病
急性单核细胞性白血病,社会学
骨髓增生异常综合征伴粒细胞缺乏,社会学
移植物抗宿主疾病,社会学
圆形曲霉球悬在空洞内，形成一个新月体透亮区,症状
全身中毒症状,症状
invasive pulmonary aspergillosis,疾病
化脓,疾病
disseminated aspergillosis,疾病
allergic	aspergillosis,疾病
病原体检査,检查
病理组织检査,检查
过敏体质者吸人大量含有曲霉孢子的尘埃,社会学
GM实验,检查
blalock shunt,手术治疗
60%的病例复发,预后
胸部X线平片,检查
卡氏肺囊虫肺炎,疾病
获得性感染,疾病
症状性感染,疾病
亚临床型感染,疾病
间质性肺炎表现,症状
巨细胞病毒,社会学
40%～80%,流行病学
开发疫苗,其他
膦甲酸,药物
西多福韦,药物
巨细胞包涵体病,疾病
95%,流行病学
100%,流行病学
缬更昔洛韦,药物
间质细胞浸润,症状
肺泡和支气管上皮也可见巨细胞,症状
血管周围炎性浸润,症状
圆形细胞浸润,症状
单核细胞浸润,症状
血清特异抗体检测,检查
血清抗CMV IgM,检查
血清抗CMV IgG,检查
血,检查
聚合酶链反应法,检查
风疹肺炎,疾病
碳酸酐酶抑制剂,药物
无后遗症发生,预后
乙酰唑胺,药物
由于胚胎早期（胎龄35天前）受到损害，影响终末细支气管结构的发育所致,社会学
cystic adenomatoid malformation,疾病
反复呼吸道感染,症状
死亡,预后
肺呼吸音减弱,症状
由于支气管软骨减少或缺乏、支气管腔内炎症渗出物淤滞、支气管外异常血管、肿瘤或支气管囊肿压迫等导致支气管树的部分阻塞，使病肺吸气后不能将气体排出所致,社会学
伴纵隔向健侧移位,症状
左上叶,部位
切除受累肺叶或段,手术治疗
右中叶,部位
右上叶,部位
胸部不对称,症状
congenital lobar emphysema,疾病
呼吸系统感染,疾病
局限性气胸,疾病
叩诊呈高度鼓音,症状
可有哮鸣音,症状
病侧膨隆,症状
效果良好,预后
积极防治呼吸道感染,其他治疗
恢复较快,预后
肺活量不足,症状
肺部叩诊浊音,症状
先天性横膈疝,疾病
气管和心脏向患侧移位,症状
由胚胎期肺组织发生和发育障碍而引起。肺未发育是指气管隆突以下肺实质、支持结构和气道均完全缺如,社会学
支气管镜及支气管造影,检查
无法存活,预后
agenesis or hypoplasia of the lung,疾病
给氧和机械通气,其他治疗
幼虫移行,社会学
羟氨苄西林+β内酰胺酶抑制剂克拉维酸,药物
先天性肺炎,疾病
孕母细菌,社会学
infectious pneumonia,疾病
肺炎克雷伯菌,社会学
风疹病毒,社会学
大肠埃希菌,社会学
克雷伯菌,社会学
间质病变,症状
密度不均,症状
孕母有绒毛膜炎,社会学
胎儿分娩时吸入被病原体污染的羊水或母亲宫颈分泌物,社会学
两肺膨胀过度,症状
阿昔洛韦,药物
X线改变,症状
消毒不严,社会学
血清特异性抗体检查,检查
反应差,症状
吐沫,症状
肺炎链球菌,社会学
两肺弥漫性模糊影,症状
雾化吸入,其他治疗
及时吸净口鼻腔分泌物,其他治疗
定期翻身,其他治疗
体温不稳定,症状
呼吸道途径,社会学
双肺细湿啰音,症状
血行感染,社会学
5% ~20%,流行病学
持续肺动脉高压,症状
医源途径,社会学
维持正常血气,其他治疗
呼吸音可为粗糙、减低,症状
闻及湿啰音,症状
给氧,其他治疗
营养供给,其他治疗
保证充足能量,其他治疗
3 ~5天,流行病学
5~ 10天,流行病学
3〜12周,流行病学
起病多急骤,症状
小儿时期,流行病学
急性血行播散性肺结核,疾病
胸部影像学检查,检查
肺部可闻及细湿啰音,症状
肝脾大及结核菌素,检查
脑膜炎,疾病
结核接触史,社会学
肺部CT扫描,检查
支持疗法,其他治疗
感染 结核分枝杆菌后,社会学
朗格汉斯组织细胞增生症,疾病
结核性脑膜炎,疾病
特发性肺间质疾病,疾病
伤寒,疾病
抗结核药物,药物
肝脾以及浅表淋巴结肿大,症状
气管压迫,症状
scleroderma,疾病
头孢噻肟,药物
下叶多受累,症状
大叶性或节段性病灶,症状
胸膜受累,症状
氨苄西林,药物
头孢曲松,药物
hemophilus influenzae pneumonia,疾病
外周血白细胞计数常中度升高,症状
5岁以下婴儿和年幼儿童,流行病学
新生儿和婴儿,流行病学
staphylococcal pneumonia,疾病
表皮葡萄球菌,社会学
痰或胸水涂片,检查
多发性小脓疡,疾病
外周血白细胞计数常明显升高,症状
金黄色葡萄球,社会学
青霉素酶窄谱青霉素类,药物
磷壁酸抗体,检查
昏迷患者,流行病学
咳恶臭痰,症状
头孢霉素类,药物
anaerobic pneumonia,疾病
外周血白细胞计数,症状
气管吸出物厌氧菌培养,检查
支持治疗,其他治疗
中性粒细胞比例的升高,症状
甲硝唑,药物
幼小婴儿,流行病学
开放引流,其他治疗
痰常呈血性或带血丝,症状
salmonella pneumonia,疾病
鼠伤寒,社会学
摄片,检查
其他非伤寒沙门菌,社会学
第三代头孢霉素,药物
lung abscess,疾病
SMZ-TMP,药物
肺化脓症,疾病
阵咳,症状
咳出大量脓痰,症状
外周血白细胞计数和中性粒细胞升高,症状
哌拉西林钠,药物
铜绿假单胞菌,社会学
广谱抗生素的大量应用或联合应用,社会学
医源性因素如气管插管、血管插管、人工呼吸机等的应用,社会学
新生儿和小婴儿,流行病学
亚胺培南,药物
革兰阴性杆菌,社会学
先天性或获得性免疫功能缺陷,社会学
复合β-内酰胺类,药物
血白细胞计数,检查
碳青霉烯类抗生素,药物
肺炎不能解释的迁延发热,症状
难治性呼吸道感染,疾病
肺节段,部位
兼治原型和L型菌的抗生素,药物
肺大叶,部位
头孢霉素类加大环内酯类,药物
原发病已愈，找不到继续发热的原因,症状
上呼吸道感染症状,症状
pneumococcal pneumonia,疾病
小气道周围,部位
鼻扇、锁骨上、肋间隙及肋弓下凹陷,症状
突然发热,症状
伴气急,症状
可闻啰音,症状
外周血白细胞计数常增高,症状
湿啰音增多,症状
A组链球菌,社会学
颈强直,症状
急性阑尾炎,疾病
B组链球菌,社会学
streptococcal pneumonia,疾病
3～5岁的儿童,流行病学
百日咳杆菌,社会学
pertussis pneumonia,疾病
呼吸增快与体温不成比例,症状
皮下气肿,疾病
中老年人,流行病学
伴核左移,症状
呼吸道症状,症状
阿奇霉素,药物
罗红霉素,药物
legionaires disease,疾病
利福平,药物
喹诺酮类,药物
氨基糖苷类,药物
免疫酶法,检查
由于纤毛轴丝臂缺乏，引起纤毛活动能力丧失，黏液纤毛运输功能障碍，引起分泌物和细菌的潴留，导致持续感染,社会学
遗传,社会学
易患感冒,症状
婴儿期,流行病学
原发性纤毛动力障碍,社会学
肺炎,症状
15岁前,流行病学
抗生素治疗,药物
鼻音,症状
杵状指趾,症状
支气管黏膜活检组织,检查
支气管扩张和变形,症状
断层X线片,检查
纤毛超微结构缺陷,症状
纤毛功能异常,症状
支气管呈柱状或囊状扩张,症状
AAD,疾病
数日内痊愈,预后
呼吸深大,症状
细菌血清型和毒性检测,检查
Cla,药物
不均匀气道阻塞,社会学
呼吸道机械性阻塞及肺组织化学性炎症,社会学
胎儿在宫内或产时吸入混有胎粪的羊水,社会学
出生窒息史,社会学
宫内窘迫史,社会学
实验室检査动脉血气分析,检查
多器官功能障碍,疾病
pH值下降,症状
PaC02增高,症状
两肺透过度增强伴有节段性,症状
呼吸窘迫,疾病
"血
钙",检查
血糖,检查
HIE,疾病
相应血生化检查,检查
"小叶性
肺不张",症状
"如无活力，建议气管插管,将胎粪吸出",其他
Pa02降低,症状
对症治疗,其他治疗
"对羊水混有胎粪，在胎儿肩和胸部尚未娩出前,清理鼻腔和口咽部胎粪，目前不被推荐",其他
维持正常循环,其他
限制液体入量,其他
低体温,症状
超声检査,检查
促进气管内胎粪排出,其他治疗
镇静剂及肌松剂,其他
"气管插管时声门处或气管内吸引物可
见胎粪",症状
口、鼻腔吸引物中含有胎粪,症状
多巴胺,药物
多巴酚丁胺,药物
低血压,症状
心力衰竭,症状
"患儿皮肤、脐带和指、
趾甲床留有胎粪污染的痕迹",症状
呼气性呻吟,症状
分娩时可见羊水混胎粪,症状
鼾音,症状
"中、细湿
啰音",症状
哺乳或躁动时青紫,症状
哭闹,症状
"呼吸深长,带有酮味",症状
免疫缺陷儿,流行病学
支气管壁,部位
肝脏迅速增大,症状
bnHichopneumonia,疾病
肺部固定中细湿啰音,症状
炎症细胞浸润,症状
肺组织充血,症状
室内居住拥挤,社会学
细菌和病毒感染,社会学
肺实质,部位
支原体,社会学
间质,部位
empyema,疾病
pneumatocele,疾病
bronchiectasis,疾病
呼吸困难加剧,症状
叩诊呈浊音,症状
语颤减弱,症状
呼吸运动受限,症状
克雷伯杆菌,社会学
面色发绀,症状
Gram-negative bacillary pneumonia,疾病
胸膜腔,部位
不适,症状
咳恶臭味脓痰,症状
X线片,检查
"咳嗽,常伴有咯血",症状
白细胞显著升高,症状
肺底闻及湿啰音,症状
胸部影像学有肺炎的改变,症状
肺部CT,检查
X 线片可见圆形阴影,症状
杵状指（趾）的出现早晚不一,症状
合并肺炎,疾病
肺纹理增多、排列紊乱,症状
外周血检査,检查
肺部有结核病灶,症状
白细胞检查,检查
病毒特异性基因检测,检查
病毒抗体检测,检查
PCT,检查
荧光多重PCR检测,检查
血清学检测,检查
细菌培养和涂片,检查
血管活性药物,药物
肺炎链球菌疫苗,其他
减少被动吸烟,其他
强心药,药物
扩血管药物,药物
应用血管活性药物,其他治疗
糖皮质激素的使用,药物
疫苗预防接种,其他
流感病毒疫苗,其他
B型流感嗜血杆菌结合疫苗,其他
增强体质,其他
头孢哌酮,药物
室内通风,其他
抗菌药物治疗,药物
"注意手卫生避
免交叉感染",其他
头孢他啶,药物
替卡西林/克拉维酸,药物
积极防治营养不良、贫血及佝偻病,其他
美罗培南,药物
气道管理,其他治疗
阿莫西林/克拉维酸,药物
明显发绀,症状
奔马律,症状
颈静脉怒张,症状
RSV,社会学
干湿啰音,症状
突然极度烦躁不安,症状
双下肢水肿,症状
立位X线检查,检查
苯唑西林钠,药物
肺纹理 增多,症状
氨苄西林/舒巴坦,药物
氯唑西林,药物
死亡率为50%～75%,预后
术后局部复发多见,预后
早产,流行病学
重度营养不良,流行病学
平卧喂奶或小儿哭叫时强迫服药易造成吸入,社会学
有腭裂的婴儿,流行病学
用麻醉剂、中枢神经系统疾病等导致咽部反射或咳嗽反射失灵的患儿,流行病学
aspiration pneumonia,疾病
由于意外而引起，如工业事故、溺水等,社会学
弱小婴儿,流行病学
痰中找到含油滴的巨噬细胞,症状
肺部可闻湿啰音、痰鸣音,症状
鱼肝油、石蜡油、油性滴鼻剂等油脂性物质吸入,社会学
体位引流及气管吸引,其他治疗
纤维支气管镜下吸引,其他治疗
lipoid pneumonia,疾病
半昏迷时更应避免，并禁止油剂滴鼻,其他
肺实变体征,症状
阵发性呼吸暂停,症状
轻度呼吸困难,症状
外周血白细胞数增高,症状
婴幼儿慎用油类口服药物，尤其勿强制灌药,其他
肺纤维变性,疾病
慢性间质性肺炎,疾病
婴幼儿使用爽身粉、痱子粉时误吸所致,社会学
急性大量吸入者可采用支气管镜下冲洗，立即在高湿度下吸氧,其他治疗
痰,症状
1～2天内死亡,预后
两肺听诊,检查
立即清理呼吸道，给氧,其他治疗
口腔寄生菌（尤其是厌氧菌）感染,疾病
气管内吸引和机械通气,其他治疗
革兰阴性菌感染,疾病
短暂的无症状期,症状
呼吸道黏膜,部位
Q fever,疾病
第三代头孢菌素,药物
间质性肺炎,症状
肺部病变,症状
节段性和大叶性模糊阴影，多在肺下叶,症状
可听到细小水泡音,症状
X线肺部检查,检查
肺门及支气管周围纹理增厚及有浸润影，似支原体肺炎,症状
在胚胎发育期，左侧第Ⅵ腮弓近端退化或发育不良，导致其与左肺连接中断，致使在右肺动脉橫部与左肺动脉间形成“侧支血管”，该血管跨越右主支气管转向左侧，在气管与食管之间进入左侧肺门，形成包绕右主支气管与气管下段的悬带，产生压迫症状,社会学
血管压迫后压迫处或压迫处远端气管、支气管发育不良或狭窄,社会学
急性呼吸道梗阻,症状
呼吸道感染,症状
右侧肺部呼吸音减弱,症状
肺膨胀不全,症状
高,流行病学
更差,预后
支气管镜,检查
切口进胸,手术治疗
持续气管插管加压,其他治疗
overlapping syndrome,疾病
对端吻合术,手术治疗
吸除气道分泌物,其他治疗
保证呼吸道通畅,其他治疗
高湿度氧,其他治疗
涂片镜检,检查
克霉唑,药物
candidiasis,疾病
副热带念珠菌,社会学
热带念珠菌,社会学
光滑念珠菌,社会学
伪热带念珠菌,社会学
克柔念珠菌,社会学
葡萄牙念珠菌,社会学
近平滑念珠菌,社会学
机体对念珠菌的防御功能包括上皮屏障、与补体有关的炎症因子、吞噬细胞的作用和细胞免疫反应。,社会学
另外抗生素可增加白色念珠菌的毒性，肾上腺皮质激素虽不直接促使白色念珠菌生长，但可通过增加机体对念珠菌的敏感性而致病。,社会学
当机体的自然屏障、正常菌群的拮抗作用和宿主免疫功能等防御功能降低时，则诱发本病。,社会学
脱屑性损害,症状
剧烈的咳嗽,症状
肺部中小湿啰音及叩浊音,症状
痰为无色胶冻样，偶带血丝,症状
直接涂片镜检,检查
加强护理及营养,其他治疗
补充维生素类，主要是B族维生素,其他治疗
提高抵抗力,其他治疗
G试验,检查
慢性肺部疾病,社会学
避免滥用抗生素和激素等,其他治疗
提高对本病的认识,其他治疗
respiratory candidiasis,疾病
syndrome of disseminated candidiasis,疾病
白色假丝酵母菌,社会学
小湿啰音,症状
带血丝,症状
病理诊断,检查
免疫抑制剂,社会学
acid-base disorders,疾病
mixed disorders,疾病
肺泡通气过度,社会学
respiratory alkalosis,疾病
呼吸中枢过度刺激,疾病
pneumonia,疾病
PaCO2降低,症状
pH增加,症状
肢体感觉异常,症状
神经肌肉兴奋性增加,症状
尿液常呈酸性,症状
血浓度降低,症状
出血坏死型,疾病
胸骨后不适或胸前疼痛,症状
血白细胞数可升高,症状
咳嗽有痰,症状
化痰治疗,其他治疗
特异体质患儿,流行病学
胸部听诊,检查
不固定干啰音及大、中水泡音,症状
两肺纹理增粗,症状
bronchial asthma,疾病
病灶穿刺活检术,检查
病灶活检,检查
病灶内局部注射糖皮质激素,其他治疗
免疫抑制剂,药物
长春花碱(VBL)+泼尼松6周诱导方案,其他治疗
花生凝集素结合试验,检查
α-D甘露糖酶试验,检查
男,流行病学
鞣酸加压素,药物
α-干扰素,药物
环孢素,药物
心上型,疾病
心内型,疾病
随着生后肺血管阻力逐渐下降，动静脉混合血液进入肺循环的流量相应增加，其血流动力学与大型房间隔缺损类似。右心室容量负荷过大，引起右室扩大、心肌肥厚，肺动脉压力明显升高,社会学
静脉总干梗阻部位和肺小静脉中膜肥厚、内膜增生，肺部淋巴液增多，淋巴管扩张，引起肺动脉反射性收缩，中膜肥厚，肺水肿。肺动脉收缩又可引起继发性肺动脉高压，右心室压力增高，最终导致右心衰竭,社会学
肺静脉开口异常,症状
本病体循环静脉的低氧血液和肺静脉含氧量多的动脉血在右心房汇合，其混合血液量的多少与心房间交通的大小有关。若房缺很小，血液流入左心房受限，引起体循环灌注量不足，同时右心房压力增高，体静脉及肺静脉回流受阻；若房缺够大，两心房间血流通畅，自右心房分别向右心室或左心房的血流量则取决于心房、心室的顺应性和体肺循环的阻力。,社会学
反复肺部感染,症状
喂养困难,症状
体重不增,症状
卵圆孔未闭,症状
瘦小,症状
青紫及呼吸困难加重,症状
心导管造影检查,检查
肺间质弥漫性斑点网状阴影,症状
心影呈典型的8字形或雪人样,症状
出生后数周内夭折,预后
一年内死亡,预后
差,预后
良好,预后
nocardiosis,疾病
抗中性粒细胞胞浆抗体阳性,症状
C-ANCA,检查
巯甲丙脯酸,药物
methylprednisolone,药物
azathioprine,药物
心得安,药物
血浆置换,手术治疗
PCR技术,检查
系胚胎期肺芽发育障碍所致。病变肺组织可出现单个或多个囊肿，累及一个或多个肺叶,社会学
多囊肺,疾病
congenital pulmonary cysts,疾病
呼吸音减低或消失,症状
肺部叩诊鼓音或实音,症状
胸腔减压,其他治疗
胎儿胸腔穿刺,其他治疗
肺和肝,部位
血管内乳头状内皮增生症,疾病
胎粪吸入致使呼吸道阻塞,社会学
心脏停搏,症状
动脉血气,检查
清理呼吸道,其他治疗
建立呼吸,其他治疗
血尿素氮,检查
纳洛酮,药物
肺发育不全,疾病
肺泡内形成以钙为主成分、广泛存在的播散性小结石为特征,社会学
pulmonary alveolar microlithiasis,疾病
高分辨CT,检查
支气管肺泡灌洗,检查
3～6月龄,流行病学
加强VA,药物
Amo,药物
滤过膜静电屏障损伤,症状
结核分枝杆菌感染,疾病
不明原因的咳嗽、咯血,症状
呼吸困难而无肺部阳性体征,症状
溶栓治疗,药物
尿激酶,药物
预后较好,预后
假丝酵母菌属,社会学
白念珠菌属,社会学
脏器,部位
克柔假丝酵母菌,社会学
某些重症肺炎后,社会学
光滑假丝酵母菌,社会学
激素和其它免疫抑制剂,社会学
机械通气,社会学
侵入性操作,社会学
"咳出无色胶冻样痰,有时带血丝",症状
syndrome of disseminated candidiasis and candidemia,疾病
中小湿啰音,症状
肉芽肿改变,症状
标本真菌培养,检查
Candida pneumonia,疾病
病灶组织或假膜、渗液等标本显微镜检查,检查
免疫缺陷患者,流行病学
不及时治疗死亡率高达100%,预后
3 ～ 6个月的体弱婴儿,流行病学
1 ～ 6个月小婴儿,流行病学
早期治疗可明显降低病死率,预后
发热不显著,症状
1～2周内呼吸困难逐渐加重,症状
吃奶不好,症状
啰音不多,症状
呼吸加速,症状
在肺泡腔内可见两种形式的卡氏肺孢子虫：直径5～8nm的囊体，包含了8个多形性的囊内子孢子；另一种形式是囊外滋养体，为出囊后的子孢子。肺孢子虫病@卡氏肺孢子虫通过纤维粘连蛋白等附在Ⅰ型肺泡细胞上。肺孢子虫病@肺泡巨噬细胞吞噬并杀死卡氏肺孢子虫，释放肿瘤坏死因子。肺孢子虫病@卡氏肺孢子虫肺炎有两种组织病理类型：一种为婴儿间质性浆细胞肺炎，可见于3～6个月的体弱婴儿，有时呈暴发流行；可见肺泡间隔广泛的增厚，以浆细胞浸润为主。肺孢子虫病@另一种类型多见于免疫损伤的儿童，为弥漫性脱屑性肺泡炎肺泡内含有大量的卡氏肺孢子虫，肺泡巨噬细胞呈泡沫样改变，肺泡间隔浸润不同于婴儿型，通常没有浆细胞浸润。,社会学
三凹,症状
肺部体征少与呼吸窘迫症状的严重不成比例,症状
嗜酸性粒细胞轻度增高,症状
肺CT,检查
白细胞计数正常或稍高,症状
淋巴细胞减少,症状
经纤维支气管镜肺活检,检查
支气管肺泡灌洗液,检查
经皮肺穿刺,检查
开胸肺活检,检查
ELISA法检测,检查
LIP,疾病
甲氧苄啶,药物
呼吸道隔离,其他治疗
病死率10%～50%,预后
条件致病真菌,社会学
血液、脑脊液或支气管肺泡灌洗液乳胶凝集法检测隐球菌荚膜多糖抗原,检查
当机体缺乏对致病真菌的特异性免疫时，致病真菌可使正常健康人感染发病。真菌感染性疾病@在机体抗感染能力低下时，条件致病真菌可进入人正常的无菌部位或不常寄生的组织器官，其种类最多，感染率最高，危害性最大。,社会学
深部真菌病,疾病
培养检查,检查
特殊染色检查,检查
生化试验,检查
免疫学检查,检查
IPFIs,疾病
除致病真菌外，宿主的易感性也与感染密切相关。真菌感染性疾病@机体缺乏抵抗力，如婴儿，由于体内产生抗体的器官尚未发育完善，抗体缺乏，全身抵抗力低下；伴有影响机体抵抗力的各种疾病，如白血病、恶性肿瘤、结核、糖尿病、严重烧伤、营养不良、肝脏疾病及维生素缺乏等某些疾病后机体抵抗力受损或低下；特别是中性粒细胞减少的患者最容易并发念珠菌感染等真菌感染，此类患者使用抗生素后仍有发热，并有肌痛、关节痛、内眼炎，或有心动过速、呼吸困难或皮肤有红斑丘疹结节，高度提示有系统性或播散性念珠菌病的可能。真菌感染性疾病@另外，机体某些特殊部位，如眼的前房和后房、脑膜、关节、心内膜和尿道，对微生物侵袭的抵抗力很低，尤易受条件致病真菌的感染。,社会学
密切接触鸽类,社会学
invasive pulmonary fungal infections,疾病
接触有真菌存在的环境,社会学
好转后再次出现发热、咳嗽和肺部体征,症状
发热、咳嗽和肺部体征经抗菌药物治疗无好转,症状
咪康唑,药物
棘白菌素类　卡泊芬净,药物
serofibrinous pleurisy,疾病
serosanguineous pleurisy,疾病
肋间隙饱满,症状
大多与肺部非化脓性细菌感染，如结核、病毒性肺炎（如腺病毒肺炎）、真菌性肺炎及支原体肺炎有关，亦可发生于腹部或纵隔炎症过程中，少数与肿瘤、结缔组织疾病等有关,社会学
呼吸运动减弱,症状
叩诊有浊音或实音,症状
触诊语音震颤降低,症状
听诊呼吸音减低或消失,症状
胸腔,部位
纵隔及心脏向对侧移位,症状
穿刺排液,其他治疗
吸入糖皮质激素,药物
肾上腺皮质激素,其他治疗
肥大细胞膜稳定剂,药物
白三烯受体拮抗剂,药物
氨茶碱控释片,药物
加强营养，给予富有维生素及蛋白质的饮食,其他治疗
长效或控释β2受体激动剂,药物
中度持续,其他
轻度持续,其他
间歇,其他
重度持续,其他
长效或缓释支气管扩张剂,药物
班布特罗,药物
BUD,药物
丙卡特罗,药物
舒弗美,药物
支气管扩张剂,药物
优喘平,药物
montelukast sodium,药物
尼多酸钠,药物
fluticasone propionate,药物
酮替酚,药物
色甘酸钠,药物
beclomethasonide,药物
吸入过敏物质,社会学
Etinoline,药物
吸入刺激性气体,社会学
剧烈运动,社会学
持续低浓度变应原吸入,社会学
短时间吸入高浓度变应原,社会学
非特异性刺激物,社会学
油漆散发的气体,其他
油漆、煤烟、冷空气吸入,社会学
咳嗽,疾病
喘息,疾病
气道黏膜充血、水肿,症状
上皮细胞脱落、崩解,症状
过度充气,症状
支气管腔内可见黏液或黏液栓,症状
黏膜杯状细胞增多,症状
黏液腺增生,症状
基底膜变厚,症状
炎性细胞（嗜酸性粒细胞、肥大细胞、T淋巴细胞、中性粒细胞等）、气道结构细胞（气道平滑肌细胞和上皮细胞等）明显增多,症状
支气管壁增厚,症状
支气管平滑肌肥厚,症状
迟发性喘息/哮喘,疾病
中央气道,部位
咳嗽变异性哮喘支气管哮喘,疾病
0. 5%～2%,流行病学
宫内发育异常或感染导致肺发育延迟,社会学
环境因素,社会学
长期管理,其他治疗
病毒感染导致的一过性气道反应性增高,社会学
反复发作的、可逆的喘息,症状
父母吸烟者,流行病学
避免和控制哮喘的触发因素,其他治疗
建立长期管理计划,其他治疗
提供定期的随访,其他治疗
建立哮喘发作时的计划,其他治疗
尽可能应用肺功能评估和监测哮喘的症状的严重程度,其他治疗
喷射雾化方案,其他治疗
支气管扩张药,药物
常用治疗方案长期管理,其他
控制感染,其他治疗
观察和监护,其他治疗
明显喘憋,症状
短期内吸入大量的过敏物质或强烈理化气体（如油漆）,社会学
抗胆碱能药物,药物
保持呼吸道湿润,其他治疗
β 2受体兴奋剂,药物
沙丁胺醇,药物
β2受体兴奋剂,药物
硫酸镁,药物
≥5分，为呼吸功能不全；≥7分，伴PaCO2＞8. 7kPa,症状
Budesonide,药物
特异性变应原诊断试验,检查
普米克令舒,药物
变应原特异性免疫治疗,其他治疗
变应原特异性免疫,其他治疗
变应原支气管激发试验,检查
皮肤试验,检查
螨特异性免疫治疗,其他治疗
血清变应原特异性IgE测定,检查
天然变应性原制剂疗法,其他治疗
猫皮屑,社会学
花粉,社会学
屋尘螨,社会学
AURI,疾病
鼻咽,部位
冠状病毒,社会学
各种病毒和细菌,社会学
溶血性链球 菌,社会学
咽部充血,症状
淋巴细胞计数相对增高,症状
外周血白细胞可增高,症状
早期急性上呼吸道感染,症状
体温可达39 -40°C,症状
磷酸奥司他韦,药物
居室通风,其他治疗
青霉素类,药物
避免被动吸烟,其他
避免去人多拥挤、通风不畅的公共场所,其他
变态反应型,疾病
曲霉菌寄生在支气管扩张的空腔内和肺结核的空洞内。,社会学
机体抵抗力正常，吸入大量的病原体，使机体感染，引起急性肺炎表现。曲霉菌病@此型病情凶险，不及时治疗常可死亡。,社会学
继发性侵袭型,疾病
因吸入大量曲霉孢子而引起过敏反应。,社会学
原发性侵袭型,疾病
曲霉菌球,疾病
机体患有严重疾病或长期应用大量抗生素、免疫抑制剂，此型较为常见。,社会学
肺组织坏死,疾病
侵袭性肺部曲霉菌病,疾病
咯出咖啡色颗粒状物,症状
间断性发热,症状
要有渗出性炎症、脓肿、坏死溃疡、和肉芽肿等4种类型。曲霉菌病@脓肿中常可见到菌丝。曲霉菌病@HE染色呈蓝色略带红色，PAS染色红色，嗜银染色呈黑色。曲霉菌病@慢性肺曲霉菌病特点为肺组织损伤显著，但曲霉菌成分仅少量，或菌丝发生变型，故称半侵袭性肺曲霉菌病，应注意仔细反复寻找,社会学
多发或单发小炎性结节,症状
病变广泛,症状
ABPA,疾病
空洞,症状
上叶实变伴胸膜肥厚,症状
血清半乳糖甘露聚糖（GM）抗原检测,检查
双肺弥漫性团块影、云絮影，也可为斑片影,症状
皮质类固醇类激素,药物
卡泊芬,药物
ABPA治疗,其他治疗
血清（1-3）-β-D-葡聚糖抗原检测,检查
外科手术切除,手术治疗
SPECT,检查
20～40岁,流行病学
吞咽及呼吸困难,症状
胸腺放射治疗,其他治疗
皮质类固醇,药物
人工呼吸器辅助呼吸,其他治疗
假单胞菌,社会学
卡氏肺囊虫,社会学
气管切开,其他治疗
胸腺切除,手术治疗
解脲支原体,社会学
体温不升,症状
细湿啰音,症状
神萎,症状
不吃,症状
化脓性脑膜炎,疾病
阿米卡星,药物
耐酶青霉素,药物
第一代头孢菌素,药物
供氧,其他治疗
体温低,症状
肺部闻及哮鸣音,症状
维持水、电解质平衡,其他治疗
正压呼吸,其他治疗
气管插管后机械通气,其他治疗
周围血白细胞,检查
大叶实变伴脓胸,症状
0. 5%,流行病学
李斯特菌,社会学
单纯疱疹病毒,社会学
neonatal pneumonia,疾病
20%,流行病学
14. 92%,流行病学
呼吸快,症状
风疹病毒等,社会学
逐渐出现啰音,症状
原虫,社会学
血样、气管分泌物,检查
胃液涂片,检查
抗生素,其他
青霉素,其他
氨苄西林,其他
阿昔洛韦静脉滴注,药物
大剂量青霉素,药物
采用机械呼吸,其他治疗
维持水、电解质和酸碱平衡,其他治疗
加强营养,其他治疗
抗白三烯药物,药物
β2-受体激动剂,药物
